[TensorRT-Cookbook] Version: 1.0.0
[07/22/2026-00:36:54] [TRT] [I] [MemUsageChange] Init CUDA: CPU +56, GPU +0, now: CPU 188, GPU 627 (MiB)
[07/22/2026-00:36:54] [TRT] [V] Trying to load shared library libnvinfer_builder_resource_sm100.so.11.0.0
[07/22/2026-00:36:54] [TRT] [V] Loaded shared library libnvinfer_builder_resource_sm100.so.11.0.0
[07/22/2026-00:36:54] [TRT] [V] CUDA lazy loading is enabled.
[07/22/2026-00:36:54] [TRT] [I] ----------------------------------------------------------------
[07/22/2026-00:36:54] [TRT] [I] Input filename:   /work/trt-samples-for-hackathon-cn/cookbook/00-Data/model/model-trained-sparsity.onnx
[07/22/2026-00:36:54] [TRT] [I] ONNX IR version:  0.0.10
[07/22/2026-00:36:54] [TRT] [I] Opset version:    18
[07/22/2026-00:36:54] [TRT] [I] Producer name:    pytorch
[07/22/2026-00:36:54] [TRT] [I] Producer version: 2.11.0a0+a6c236b9fd.nv26.03.46836102
[07/22/2026-00:36:54] [TRT] [I] Domain:           
[07/22/2026-00:36:54] [TRT] [I] Model version:    0
[07/22/2026-00:36:54] [TRT] [I] Doc string:       
[07/22/2026-00:36:54] [TRT] [I] ----------------------------------------------------------------
[07/22/2026-00:36:54] [TRT] [V] Adding network input: x with dtype: float32, dimensions: (-1, 1, 28, 28)
[07/22/2026-00:36:54] [TRT] [V] Registering tensor: x for ONNX tensor: x
[07/22/2026-00:36:54] [TRT] [V] Importing initializer: conv1.weight
[07/22/2026-00:36:54] [TRT] [V] Importing initializer: conv1.bias
[07/22/2026-00:36:54] [TRT] [V] Importing initializer: conv2.weight
[07/22/2026-00:36:54] [TRT] [V] Importing initializer: conv2.bias
[07/22/2026-00:36:54] [TRT] [V] Importing initializer: gemm1.weight
[07/22/2026-00:36:54] [TRT] [V] Importing initializer: gemm1.bias
[07/22/2026-00:36:54] [TRT] [V] Importing initializer: gemm2.weight
[07/22/2026-00:36:54] [TRT] [V] Importing initializer: gemm2.bias
[07/22/2026-00:36:54] [TRT] [V] Importing initializer: val_5
[07/22/2026-00:36:54] [TRT] [V] Static check for parsing node: node_conv2d [Conv]
[07/22/2026-00:36:54] [TRT] [V] Parsing node: node_conv2d [Conv]
[07/22/2026-00:36:54] [TRT] [V] Searching for input: x
[07/22/2026-00:36:54] [TRT] [V] Searching for input: conv1.weight
[07/22/2026-00:36:54] [TRT] [V] Searching for input: conv1.bias
[07/22/2026-00:36:54] [TRT] [V] node_conv2d [Conv] inputs: [x -> (-1, 1, 28, 28)[FLOAT]], [conv1.weight -> (32, 1, 5, 5)[FLOAT]], [conv1.bias -> (32)[FLOAT]], 
[07/22/2026-00:36:54] [TRT] [V] Convolution input dimensions: (-1, 1, 28, 28)
[07/22/2026-00:36:54] [TRT] [V] Registering layer: node_conv2d for ONNX node: node_conv2d
[07/22/2026-00:36:54] [TRT] [V] Using kernel: (5, 5), strides: (1, 1), prepadding: (2, 2), postpadding: (2, 2), dilations: (1, 1), numOutputs: 32, nbGroups: 1
[07/22/2026-00:36:54] [TRT] [V] Convolution output dimensions: (-1, 32, 28, 28)
[07/22/2026-00:36:54] [TRT] [V] Registering tensor: conv2d for ONNX tensor: conv2d
[07/22/2026-00:36:54] [TRT] [V] node_conv2d [Conv] outputs: [conv2d -> (-1, 32, 28, 28)[FLOAT]], 
[07/22/2026-00:36:54] [TRT] [V] Static check for parsing node: node_relu [Relu]
[07/22/2026-00:36:54] [TRT] [V] Parsing node: node_relu [Relu]
[07/22/2026-00:36:54] [TRT] [V] Searching for input: conv2d
[07/22/2026-00:36:54] [TRT] [V] node_relu [Relu] inputs: [conv2d -> (-1, 32, 28, 28)[FLOAT]], 
[07/22/2026-00:36:54] [TRT] [V] Registering layer: node_relu for ONNX node: node_relu
[07/22/2026-00:36:54] [TRT] [V] Registering tensor: relu for ONNX tensor: relu
[07/22/2026-00:36:54] [TRT] [V] node_relu [Relu] outputs: [relu -> (-1, 32, 28, 28)[FLOAT]], 
[07/22/2026-00:36:54] [TRT] [V] Static check for parsing node: node_max_pool2d [MaxPool]
[07/22/2026-00:36:54] [TRT] [V] Parsing node: node_max_pool2d [MaxPool]
[07/22/2026-00:36:54] [TRT] [V] Searching for input: relu
[07/22/2026-00:36:54] [TRT] [V] node_max_pool2d [MaxPool] inputs: [relu -> (-1, 32, 28, 28)[FLOAT]], 
[07/22/2026-00:36:54] [TRT] [V] Registering layer: node_max_pool2d for ONNX node: node_max_pool2d
[07/22/2026-00:36:54] [TRT] [V] Registering tensor: max_pool2d for ONNX tensor: max_pool2d
[07/22/2026-00:36:54] [TRT] [V] node_max_pool2d [MaxPool] outputs: [max_pool2d -> (-1, 32, 14, 14)[FLOAT]], 
[07/22/2026-00:36:54] [TRT] [V] Static check for parsing node: node_conv2d_1 [Conv]
[07/22/2026-00:36:54] [TRT] [V] Parsing node: node_conv2d_1 [Conv]
[07/22/2026-00:36:54] [TRT] [V] Searching for input: max_pool2d
[07/22/2026-00:36:54] [TRT] [V] Searching for input: conv2.weight
[07/22/2026-00:36:54] [TRT] [V] Searching for input: conv2.bias
[07/22/2026-00:36:54] [TRT] [V] node_conv2d_1 [Conv] inputs: [max_pool2d -> (-1, 32, 14, 14)[FLOAT]], [conv2.weight -> (64, 32, 5, 5)[FLOAT]], [conv2.bias -> (64)[FLOAT]], 
[07/22/2026-00:36:54] [TRT] [V] Convolution input dimensions: (-1, 32, 14, 14)
[07/22/2026-00:36:54] [TRT] [V] Registering layer: node_conv2d_1 for ONNX node: node_conv2d_1
[07/22/2026-00:36:54] [TRT] [V] Using kernel: (5, 5), strides: (1, 1), prepadding: (2, 2), postpadding: (2, 2), dilations: (1, 1), numOutputs: 64, nbGroups: 1
[07/22/2026-00:36:54] [TRT] [V] Convolution output dimensions: (-1, 64, 14, 14)
[07/22/2026-00:36:54] [TRT] [V] Registering tensor: conv2d_1 for ONNX tensor: conv2d_1
[07/22/2026-00:36:54] [TRT] [V] node_conv2d_1 [Conv] outputs: [conv2d_1 -> (-1, 64, 14, 14)[FLOAT]], 
[07/22/2026-00:36:54] [TRT] [V] Static check for parsing node: node_relu_1 [Relu]
[07/22/2026-00:36:54] [TRT] [V] Parsing node: node_relu_1 [Relu]
[07/22/2026-00:36:54] [TRT] [V] Searching for input: conv2d_1
[07/22/2026-00:36:54] [TRT] [V] node_relu_1 [Relu] inputs: [conv2d_1 -> (-1, 64, 14, 14)[FLOAT]], 
[07/22/2026-00:36:54] [TRT] [V] Registering layer: node_relu_1 for ONNX node: node_relu_1
[07/22/2026-00:36:54] [TRT] [V] Registering tensor: relu_1 for ONNX tensor: relu_1
[07/22/2026-00:36:54] [TRT] [V] node_relu_1 [Relu] outputs: [relu_1 -> (-1, 64, 14, 14)[FLOAT]], 
[07/22/2026-00:36:54] [TRT] [V] Static check for parsing node: node_max_pool2d_1 [MaxPool]
[07/22/2026-00:36:54] [TRT] [V] Parsing node: node_max_pool2d_1 [MaxPool]
[07/22/2026-00:36:54] [TRT] [V] Searching for input: relu_1
[07/22/2026-00:36:54] [TRT] [V] node_max_pool2d_1 [MaxPool] inputs: [relu_1 -> (-1, 64, 14, 14)[FLOAT]], 
[07/22/2026-00:36:54] [TRT] [V] Registering layer: node_max_pool2d_1 for ONNX node: node_max_pool2d_1
[07/22/2026-00:36:54] [TRT] [V] Registering tensor: max_pool2d_1 for ONNX tensor: max_pool2d_1
[07/22/2026-00:36:54] [TRT] [V] node_max_pool2d_1 [MaxPool] outputs: [max_pool2d_1 -> (-1, 64, 7, 7)[FLOAT]], 
[07/22/2026-00:36:54] [TRT] [V] Static check for parsing node: node_view [Reshape]
[07/22/2026-00:36:54] [TRT] [V] Parsing node: node_view [Reshape]
[07/22/2026-00:36:54] [TRT] [V] Searching for input: max_pool2d_1
[07/22/2026-00:36:54] [TRT] [V] Searching for input: val_5
[07/22/2026-00:36:54] [TRT] [V] node_view [Reshape] inputs: [max_pool2d_1 -> (-1, 64, 7, 7)[FLOAT]], [val_5 -> (2)[INT64]], 
[07/22/2026-00:36:54] [TRT] [V] Registering layer: ONNXTRT_ShapeShuffle required by ONNX-TRT
[07/22/2026-00:36:54] [TRT] [V] Registering layer: node_view for ONNX node: node_view
[07/22/2026-00:36:54] [TRT] [V] Registering tensor: view for ONNX tensor: view
[07/22/2026-00:36:54] [TRT] [V] node_view [Reshape] outputs: [view -> (-1, 3136)[FLOAT]], 
[07/22/2026-00:36:54] [TRT] [V] Static check for parsing node: node_linear [Gemm]
[07/22/2026-00:36:54] [TRT] [V] Parsing node: node_linear [Gemm]
[07/22/2026-00:36:54] [TRT] [V] Searching for input: view
[07/22/2026-00:36:54] [TRT] [V] Searching for input: gemm1.weight
[07/22/2026-00:36:54] [TRT] [V] Searching for input: gemm1.bias
[07/22/2026-00:36:54] [TRT] [V] node_linear [Gemm] inputs: [view -> (-1, 3136)[FLOAT]], [gemm1.weight -> (1024, 3136)[FLOAT]], [gemm1.bias -> (1024)[FLOAT]], 
[07/22/2026-00:36:54] [TRT] [V] Registering layer: gemm1.weight required by ONNX-TRT
[07/22/2026-00:36:54] [TRT] [V] Using opA: 0 opB: 1
[07/22/2026-00:36:54] [TRT] [V] Registering layer: node_linear for ONNX node: node_linear
[07/22/2026-00:36:54] [TRT] [V] Registering layer: gemm1.bias required by ONNX-TRT
[07/22/2026-00:36:54] [TRT] [V] Registering layer: ONNXTRT_ShapeShuffle_0 required by ONNX-TRT
[07/22/2026-00:36:54] [TRT] [V] Registering layer: ONNXTRT_Broadcast required by ONNX-TRT
[07/22/2026-00:36:54] [TRT] [V] Registering layer: node_linear_1 for ONNX node: node_linear
[07/22/2026-00:36:54] [TRT] [V] Registering tensor: linear for ONNX tensor: linear
[07/22/2026-00:36:54] [TRT] [V] node_linear [Gemm] outputs: [linear -> (-1, 1024)[FLOAT]], 
[07/22/2026-00:36:54] [TRT] [V] Static check for parsing node: node_relu_2 [Relu]
[07/22/2026-00:36:54] [TRT] [V] Parsing node: node_relu_2 [Relu]
[07/22/2026-00:36:54] [TRT] [V] Searching for input: linear
[07/22/2026-00:36:54] [TRT] [V] node_relu_2 [Relu] inputs: [linear -> (-1, 1024)[FLOAT]], 
[07/22/2026-00:36:54] [TRT] [V] Registering layer: node_relu_2 for ONNX node: node_relu_2
[07/22/2026-00:36:54] [TRT] [V] Registering tensor: relu_2 for ONNX tensor: relu_2
[07/22/2026-00:36:54] [TRT] [V] node_relu_2 [Relu] outputs: [relu_2 -> (-1, 1024)[FLOAT]], 
[07/22/2026-00:36:54] [TRT] [V] Static check for parsing node: node_linear_1 [Gemm]
[07/22/2026-00:36:54] [TRT] [V] Parsing node: node_linear_1 [Gemm]
[07/22/2026-00:36:54] [TRT] [V] Searching for input: relu_2
[07/22/2026-00:36:54] [TRT] [V] Searching for input: gemm2.weight
[07/22/2026-00:36:54] [TRT] [V] Searching for input: gemm2.bias
[07/22/2026-00:36:54] [TRT] [V] node_linear_1 [Gemm] inputs: [relu_2 -> (-1, 1024)[FLOAT]], [gemm2.weight -> (10, 1024)[FLOAT]], [gemm2.bias -> (10)[FLOAT]], 
[07/22/2026-00:36:54] [TRT] [V] Registering layer: gemm2.weight required by ONNX-TRT
[07/22/2026-00:36:54] [TRT] [V] Using opA: 0 opB: 1
[07/22/2026-00:36:54] [TRT] [V] Registering layer: node_linear_1_2 for ONNX node: node_linear_1
[07/22/2026-00:36:54] [TRT] [V] Registering layer: gemm2.bias required by ONNX-TRT
[07/22/2026-00:36:54] [TRT] [V] Registering layer: ONNXTRT_ShapeShuffle_3 required by ONNX-TRT
[07/22/2026-00:36:54] [TRT] [V] Registering layer: ONNXTRT_Broadcast_4 required by ONNX-TRT
[07/22/2026-00:36:54] [TRT] [V] Registering layer: node_linear_1_5 for ONNX node: node_linear_1
[07/22/2026-00:36:54] [TRT] [V] Registering tensor: y_6 for ONNX tensor: y
[07/22/2026-00:36:54] [TRT] [V] node_linear_1 [Gemm] outputs: [y -> (-1, 10)[FLOAT]], 
[07/22/2026-00:36:54] [TRT] [V] Static check for parsing node: node_softmax [Softmax]
[07/22/2026-00:36:54] [TRT] [V] Parsing node: node_softmax [Softmax]
[07/22/2026-00:36:54] [TRT] [V] Searching for input: y
[07/22/2026-00:36:54] [TRT] [V] node_softmax [Softmax] inputs: [y -> (-1, 10)[FLOAT]], 
[07/22/2026-00:36:54] [TRT] [V] Registering layer: node_softmax for ONNX node: node_softmax
[07/22/2026-00:36:54] [TRT] [V] Registering layer: ONNXTRT_ShapeTensor required by ONNX-TRT
[07/22/2026-00:36:54] [TRT] [V] Registering layer: ONNXTRT_castHelper required by ONNX-TRT
[07/22/2026-00:36:54] [TRT] [V] Registering layer: ONNXTRT_ShapeShuffle_7 required by ONNX-TRT
[07/22/2026-00:36:54] [TRT] [V] Registering tensor: softmax for ONNX tensor: softmax
[07/22/2026-00:36:54] [TRT] [V] node_softmax [Softmax] outputs: [softmax -> (-1, 10)[FLOAT]], 
[07/22/2026-00:36:54] [TRT] [V] Static check for parsing node: node_argmax [ArgMax]
[07/22/2026-00:36:54] [TRT] [V] Parsing node: node_argmax [ArgMax]
[07/22/2026-00:36:54] [TRT] [V] Searching for input: softmax
[07/22/2026-00:36:54] [TRT] [V] node_argmax [ArgMax] inputs: [softmax -> (-1, 10)[FLOAT]], 
[07/22/2026-00:36:54] [TRT] [V] Registering layer: node_argmax for ONNX node: node_argmax
[07/22/2026-00:36:54] [TRT] [V] Registering layer: ONNXTRT_castHelper_8 required by ONNX-TRT
[07/22/2026-00:36:54] [TRT] [V] Original shape: (_, 1), squeezing to: (_,)
[07/22/2026-00:36:54] [TRT] [V] Registering layer: ONNXTRT_squeezeTensor required by ONNX-TRT
[07/22/2026-00:36:54] [TRT] [V] Registering layer: ONNXTRT_castHelper_9 required by ONNX-TRT
[07/22/2026-00:36:54] [TRT] [V] Registering tensor: z_10 for ONNX tensor: z
[07/22/2026-00:36:54] [TRT] [V] node_argmax [ArgMax] outputs: [z -> (-1)[INT64]], 
[07/22/2026-00:36:54] [TRT] [V] Marking y_6 as output: y
[07/22/2026-00:36:54] [TRT] [V] Marking z_10 as output: z
[07/22/2026-00:36:54] [TRT] [W] ModelImporter.cpp:1047: Make sure output z has Int64 binding.
[07/22/2026-00:36:54] [TRT] [V] Compiler backend convergence mode enabled
[07/22/2026-00:36:54] [TRT] [I] [MemUsageChange] Init builder kernel library: CPU +321, GPU +8, now: CPU 720, GPU 635 (MiB)
[07/22/2026-00:36:54] [TRT] [V] Original: 24 layers
[07/22/2026-00:36:54] [TRT] [V] After dead-layer removal: 24 layers
[07/22/2026-00:36:54] [TRT] [V] SYMBOLIC CHECKS
[07/22/2026-00:36:54] [TRT] [V] GRAPH NODES
[07/22/2026-00:36:54] [TRT] [V] CONSTANT gemm1.weight
[07/22/2026-00:36:54] [TRT] [V]     Output 0
[07/22/2026-00:36:54] [TRT] [V]         1024	1024
[07/22/2026-00:36:54] [TRT] [V]         3136	3136
[07/22/2026-00:36:54] [TRT] [V] CONSTANT gemm1.bias
[07/22/2026-00:36:54] [TRT] [V]     Output 0
[07/22/2026-00:36:54] [TRT] [V]         1024	1024
[07/22/2026-00:36:54] [TRT] [V] CONSTANT gemm2.weight
[07/22/2026-00:36:54] [TRT] [V]     Output 0
[07/22/2026-00:36:54] [TRT] [V]         10	10
[07/22/2026-00:36:54] [TRT] [V]         1024	1024
[07/22/2026-00:36:54] [TRT] [V] CONSTANT gemm2.bias
[07/22/2026-00:36:54] [TRT] [V]     Output 0
[07/22/2026-00:36:54] [TRT] [V]         10	10
[07/22/2026-00:36:54] [TRT] [V] CONVOLUTION node_conv2d
[07/22/2026-00:36:54] [TRT] [V]     Input 0
[07/22/2026-00:36:54] [TRT] [V]         1	1
[07/22/2026-00:36:54] [TRT] [V]         1	1
[07/22/2026-00:36:54] [TRT] [V]         28	28
[07/22/2026-00:36:54] [TRT] [V]         28	28
[07/22/2026-00:36:54] [TRT] [V]     Output 0
[07/22/2026-00:36:54] [TRT] [V]         1	1
[07/22/2026-00:36:54] [TRT] [V]         32	32
[07/22/2026-00:36:54] [TRT] [V]         28	28
[07/22/2026-00:36:54] [TRT] [V]         28	28
[07/22/2026-00:36:54] [TRT] [V] SHUFFLE ONNXTRT_Broadcast
[07/22/2026-00:36:54] [TRT] [V]     Input 0
[07/22/2026-00:36:54] [TRT] [V]         1024	1024
[07/22/2026-00:36:54] [TRT] [V]     Output 0
[07/22/2026-00:36:54] [TRT] [V]         1	1
[07/22/2026-00:36:54] [TRT] [V]         1024	1024
[07/22/2026-00:36:54] [TRT] [V] SHUFFLE ONNXTRT_Broadcast_4
[07/22/2026-00:36:54] [TRT] [V]     Input 0
[07/22/2026-00:36:54] [TRT] [V]         10	10
[07/22/2026-00:36:54] [TRT] [V]     Output 0
[07/22/2026-00:36:54] [TRT] [V]         1	1
[07/22/2026-00:36:54] [TRT] [V]         10	10
[07/22/2026-00:36:54] [TRT] [V] ACTIVATION node_relu
[07/22/2026-00:36:54] [TRT] [V]     Input 0
[07/22/2026-00:36:54] [TRT] [V]         1	1
[07/22/2026-00:36:54] [TRT] [V]         32	32
[07/22/2026-00:36:54] [TRT] [V]         28	28
[07/22/2026-00:36:54] [TRT] [V]         28	28
[07/22/2026-00:36:54] [TRT] [V]     Output 0
[07/22/2026-00:36:54] [TRT] [V]         1	1
[07/22/2026-00:36:54] [TRT] [V]         32	32
[07/22/2026-00:36:54] [TRT] [V]         28	28
[07/22/2026-00:36:54] [TRT] [V]         28	28
[07/22/2026-00:36:54] [TRT] [V] POOLING node_max_pool2d
[07/22/2026-00:36:54] [TRT] [V]     Input 0
[07/22/2026-00:36:54] [TRT] [V]         1	1
[07/22/2026-00:36:54] [TRT] [V]         32	32
[07/22/2026-00:36:54] [TRT] [V]         28	28
[07/22/2026-00:36:54] [TRT] [V]         28	28
[07/22/2026-00:36:54] [TRT] [V]     Output 0
[07/22/2026-00:36:54] [TRT] [V]         1	1
[07/22/2026-00:36:54] [TRT] [V]         32	32
[07/22/2026-00:36:54] [TRT] [V]         14	14
[07/22/2026-00:36:54] [TRT] [V]         14	14
[07/22/2026-00:36:54] [TRT] [V] CONVOLUTION node_conv2d_1
[07/22/2026-00:36:54] [TRT] [V]     Input 0
[07/22/2026-00:36:54] [TRT] [V]         1	1
[07/22/2026-00:36:54] [TRT] [V]         32	32
[07/22/2026-00:36:54] [TRT] [V]         14	14
[07/22/2026-00:36:54] [TRT] [V]         14	14
[07/22/2026-00:36:54] [TRT] [V]     Output 0
[07/22/2026-00:36:54] [TRT] [V]         1	1
[07/22/2026-00:36:54] [TRT] [V]         64	64
[07/22/2026-00:36:54] [TRT] [V]         14	14
[07/22/2026-00:36:54] [TRT] [V]         14	14
[07/22/2026-00:36:54] [TRT] [V] ACTIVATION node_relu_1
[07/22/2026-00:36:54] [TRT] [V]     Input 0
[07/22/2026-00:36:54] [TRT] [V]         1	1
[07/22/2026-00:36:54] [TRT] [V]         64	64
[07/22/2026-00:36:54] [TRT] [V]         14	14
[07/22/2026-00:36:54] [TRT] [V]         14	14
[07/22/2026-00:36:54] [TRT] [V]     Output 0
[07/22/2026-00:36:54] [TRT] [V]         1	1
[07/22/2026-00:36:54] [TRT] [V]         64	64
[07/22/2026-00:36:54] [TRT] [V]         14	14
[07/22/2026-00:36:54] [TRT] [V]         14	14
[07/22/2026-00:36:54] [TRT] [V] POOLING node_max_pool2d_1
[07/22/2026-00:36:54] [TRT] [V]     Input 0
[07/22/2026-00:36:54] [TRT] [V]         1	1
[07/22/2026-00:36:54] [TRT] [V]         64	64
[07/22/2026-00:36:54] [TRT] [V]         14	14
[07/22/2026-00:36:54] [TRT] [V]         14	14
[07/22/2026-00:36:54] [TRT] [V]     Output 0
[07/22/2026-00:36:54] [TRT] [V]         1	1
[07/22/2026-00:36:54] [TRT] [V]         64	64
[07/22/2026-00:36:54] [TRT] [V]         7	7
[07/22/2026-00:36:54] [TRT] [V]         7	7
[07/22/2026-00:36:54] [TRT] [V] SHUFFLE node_view
[07/22/2026-00:36:54] [TRT] [V]     Input 0
[07/22/2026-00:36:54] [TRT] [V]         1	1
[07/22/2026-00:36:54] [TRT] [V]         64	64
[07/22/2026-00:36:54] [TRT] [V]         7	7
[07/22/2026-00:36:54] [TRT] [V]         7	7
[07/22/2026-00:36:54] [TRT] [V]     Output 0
[07/22/2026-00:36:54] [TRT] [V]         1	1
[07/22/2026-00:36:54] [TRT] [V]         3136	3136
[07/22/2026-00:36:54] [TRT] [V] MATRIX_MULTIPLY node_linear
[07/22/2026-00:36:54] [TRT] [V]     Input 0
[07/22/2026-00:36:54] [TRT] [V]         1	1
[07/22/2026-00:36:54] [TRT] [V]         3136	3136
[07/22/2026-00:36:54] [TRT] [V]     Input 1
[07/22/2026-00:36:54] [TRT] [V]         1024	1024
[07/22/2026-00:36:54] [TRT] [V]         3136	3136
[07/22/2026-00:36:54] [TRT] [V]     Output 0
[07/22/2026-00:36:54] [TRT] [V]         1	1
[07/22/2026-00:36:54] [TRT] [V]         1024	1024
[07/22/2026-00:36:54] [TRT] [V] ELEMENTWISE node_linear_1
[07/22/2026-00:36:54] [TRT] [V]     Input 0
[07/22/2026-00:36:54] [TRT] [V]         1	1
[07/22/2026-00:36:54] [TRT] [V]         1024	1024
[07/22/2026-00:36:54] [TRT] [V]     Input 1
[07/22/2026-00:36:54] [TRT] [V]         1	1
[07/22/2026-00:36:54] [TRT] [V]         1024	1024
[07/22/2026-00:36:54] [TRT] [V]     Output 0
[07/22/2026-00:36:54] [TRT] [V]         1	1
[07/22/2026-00:36:54] [TRT] [V]         1024	1024
[07/22/2026-00:36:54] [TRT] [V] ACTIVATION node_relu_2
[07/22/2026-00:36:54] [TRT] [V]     Input 0
[07/22/2026-00:36:54] [TRT] [V]         1	1
[07/22/2026-00:36:54] [TRT] [V]         1024	1024
[07/22/2026-00:36:54] [TRT] [V]     Output 0
[07/22/2026-00:36:54] [TRT] [V]         1	1
[07/22/2026-00:36:54] [TRT] [V]         1024	1024
[07/22/2026-00:36:54] [TRT] [V] MATRIX_MULTIPLY node_linear_1_2
[07/22/2026-00:36:54] [TRT] [V]     Input 0
[07/22/2026-00:36:54] [TRT] [V]         1	1
[07/22/2026-00:36:54] [TRT] [V]         1024	1024
[07/22/2026-00:36:54] [TRT] [V]     Input 1
[07/22/2026-00:36:54] [TRT] [V]         10	10
[07/22/2026-00:36:54] [TRT] [V]         1024	1024
[07/22/2026-00:36:54] [TRT] [V]     Output 0
[07/22/2026-00:36:54] [TRT] [V]         1	1
[07/22/2026-00:36:54] [TRT] [V]         10	10
[07/22/2026-00:36:54] [TRT] [V] ELEMENTWISE node_linear_1_5
[07/22/2026-00:36:54] [TRT] [V]     Input 0
[07/22/2026-00:36:54] [TRT] [V]         1	1
[07/22/2026-00:36:54] [TRT] [V]         10	10
[07/22/2026-00:36:54] [TRT] [V]     Input 1
[07/22/2026-00:36:54] [TRT] [V]         1	1
[07/22/2026-00:36:54] [TRT] [V]         10	10
[07/22/2026-00:36:54] [TRT] [V]     Output 0
[07/22/2026-00:36:54] [TRT] [V]         1	1
[07/22/2026-00:36:54] [TRT] [V]         10	10
[07/22/2026-00:36:54] [TRT] [V] SOFTMAX node_softmax
[07/22/2026-00:36:54] [TRT] [V]     Input 0
[07/22/2026-00:36:54] [TRT] [V]         1	1
[07/22/2026-00:36:54] [TRT] [V]         10	10
[07/22/2026-00:36:54] [TRT] [V]     Output 0
[07/22/2026-00:36:54] [TRT] [V]         1	1
[07/22/2026-00:36:54] [TRT] [V]         10	10
[07/22/2026-00:36:54] [TRT] [V] SHUFFLE ONNXTRT_ShapeShuffle_7
[07/22/2026-00:36:54] [TRT] [V]     Input 0
[07/22/2026-00:36:54] [TRT] [V]         1	1
[07/22/2026-00:36:54] [TRT] [V]         10	10
[07/22/2026-00:36:54] [TRT] [V]     Output 0
[07/22/2026-00:36:54] [TRT] [V]         1	1
[07/22/2026-00:36:54] [TRT] [V]         10	10
[07/22/2026-00:36:54] [TRT] [V] TOPK node_argmax
[07/22/2026-00:36:54] [TRT] [V]     Input 0
[07/22/2026-00:36:54] [TRT] [V]         1	1
[07/22/2026-00:36:54] [TRT] [V]         10	10
[07/22/2026-00:36:54] [TRT] [V]     Output 0
[07/22/2026-00:36:54] [TRT] [V]         1	1
[07/22/2026-00:36:54] [TRT] [V]         1	1
[07/22/2026-00:36:54] [TRT] [V]     Output 1
[07/22/2026-00:36:54] [TRT] [V]         1	1
[07/22/2026-00:36:54] [TRT] [V]         1	1
[07/22/2026-00:36:54] [TRT] [V] CAST ONNXTRT_castHelper_8
[07/22/2026-00:36:54] [TRT] [V]     Input 0
[07/22/2026-00:36:54] [TRT] [V]         1	1
[07/22/2026-00:36:54] [TRT] [V]         1	1
[07/22/2026-00:36:54] [TRT] [V]     Output 0
[07/22/2026-00:36:54] [TRT] [V]         1	1
[07/22/2026-00:36:54] [TRT] [V]         1	1
[07/22/2026-00:36:54] [TRT] [V] SHUFFLE ONNXTRT_squeezeTensor
[07/22/2026-00:36:54] [TRT] [V]     Input 0
[07/22/2026-00:36:54] [TRT] [V]         1	1
[07/22/2026-00:36:54] [TRT] [V]         1	1
[07/22/2026-00:36:54] [TRT] [V]     Output 0
[07/22/2026-00:36:54] [TRT] [V]         1	1
[07/22/2026-00:36:54] [TRT] [V] CAST ONNXTRT_castHelper_9
[07/22/2026-00:36:54] [TRT] [V]     Input 0
[07/22/2026-00:36:54] [TRT] [V]         1	1
[07/22/2026-00:36:54] [TRT] [V]     Output 0
[07/22/2026-00:36:54] [TRT] [V]         1	1
[07/22/2026-00:36:54] [TRT] [V] Graph construction completed in 0.000798026 seconds.
[07/22/2026-00:36:54] [TRT] [V] After adding DebugOutput nodes: 24 layers
[07/22/2026-00:36:54] [TRT] [V] Running: ConstShuffleFusion on gemm1.bias
[07/22/2026-00:36:54] [TRT] [V] ConstShuffleFusion: Fusing gemm1.bias with ONNXTRT_Broadcast
[07/22/2026-00:36:54] [TRT] [V] Running: ConstShuffleFusion on gemm2.bias
[07/22/2026-00:36:54] [TRT] [V] ConstShuffleFusion: Fusing gemm2.bias with ONNXTRT_Broadcast_4
[07/22/2026-00:36:54] [TRT] [V] Running: ShuffleErasure on ONNXTRT_ShapeShuffle_7
[07/22/2026-00:36:54] [TRT] [V] Removing ONNXTRT_ShapeShuffle_7
[07/22/2026-00:36:54] [TRT] [V] After Myelin optimization: 1 layers
[07/22/2026-00:36:54] [TRT] [V] Applying ScaleNodes fusions.
[07/22/2026-00:36:54] [TRT] [V] After scale fusion: 1 layers
[07/22/2026-00:36:54] [TRT] [V] After dupe layer removal: 1 layers
[07/22/2026-00:36:54] [TRT] [V] After final dead-layer removal: 1 layers
[07/22/2026-00:36:54] [TRT] [V] After tensor merging: 1 layers
[07/22/2026-00:36:54] [TRT] [V] After vertical fusions: 1 layers
[07/22/2026-00:36:54] [TRT] [V] After dupe layer removal: 1 layers
[07/22/2026-00:36:54] [TRT] [V] After final dead-layer removal: 1 layers
[07/22/2026-00:36:54] [TRT] [V] After tensor merging: 1 layers
[07/22/2026-00:36:54] [TRT] [V] After slice removal: 1 layers
[07/22/2026-00:36:54] [TRT] [V] After concat removal: 1 layers
[07/22/2026-00:36:54] [TRT] [V] Trying to split Reshape and strided tensor
[07/22/2026-00:36:54] [TRT] [V] Graph optimization time: 0.00489987 seconds.
[07/22/2026-00:36:54] [TRT] [V] Building graph using backend strategy 2
[07/22/2026-00:36:54] [TRT] [I] Local timing cache in use. Profiling results in this builder pass will not be stored.
[07/22/2026-00:36:54] [TRT] [V] Constructing optimization profile number 0 [1/1].
[07/22/2026-00:36:54] [TRT] [V] Applying generic optimizations to the graph for inference.
[07/22/2026-00:36:54] [TRT] [V] Reserving memory for host IO tensors. Host: 0 bytes
[07/22/2026-00:36:54] [TRT] [V] =============== Computing costs for {ForeignNode[node_conv2d...ONNXTRT_castHelper_9]}
[07/22/2026-00:36:54] [TRT] [V] ForeignNode {ForeignNode[node_conv2d...ONNXTRT_castHelper_9]} metadata: [ONNX Layer: node_conv2d][ONNX Layer: node_relu][ONNX Layer: node_max_pool2d][ONNX Layer: node_conv2d_1][ONNX Layer: node_relu_1][ONNX Layer: node_max_pool2d_1][ONNX Layer: node_view][ONNX Layer: node_linear][ONNX Layer: node_relu_2][ONNX Layer: node_linear_1][ONNX Layer: node_softmax][ONNX Layer: node_argmax]
[07/22/2026-00:36:54] [TRT] [V] *************** Autotuning format combination: Float(784,784,28,1) -> Float(10,1), Int64(1) ***************
[07/22/2026-00:36:54] [TRT] [V] --------------- Timing Runner: {ForeignNode[node_conv2d...ONNXTRT_castHelper_9]} (Myelin[0x80000023])
[07/22/2026-00:36:54] [TRT] [I] Compiler backend is used during engine build.
[07/22/2026-00:37:00] [TRT] [V]  (foreignNode) Set user's cuda kernel library
[07/22/2026-00:37:00] [TRT] [V]  (foreignNode) Using legacy CPU-only mode.
[07/22/2026-00:37:00] [TRT] [V]  (foreignNode) Autotuning op node_conv2d: [ONNX Layer: node_conv2d][ONNX Layer: node_relu]
[07/22/2026-00:37:00] [TRT] [V]  (foreignNode) Sorted table of all evaluated tactics:
[07/22/2026-00:37:00] [TRT] [V]  (foreignNode) tactic_id, cost(in ms), cost/fastest_cost, prediction_correlation, kernel_name, tactic_hash, tunable_parameter, conv_w2c_input_fold
[07/22/2026-00:37:00] [TRT] [V]  (foreignNode)   70, 0.0037824, 1.00000, 2.70115, sm80_xmma_fprop_implicit_gemm_indexed_wo_smem_f32f32_tf32f32_f32_nhwckrsc_nhwc_tilesize128x16x32_stage1_warpsize4x1x1_g1_tensor16x8x8_aligna4_alignc8, 0x3761468770eaa, , 0
[07/22/2026-00:37:00] [TRT] [V]  (foreignNode)   71, 0.0039936, 1.05584, 2.57186, sm80_xmma_fprop_implicit_gemm_indexed_wo_smem_f32f32_tf32f32_f32_nhwckrsc_nhwc_tilesize128x16x32_stage1_warpsize4x1x1_g1_tensor16x8x8_aligna4_alignc4, 0x4c58aaf0d602f, , 0
[07/22/2026-00:37:00] [TRT] [V]  (foreignNode)   51, 0.0044032, 1.16413, 2.08356, sm80_xmma_fprop_implicit_gemm_indexed_wo_smem_f32f32_tf32f32_f32_nhwckrsc_nhwc_tilesize128x32x16_stage1_warpsize4x1x1_g1_tensor16x8x8_aligna4_alignc8, 0x2d08ffa67efd7, , 0
[07/22/2026-00:37:00] [TRT] [V]  (foreignNode)   16, 0.0046048, 1.21743, 1.34889, sm80_xmma_fprop_implicit_gemm_indexed_wo_smem_f32f32_tf32f32_f32_nhwckrsc_nhwc_tilesize128x16x64_stage1_warpsize4x1x1_g1_tensor16x8x8, 0x57e1e1d88fb53, , 0
[07/22/2026-00:37:00] [TRT] [V]  (foreignNode)   74, 0.0046080, 1.21827, 2.27507, sm80_xmma_fprop_implicit_gemm_indexed_wo_smem_f32f32_tf32f32_f32_nhwckrsc_nhwc_tilesize128x32x16_stage1_warpsize4x1x1_g1_tensor16x8x8_aligna4, 0x3c9576a3a93f1, , 0
[07/22/2026-00:37:00] [TRT] [V]  (foreignNode)   88, 0.0046080, 1.21827, 2.33232, sm80_xmma_fprop_implicit_gemm_indexed_wo_smem_f32f32_tf32f32_f32_nhwckrsc_nhwc_tilesize128x16x32_stage1_warpsize4x1x1_g1_tensor16x8x8_aligna4, 0x4cc193028e8fa, , 0
[07/22/2026-00:37:00] [TRT] [V]  (foreignNode)   19, 0.0048160, 1.27327, 1.37521, sm80_xmma_fprop_implicit_gemm_indexed_wo_smem_f32f32_tf32f32_f32_nhwckrsc_nhwc_tilesize128x16x64_stage1_warpsize4x1x1_g1_tensor16x8x8_alignc4, 0x431615110015a, , 0
[07/22/2026-00:37:00] [TRT] [V]  (foreignNode)   54, 0.0048256, 1.27580, 1.95206, sm80_xmma_fprop_implicit_gemm_indexed_wo_smem_f32f32_tf32f32_f32_nhwckrsc_nhwc_tilesize128x32x16_stage1_warpsize4x1x1_g1_tensor16x8x8_aligna4_alignc4, 0x39d4070a5549c, , 0
[07/22/2026-00:37:00] [TRT] [V]  (foreignNode)   23, 0.0052224, 1.38071, 1.43284, sm80_xmma_fprop_implicit_gemm_indexed_wo_smem_f32f32_tf32f32_f32_nhwckrsc_nhwc_tilesize128x32x64_stage1_warpsize4x1x1_g1_tensor16x8x8, 0x56165e2317222, , 0
[07/22/2026-00:37:00] [TRT] [V]  (foreignNode)   87, 0.0052224, 1.38071, 2.04819, sm80_xmma_fprop_implicit_gemm_indexed_wo_smem_f32f32_tf32f32_f32_nhwckrsc_nhwc_tilesize128x16x64_stage1_warpsize4x1x1_g1_tensor16x8x8_aligna4_alignc8, 0x31a2f04be6b8e, , 0
[07/22/2026-00:37:00] [TRT] [V]  (foreignNode)   38, 0.0054368, 1.43739, 1.49047, sm80_xmma_fprop_implicit_gemm_indexed_wo_smem_f32f32_tf32f32_f32_nhwckrsc_nhwc_tilesize128x32x64_stage1_warpsize4x1x1_g1_tensor16x8x8_alignc8, 0x4e63e66eac5a8, , 0
[07/22/2026-00:37:00] [TRT] [V]  (foreignNode)   41, 0.0056352, 1.48985, 1.46204, sm80_xmma_fprop_implicit_gemm_indexed_wo_smem_f32f32_tf32f32_f32_nhwckrsc_nhwc_tilesize128x32x64_stage1_warpsize4x1x1_g1_tensor16x8x8_alignc4, 0x48cfdb38aea5b, , 0
[07/22/2026-00:37:00] [TRT] [V]  (foreignNode)   39, 0.0056416, 1.49154, 1.45139, sm80_xmma_fprop_implicit_gemm_indexed_wo_smem_f32f32_tf32f32_f32_nhwckrsc_nhwc_tilesize128x16x64_stage1_warpsize4x1x1_g1_tensor16x8x8_alignc8, 0x54d06e0273c90, , 0
[07/22/2026-00:37:00] [TRT] [V]  (foreignNode)   32, 0.0058368, 1.54315, 1.33028, sm80_xmma_fprop_implicit_gemm_indexed_wo_smem_f32f32_tf32f32_f32_nhwckrsc_nhwc_tilesize128x32x64_stage1_warpsize4x1x1_g1_tensor16x8x8_aligna8, 0x4e78a82baa024, , 0
[07/22/2026-00:37:00] [TRT] [V]  (foreignNode)   48, 0.0060384, 1.59645, 1.47497, sm80_xmma_fprop_implicit_gemm_indexed_wo_smem_f32f32_tf32f32_f32_nhwckrsc_nhwc_tilesize128x16x32_stage1_warpsize4x1x1_g1_tensor16x8x8_aligna8_alignc8, 0x2d2c3e5bf28d4, , 0
[07/22/2026-00:37:00] [TRT] [V]  (foreignNode)   37, 0.0060416, 1.59729, 1.33330, sm80_xmma_fprop_implicit_gemm_indexed_wo_smem_f32f32_tf32f32_f32_nhwckrsc_nhwc_tilesize128x32x64_stage1_warpsize4x1x1_g1_tensor16x8x8_aligna8_alignc4, 0x5523a0a047d3e, , 0
[07/22/2026-00:37:00] [TRT] [V]  (foreignNode)   47, 0.0060416, 1.59729, 1.46957, sm80_xmma_fprop_implicit_gemm_indexed_wo_smem_f32f32_tf32f32_f32_nhwckrsc_nhwc_tilesize128x16x32_stage1_warpsize4x1x1_g1_tensor16x8x8_aligna8, 0x5b05a6944747f, , 0
[07/22/2026-00:37:00] [TRT] [V]  (foreignNode)   45, 0.0062432, 1.65059, 1.34224, sm80_xmma_fprop_implicit_gemm_indexed_wo_smem_f32f32_tf32f32_f32_nhwckrsc_nhwc_tilesize128x16x32_stage1_warpsize4x1x1_g1_tensor16x8x8_alignc4, 0x371207340d481, , 0
[07/22/2026-00:37:00] [TRT] [V]  (foreignNode)   42, 0.0062496, 1.65228, 1.32880, sm80_xmma_fprop_implicit_gemm_indexed_wo_smem_f32f32_tf32f32_f32_nhwckrsc_nhwc_tilesize128x16x32_stage1_warpsize4x1x1_g1_tensor16x8x8_alignc8, 0x4841188df08dc, , 0
[07/22/2026-00:37:00] [TRT] [V]  (foreignNode)   43, 0.0062624, 1.65567, 1.32725, sm80_xmma_fprop_implicit_gemm_indexed_wo_smem_f32f32_tf32f32_f32_nhwckrsc_nhwc_tilesize128x16x32_stage1_warpsize4x1x1_g1_tensor16x8x8, 0x550f12d6df208, , 0
[07/22/2026-00:37:00] [TRT] [V]  (foreignNode)   49, 0.0064576, 1.70728, 1.38220, sm80_xmma_fprop_implicit_gemm_indexed_wo_smem_f32f32_tf32f32_f32_nhwckrsc_nhwc_tilesize128x16x64_stage1_warpsize4x1x1_g1_tensor16x8x8_aligna8, 0x5b1c745c659cc, , 0
[07/22/2026-00:37:00] [TRT] [V]  (foreignNode)   50, 0.0064640, 1.70897, 1.39483, sm80_xmma_fprop_implicit_gemm_indexed_wo_smem_f32f32_tf32f32_f32_nhwckrsc_nhwc_tilesize128x16x64_stage1_warpsize4x1x1_g1_tensor16x8x8_aligna8_alignc4, 0x30b552af26801, , 0
[07/22/2026-00:37:00] [TRT] [V]  (foreignNode)   13, 0.0072192, 1.90863, 0.78141, sm80_xmma_fprop_implicit_gemm_f32f32_f32f32_f32_nchwkcrs_nchw_tilesize32x32x8_stage3_warpsize1x2x1_g1_ffma_aligna4_alignc4, 0x36aa90237d1bf, , 0
[07/22/2026-00:37:00] [TRT] [V]  (foreignNode)   85, 0.0072608, 1.91963, 1.46321, sm80_xmma_fprop_implicit_gemm_indexed_wo_smem_f32f32_tf32f32_f32_nhwckrsc_nhwc_tilesize128x32x16_stage1_warpsize4x1x1_g1_tensor16x8x8_aligna8, 0x426057f5495b0, , 0
[07/22/2026-00:37:00] [TRT] [V]  (foreignNode)   90, 0.0072704, 1.92217, 1.50872, sm80_xmma_fprop_implicit_gemm_indexed_wo_smem_f32f32_tf32f32_f32_nhwckrsc_nhwc_tilesize128x32x16_stage1_warpsize4x1x1_g1_tensor16x8x8_alignc8, 0x3edd8a7eebdc6, , 0
[07/22/2026-00:37:00] [TRT] [V]  (foreignNode)   75, 0.0072736, 1.92301, 1.44813, sm80_xmma_fprop_implicit_gemm_indexed_wo_smem_f32f32_tf32f32_f32_nhwckrsc_nhwc_tilesize128x32x16_stage1_warpsize4x1x1_g1_tensor16x8x8_aligna8_alignc8, 0x5cce04cbbcfee, , 0
[07/22/2026-00:37:00] [TRT] [V]  (foreignNode)   91, 0.0072736, 1.92301, 1.51326, sm80_xmma_fprop_implicit_gemm_indexed_wo_smem_f32f32_tf32f32_f32_nhwckrsc_nhwc_tilesize128x32x16_stage1_warpsize4x1x1_g1_tensor16x8x8, 0x3df392ad4faca, , 0
[07/22/2026-00:37:00] [TRT] [V]  (foreignNode)   72, 0.0074752, 1.97631, 1.38045, cutlass3x_sm100_tensorop_s64x128x8tf32implicit_gemm_fprop_f32_f32_f32_f32_f32_f32_64x128x32_dyn_cga_ndhwc_ndhwc_ndhwc_align4_1sm_relu_valpha_vbeta, 0x6344caa8965e7, cga={2 4 4 1 2 1 1} , 1
[07/22/2026-00:37:00] [TRT] [V]  (foreignNode)   92, 0.0074752, 1.97631, 1.49411, sm80_xmma_fprop_implicit_gemm_indexed_wo_smem_f32f32_tf32f32_f32_nhwckrsc_nhwc_tilesize128x32x16_stage1_warpsize4x1x1_g1_tensor16x8x8_alignc4, 0x2ebc48a3f35f1, , 0
[07/22/2026-00:37:00] [TRT] [V]  (foreignNode)   25, 0.0074784, 1.97716, 1.01744, cutlass3x_sm100_tensorop_s128x128x8tf32implicit_gemm_fprop_f32_f32_f32_f32_f32_f32_128x128x32_dyn_cga_ndhwc_ndhwc_ndhwc_align4_2sm_relu_valpha_vbeta, 0x464072d520c70, cga={2 8 1 1 2 1 1} , 1
[07/22/2026-00:37:00] [TRT] [V]  (foreignNode)   97, 0.0076768, 2.02961, 1.45881, cutlass3x_sm100_tensorop_s128x256x8tf32implicit_gemm_fprop_f32_f32_f32_f32_f32_f32_128x256x32_dyn_cga_ndhwc_ndhwc_ndhwc_align4_2sm_relu_valpha_vbeta, 0x5ae75e9f51f76, cga={2 8 2 1 2 1 1} , 1
[07/22/2026-00:37:00] [TRT] [V]  (foreignNode)   93, 0.0076800, 2.03046, 1.45617, cutlass3x_sm100_tensorop_s128x256x8tf32implicit_gemm_fprop_f32_f32_f32_f32_f32_f32_128x256x32_dyn_cga_ndhwc_ndhwc_ndhwc_align4_2sm_relu_valpha_vbeta, 0x42ea13625fe15, cga={2 4 1 1 2 1 1} , 1
[07/22/2026-00:37:00] [TRT] [V]  (foreignNode)   86, 0.0076832, 2.03130, 1.38563, sm80_xmma_fprop_implicit_gemm_indexed_wo_smem_f32f32_tf32f32_f32_nhwckrsc_nhwc_tilesize128x32x16_stage1_warpsize4x1x1_g1_tensor16x8x8_aligna8_alignc4, 0x4820bb88781d1, , 0
[07/22/2026-00:37:00] [TRT] [V]  (foreignNode)   24, 0.0077824, 2.05753, 0.97695, cutlass3x_sm100_tensorop_s128x128x8tf32implicit_gemm_fprop_f32_f32_f32_f32_f32_f32_128x128x32_dyn_cga_ndhwc_ndhwc_ndhwc_align4_2sm_relu_valpha_vbeta, 0x4e1b0d23b6078, cga={2 4 1 1 2 1 1} , 1
[07/22/2026-00:37:00] [TRT] [V]  (foreignNode)   26, 0.0077888, 2.05922, 0.97805, cutlass3x_sm100_tensorop_s128x128x8tf32implicit_gemm_fprop_f32_f32_f32_f32_f32_f32_128x128x32_dyn_cga_ndhwc_ndhwc_ndhwc_align4_2sm_relu_valpha_vbeta, 0x459a118016a01, cga={2 8 2 1 2 1 1} , 1
[07/22/2026-00:37:00] [TRT] [V]  (foreignNode)   94, 0.0077920, 2.06007, 1.43602, cutlass3x_sm100_tensorop_s128x256x8tf32implicit_gemm_fprop_f32_f32_f32_f32_f32_f32_128x256x32_dyn_cga_ndhwc_ndhwc_ndhwc_align4_2sm_relu_valpha_vbeta, 0x3c0947eb18725, cga={2 8 1 1 2 1 1} , 1
[07/22/2026-00:37:00] [TRT] [V]  (foreignNode)   12, 0.0078288, 2.06980, 0.69427, sm80_xmma_fprop_implicit_gemm_indexed_f32f32_f32f32_f32_nchwkcrs_nchw_tilesize32x32x8_stage3_warpsize1x2x1_g1_ffma_aligna4_alignc4, 0x63ed33c905dd1, , 0
[07/22/2026-00:37:00] [TRT] [V]  (foreignNode)   34, 0.0078384, 2.07234, 1.00977, sm80_xmma_fprop_implicit_gemm_f32f32_f32f32_f32_nchwkcrs_nchw_tilesize128x16x8_stage3_warpsize4x1x1_g1_ffma_aligna4_alignc4, 0x5ba4bb403072c, , 0
[07/22/2026-00:37:00] [TRT] [V]  (foreignNode)   98, 0.0078816, 2.08376, 1.44351, cutlass3x_sm100_tensorop_s128x256x8tf32implicit_gemm_fprop_f32_f32_f32_f32_f32_f32_128x256x32_dyn_cga_ndhwc_ndhwc_ndhwc_align4_2sm_relu_valpha_vbeta, 0x301e54def671f, cga={2 4 2 1 2 1 1} , 1
[07/22/2026-00:37:00] [TRT] [V]  (foreignNode)   29, 0.0078880, 2.08545, 0.96766, cutlass3x_sm100_tensorop_s128x128x8tf32implicit_gemm_fprop_f32_f32_f32_f32_f32_f32_128x128x32_dyn_cga_ndhwc_ndhwc_ndhwc_align4_2sm_relu_valpha_vbeta, 0x5dd7d80e28735, cga={2 4 2 1 2 1 1} , 1
[07/22/2026-00:37:00] [TRT] [V]  (foreignNode)   68, 0.0079872, 2.11167, 1.25701, cutlass3x_sm100_tensorop_s128x128x8tf32implicit_gemm_fprop_f32_f32_f32_f32_f32_f32_128x128x32_dyn_cga_ndhwc_ndhwc_ndhwc_align4_2sm_relu_valpha_vbeta, 0x594f13072397c, cga={2 4 4 1 2 1 1} , 1
[07/22/2026-00:37:00] [TRT] [V]  (foreignNode)   11, 0.0080832, 2.13706, 0.64455, sm80_xmma_fprop_implicit_gemm_f32f32_f32f32_f32_nhwckrsc_nhwc_tilesize32x32x8_stage3_warpsize1x2x1_g1_ffma_aligna4_alignc4, 0x2d3824ef796ca, , 0
[07/22/2026-00:37:00] [TRT] [V]  (foreignNode)   46, 0.0080896, 2.13875, 1.03896, cutlass3x_sm100_tensorop_s128x128x8tf32implicit_gemm_fprop_f32_f32_f32_f32_f32_f32_128x128x32_dyn_cga_ndhwc_ndhwc_ndhwc_align4_2sm_relu_valpha_vbeta, 0x388c47eb10274, cga={2 2 2 1 2 1 1} , 1
[07/22/2026-00:37:00] [TRT] [V]  (foreignNode)    9, 0.0080928, 2.13959, 0.54013, sm80_xmma_fprop_implicit_gemm_indexed_f32f32_f32f32_f32_nhwckrsc_nhwc_tilesize32x32x8_stage3_warpsize1x2x1_g1_ffma_aligna4_alignc4, 0x6554e6218a644, , 0
[07/22/2026-00:37:00] [TRT] [V]  (foreignNode)   64, 0.0082016, 2.16836, 1.18562, cutlass3x_sm100_tensorop_s64x128x8tf32implicit_gemm_fprop_f32_f32_f32_f32_f32_f32_64x128x32_dyn_cga_ndhwc_ndhwc_ndhwc_align4_1sm_relu_valpha_vbeta, 0x4488c41d62e54, cga={2 8 2 1 1 2 1} , 1
[07/22/2026-00:37:00] [TRT] [V]  (foreignNode)   57, 0.0082944, 2.19289, 1.17049, cutlass3x_sm100_tensorop_s64x128x8tf32implicit_gemm_fprop_f32_f32_f32_f32_f32_f32_64x128x32_dyn_cga_ndhwc_ndhwc_ndhwc_align4_1sm_relu_valpha_vbeta, 0x3ccf2d766f783, cga={2 2 1 1 2 1 1} , 1
[07/22/2026-00:37:00] [TRT] [V]  (foreignNode)   14, 0.0084384, 2.23096, 0.71324, sm80_xmma_fprop_implicit_gemm_indexed_f32f32_f32f32_f32_nchwkcrs_nchw_tilesize64x64x8_stage3_warpsize1x4x1_g1_ffma_aligna4_alignc4, 0x3ab7ed04210d8, , 0
[07/22/2026-00:37:00] [TRT] [V]  (foreignNode)   83, 0.0084960, 2.24619, 1.24329, cutlass3x_sm100_tensorop_s256x128x8tf32implicit_gemm_fprop_f32_f32_f32_f32_f32_f32_256x128x32_dyn_cga_ndhwc_ndhwc_ndhwc_align4_2sm_relu_valpha_vbeta, 0x29e3542765f15, cga={2 4 4 1 2 1 1} , 1
[07/22/2026-00:37:00] [TRT] [V]  (foreignNode)   79, 0.0084992, 2.24704, 1.24198, cutlass3x_sm100_tensorop_s256x128x8tf32implicit_gemm_fprop_f32_f32_f32_f32_f32_f32_256x128x32_dyn_cga_ndhwc_ndhwc_ndhwc_align4_2sm_relu_valpha_vbeta, 0x46aeaffe89bac, cga={2 4 2 1 2 1 1} , 1
[07/22/2026-00:37:00] [TRT] [V]  (foreignNode)   82, 0.0084992, 2.24704, 1.24282, cutlass3x_sm100_tensorop_s256x128x8tf32implicit_gemm_fprop_f32_f32_f32_f32_f32_f32_256x128x32_dyn_cga_ndhwc_ndhwc_ndhwc_align4_2sm_relu_valpha_vbeta, 0x55cfaa445f131, cga={2 8 2 1 2 1 1} , 1
[07/22/2026-00:37:00] [TRT] [V]  (foreignNode)   27, 0.0085056, 2.24873, 0.89725, cutlass3x_sm100_tensorop_s128x128x8tf32implicit_gemm_fprop_f32_f32_f32_f32_f32_f32_128x128x32_dyn_cga_ndhwc_ndhwc_ndhwc_align4_2sm_relu_valpha_vbeta, 0x3fecbb4417ac5, cga={0 0 0 1 0 0 1} , 1
[07/22/2026-00:37:00] [TRT] [V]  (foreignNode)   58, 0.0085984, 2.27327, 1.12985, cutlass3x_sm100_tensorop_s64x128x8tf32implicit_gemm_fprop_f32_f32_f32_f32_f32_f32_64x128x32_dyn_cga_ndhwc_ndhwc_ndhwc_align4_1sm_relu_valpha_vbeta, 0x2a84d3d603321, cga={2 4 1 1 2 1 1} , 1
[07/22/2026-00:37:00] [TRT] [V]  (foreignNode)   61, 0.0086016, 2.27411, 1.13011, cutlass3x_sm100_tensorop_s64x128x8tf32implicit_gemm_fprop_f32_f32_f32_f32_f32_f32_64x128x32_dyn_cga_ndhwc_ndhwc_ndhwc_align4_1sm_relu_valpha_vbeta, 0x4a108ecd6e269, cga={2 4 2 1 1 2 1} , 1
[07/22/2026-00:37:00] [TRT] [V]  (foreignNode)   63, 0.0086016, 2.27411, 1.13036, cutlass3x_sm100_tensorop_s64x128x8tf32implicit_gemm_fprop_f32_f32_f32_f32_f32_f32_64x128x32_dyn_cga_ndhwc_ndhwc_ndhwc_align4_1sm_relu_valpha_vbeta, 0x38b44210c42b1, cga={2 4 2 1 2 1 1} , 1
[07/22/2026-00:37:00] [TRT] [V]  (foreignNode)   66, 0.0086016, 2.27411, 1.13118, cutlass3x_sm100_tensorop_s64x128x8tf32implicit_gemm_fprop_f32_f32_f32_f32_f32_f32_64x128x32_dyn_cga_ndhwc_ndhwc_ndhwc_align4_1sm_relu_valpha_vbeta, 0x5b13bfd8fcac9, cga={2 8 2 1 2 1 1} , 1
[07/22/2026-00:37:00] [TRT] [V]  (foreignNode)   77, 0.0086016, 2.27411, 1.22624, cutlass3x_sm100_tensorop_s256x128x8tf32implicit_gemm_fprop_f32_f32_f32_f32_f32_f32_256x128x32_dyn_cga_ndhwc_ndhwc_ndhwc_align4_2sm_relu_valpha_vbeta, 0x65f9d8d3f6a33, cga={2 2 2 1 2 1 1} , 1
[07/22/2026-00:37:00] [TRT] [V]  (foreignNode)   60, 0.0086048, 2.27496, 1.12969, cutlass3x_sm100_tensorop_s64x128x8tf32implicit_gemm_fprop_f32_f32_f32_f32_f32_f32_64x128x32_dyn_cga_ndhwc_ndhwc_ndhwc_align4_1sm_relu_valpha_vbeta, 0x43bc747c07b88, cga={2 8 1 1 2 1 1} , 1
[07/22/2026-00:37:00] [TRT] [V]  (foreignNode)   84, 0.0086080, 2.27580, 1.22890, cutlass3x_sm100_tensorop_s256x128x8tf32implicit_gemm_fprop_f32_f32_f32_f32_f32_f32_256x128x32_dyn_cga_ndhwc_ndhwc_ndhwc_align4_2sm_relu_valpha_vbeta, 0x4dee60d24cf0c, cga={2 2 4 1 2 1 1} , 1
[07/22/2026-00:37:00] [TRT] [V]  (foreignNode)   99, 0.0087072, 2.30203, 1.33463, cutlass3x_sm100_tensorop_s64x128x8tf32implicit_gemm_fprop_f32_f32_f32_f32_f32_f32_64x128x32_dyn_cga_ndhwc_ndhwc_ndhwc_align4_1sm_relu_valpha_vbeta, 0x4c07292ca166a, cga={2 1 2 1 1 2 1} , 1
[07/22/2026-00:37:00] [TRT] [V]  (foreignNode)   56, 0.0087552, 2.31472, 1.10746, sm80_xmma_fprop_implicit_gemm_f32f32_f32f32_f32_nchwkcrs_nchw_tilesize64x64x8_stage3_warpsize1x4x1_g1_ffma_aligna4_alignc4, 0x4e82782d5dace, , 0
[07/22/2026-00:37:00] [TRT] [V]  (foreignNode)   28, 0.0088128, 2.32995, 0.86597, cutlass3x_sm100_tensorop_s128x128x8tf32implicit_gemm_fprop_f32_f32_f32_f32_f32_f32_128x128x32_dyn_cga_ndhwc_ndhwc_ndhwc_align4_2sm_relu_valpha_vbeta, 0x69764a993c4e1, cga={2 2 1 1 2 1 1} , 1
[07/22/2026-00:37:00] [TRT] [V]  (foreignNode)   65, 0.0088960, 2.35195, 1.09360, cutlass3x_sm100_tensorop_s64x128x8tf32implicit_gemm_fprop_f32_f32_f32_f32_f32_f32_64x128x32_dyn_cga_ndhwc_ndhwc_ndhwc_align4_1sm_relu_valpha_vbeta, 0x3932dbf7c6724, cga={2 2 2 1 1 2 1} , 1
[07/22/2026-00:37:00] [TRT] [V]  (foreignNode)   96, 0.0088992, 2.35279, 1.25754, cutlass3x_sm100_tensorop_s128x256x8tf32implicit_gemm_fprop_f32_f32_f32_f32_f32_f32_128x256x32_dyn_cga_ndhwc_ndhwc_ndhwc_align4_2sm_relu_valpha_vbeta, 0x2ff4e3c0427f8, cga={2 2 1 1 2 1 1} , 1
[07/22/2026-00:37:00] [TRT] [V]  (foreignNode)   59, 0.0089088, 2.35533, 1.09048, cutlass3x_sm100_tensorop_s64x128x8tf32implicit_gemm_fprop_f32_f32_f32_f32_f32_f32_64x128x32_dyn_cga_ndhwc_ndhwc_ndhwc_align4_1sm_relu_valpha_vbeta, 0x44cbc6ef567d1, cga={2 2 2 1 2 1 1} , 1
[07/22/2026-00:37:00] [TRT] [V]  (foreignNode)   95, 0.0089088, 2.35533, 1.25618, cutlass3x_sm100_tensorop_s128x256x8tf32implicit_gemm_fprop_f32_f32_f32_f32_f32_f32_128x256x32_dyn_cga_ndhwc_ndhwc_ndhwc_align4_2sm_relu_valpha_vbeta, 0x3115b72b71127, cga={0 0 0 1 0 0 1} , 1
[07/22/2026-00:37:00] [TRT] [V]  (foreignNode)   78, 0.0091136, 2.40948, 1.15801, cutlass3x_sm100_tensorop_s256x128x8tf32implicit_gemm_fprop_f32_f32_f32_f32_f32_f32_256x128x32_dyn_cga_ndhwc_ndhwc_ndhwc_align4_2sm_relu_valpha_vbeta, 0x5f9d5bb584689, cga={2 8 1 1 2 1 1} , 1
[07/22/2026-00:37:00] [TRT] [V]  (foreignNode)   76, 0.0094208, 2.49069, 1.11961, cutlass3x_sm100_tensorop_s256x128x8tf32implicit_gemm_fprop_f32_f32_f32_f32_f32_f32_256x128x32_dyn_cga_ndhwc_ndhwc_ndhwc_align4_2sm_relu_valpha_vbeta, 0x30b1f4ff6d025, cga={2 4 1 1 2 1 1} , 1
[07/22/2026-00:37:00] [TRT] [V]  (foreignNode)   52, 0.0096256, 2.54484, 0.96249, cutlass3x_sm100_tensorop_s64x128x8tf32implicit_gemm_fprop_f32_f32_f32_f32_f32_f32_64x128x32_dyn_cga_ndhwc_ndhwc_ndhwc_align4_1sm_relu_valpha_vbeta, 0x5daa40d681e91, cga={0 0 0 1 0 0 1} , 1
[07/22/2026-00:37:00] [TRT] [V]  (foreignNode)   31, 0.0097312, 2.57276, 0.79016, sm80_xmma_fprop_implicit_gemm_f32f32_f32f32_f32_nhwckrsc_nhwc_tilesize128x16x8_stage3_warpsize4x1x1_g1_ffma_aligna4_alignc4, 0x3b79f5c9c6a6f, , 0
[07/22/2026-00:37:00] [TRT] [V]  (foreignNode)   53, 0.0097312, 2.57276, 0.95204, cutlass3x_sm100_tensorop_s64x128x8tf32implicit_gemm_fprop_f32_f32_f32_f32_f32_f32_64x128x32_dyn_cga_ndhwc_ndhwc_ndhwc_align4_1sm_relu_valpha_vbeta, 0x5a0479053cc1e, cga={2 1 1 1 1 1 1} , 1
[07/22/2026-00:37:00] [TRT] [V]  (foreignNode)   33, 0.0102960, 2.72208, 0.75883, sm80_xmma_fprop_implicit_gemm_indexed_f32f32_f32f32_f32_nchwkcrs_nchw_tilesize128x16x8_stage3_warpsize4x1x1_g1_ffma_aligna4_alignc4, 0x476cf2cb3e307, , 0
[07/22/2026-00:37:00] [TRT] [V]  (foreignNode)   35, 0.0103200, 2.72843, 0.77467, sm80_xmma_fprop_implicit_gemm_indexed_f32f32_f32f32_f32_nchwkcrs_nchw_tilesize128x32x8_stage3_warpsize2x2x1_g1_ffma_aligna4_alignc4, 0x4e258bc5fc494, , 0
[07/22/2026-00:37:00] [TRT] [V]  (foreignNode)   80, 0.0103424, 2.73435, 1.02064, cutlass3x_sm100_tensorop_s256x128x8tf32implicit_gemm_fprop_f32_f32_f32_f32_f32_f32_256x128x32_dyn_cga_ndhwc_ndhwc_ndhwc_align4_2sm_relu_valpha_vbeta, 0x6405fd61a896c, cga={0 0 0 1 0 0 1} , 1
[07/22/2026-00:37:00] [TRT] [V]  (foreignNode)   81, 0.0104416, 2.76058, 1.01094, cutlass3x_sm100_tensorop_s256x128x8tf32implicit_gemm_fprop_f32_f32_f32_f32_f32_f32_256x128x32_dyn_cga_ndhwc_ndhwc_ndhwc_align4_2sm_relu_valpha_vbeta, 0x2a92736fa5b85, cga={2 2 1 1 2 1 1} , 1
[07/22/2026-00:37:00] [TRT] [V]  (foreignNode)   67, 0.0107520, 2.84264, 0.92276, sm80_xmma_fprop_implicit_gemm_f32f32_f32f32_f32_nhwckrsc_nhwc_tilesize64x64x8_stage3_warpsize1x4x1_g1_ffma_aligna4_alignc4, 0x2eab98750fbb5, , 0
[07/22/2026-00:37:00] [TRT] [V]  (foreignNode)   22, 0.0118416, 3.13071, 0.62198, sm80_xmma_fprop_implicit_gemm_indexed_f32f32_f32f32_f32_nchwkcrs_nchw_tilesize128x64x8_stage2_warpsize1x4x1_g1_ffma_aligna4_alignc4_beta0_packed_stride, 0x55390ef379ea7, , 0
[07/22/2026-00:37:00] [TRT] [V]  (foreignNode)   36, 0.0121344, 3.20812, 0.66313, sm80_xmma_fprop_implicit_gemm_indexed_f32f32_f32f32_f32_nchwkcrs_nchw_tilesize128x64x8_stage2_warpsize2x2x1_g1_ffma_aligna4_alignc4_beta0_packed_stride, 0x351f081fc49c9, , 0
[07/22/2026-00:37:00] [TRT] [V]  (foreignNode)   15, 0.0121856, 3.22166, 0.50429, sm80_xmma_fprop_implicit_gemm_indexed_f32f32_f32f32_f32_nhwckrsc_nhwc_tilesize64x64x8_stage3_warpsize1x4x1_g1_ffma_aligna4_alignc4, 0x4a7493d1e9e89, , 0
[07/22/2026-00:37:00] [TRT] [V]  (foreignNode)   10, 0.0128000, 3.38409, 0.38094, sm80_xmma_fprop_implicit_gemm_indexed_f32f32_f32f32_f32_nhwckrsc_nhwc_tilesize128x16x8_stage3_warpsize4x1x1_g1_ffma_aligna4_alignc4, 0x3bca03cd770a5, , 0
[07/22/2026-00:37:00] [TRT] [V]  (foreignNode)    8, 0.0130016, 3.43739, 0.32155, sm80_xmma_fprop_implicit_gemm_f32f32_tf32f32_f32_nhwckrsc_nhwc_tilesize128x128x16_stage4_warpsize2x2x1_g1_tensor16x8x8_t1r5s5, 0x49911ac01e627, , 0
[07/22/2026-00:37:00] [TRT] [V]  (foreignNode)   44, 0.0133584, 3.53173, 0.62248, sm80_xmma_fprop_implicit_gemm_indexed_f32f32_f32f32_f32_nchwkcrs_nchw_tilesize128x64x8_stage2_warpsize4x1x1_g1_ffma_aligna4_alignc4_beta0_packed_stride, 0x31f96456fbbaa, , 0
[07/22/2026-00:37:00] [TRT] [V]  (foreignNode)   21, 0.0134176, 3.54738, 0.52198, sm80_xmma_fprop_implicit_gemm_indexed_f32f32_f32f32_f32_nhwckrsc_nhwc_tilesize128x32x8_stage3_warpsize2x2x1_g1_ffma_aligna4_alignc4, 0x49213414bb034, , 0
[07/22/2026-00:37:00] [TRT] [V]  (foreignNode)    2, 0.0134688, 3.56091, 0.02613, sm80_xmma_fprop_implicit_gemm_f32f32_tf32f32_f32_nhwckrsc_nhwc_tilesize64x32x64_stage5_warpsize2x2x1_g1_tensor16x8x8_t1r5s5, 0x4fb78a8ee3413, , 0
[07/22/2026-00:37:00] [TRT] [V]  (foreignNode)    1, 0.0138240, 3.65482, 0.01245, sm80_xmma_fprop_implicit_gemm_f32f32_tf32f32_f32_nhwckrsc_nhwc_tilesize64x128x32_stage5_warpsize2x2x1_g1_tensor16x8x8_t1r5s5, 0x31a7f85c1f455, , 0
[07/22/2026-00:37:00] [TRT] [V]  (foreignNode)   55, 0.0144352, 3.81641, 0.65493, sm80_xmma_fprop_implicit_gemm_indexed_f32f32_tf32f32_f32_nhwckrsc_nhwc_tilesize128x128x16_stage4_warpsize2x2x1_g1_tensor16x8x8, 0x2de203e8b2ea5, , 0
[07/22/2026-00:37:00] [TRT] [V]  (foreignNode)    3, 0.0144384, 3.81726, 0.02598, sm80_xmma_fprop_implicit_gemm_f32f32_tf32f32_f32_nhwckrsc_nhwc_tilesize128x64x32_stage5_warpsize2x2x1_g1_tensor16x8x8_t1r5s5, 0x35a5ab3531f15, , 0
[07/22/2026-00:37:00] [TRT] [V]  (foreignNode)   20, 0.0146432, 3.87140, 0.47316, sm80_xmma_fprop_implicit_gemm_indexed_f32f32_tf32f32_f32_nhwckrsc_nhwc_tilesize64x128x32_stage5_warpsize2x2x1_g1_tensor16x8x8, 0x49868b2ede875, , 0
[07/22/2026-00:37:00] [TRT] [V]  (foreignNode)   18, 0.0152544, 4.03299, 0.42908, sm80_xmma_fprop_implicit_gemm_indexed_f32f32_tf32f32_f32_nhwckrsc_nhwc_tilesize64x32x64_stage5_warpsize2x2x1_g1_tensor16x8x8, 0x4172b23d05227, , 0
[07/22/2026-00:37:00] [TRT] [V]  (foreignNode)   30, 0.0164832, 4.35787, 0.46478, sm80_xmma_fprop_implicit_gemm_indexed_f32f32_tf32f32_f32_nhwckrsc_nhwc_tilesize128x64x32_stage5_warpsize2x2x1_g1_tensor16x8x8, 0x431ddc1194a06, , 0
[07/22/2026-00:37:00] [TRT] [V]  (foreignNode)    4, 0.0173056, 4.57530, 0.02452, sm80_xmma_fprop_implicit_gemm_f32f32_tf32f32_f32_nhwckrsc_nhwc_tilesize64x64x64_stage4_warpsize2x2x1_g1_tensor16x8x8_t1r5s5, 0x432daf1be800f, , 0
[07/22/2026-00:37:00] [TRT] [V]  (foreignNode)   17, 0.0179232, 4.73858, 0.35281, sm80_xmma_fprop_implicit_gemm_indexed_f32f32_tf32f32_f32_nhwckrsc_nhwc_tilesize64x64x64_stage4_warpsize2x2x1_g1_tensor16x8x8, 0x636547a74de20, , 0
[07/22/2026-00:37:00] [TRT] [V]  (foreignNode)    5, 0.0232448, 6.14552, 0.02034, sm80_xmma_fprop_implicit_gemm_f32f32_tf32f32_f32_nhwckrsc_nhwc_tilesize128x128x32_stage4_warpsize2x2x1_g1_tensor16x8x8_t1r5s5, 0x2d4536a1f1c2b, , 0
[07/22/2026-00:37:00] [TRT] [V]  (foreignNode)    7, 0.0244928, 6.47547, 0.10249, sm80_xmma_fprop_implicit_gemm_f32f32_tf32f32_f32_nhwckrsc_nhwc_tilesize256x64x32_stage3_warpsize4x2x1_g1_tensor16x8x8_t1r5s5, 0x66cc1dac884d7, , 0
[07/22/2026-00:37:00] [TRT] [V]  (foreignNode)   62, 0.0255008, 6.74196, 0.38120, sm80_xmma_fprop_implicit_gemm_indexed_f32f32_tf32f32_f32_nhwckrsc_nhwc_tilesize128x128x32_stage4_warpsize2x2x1_g1_tensor16x8x8, 0x3298380762977, , 0
[07/22/2026-00:37:00] [TRT] [V]  (foreignNode)    6, 0.0263136, 6.95685, 0.02618, sm80_xmma_fprop_implicit_gemm_f32f32_tf32f32_f32_nhwckrsc_nhwc_tilesize128x64x64_stage3_warpsize2x2x1_g1_tensor16x8x8_t1r5s5, 0x52c1b0c58dc7e, , 0
[07/22/2026-00:37:00] [TRT] [V]  (foreignNode)   73, 0.0273376, 7.22758, 0.37849, sm80_xmma_fprop_implicit_gemm_indexed_f32f32_tf32f32_f32_nhwckrsc_nhwc_tilesize256x64x32_stage3_warpsize4x2x1_g1_tensor16x8x8, 0x3744937436798, , 0
[07/22/2026-00:37:00] [TRT] [V]  (foreignNode)   40, 0.0275488, 7.28342, 0.29786, sm80_xmma_fprop_implicit_gemm_indexed_f32f32_tf32f32_f32_nhwckrsc_nhwc_tilesize128x64x64_stage3_warpsize2x2x1_g1_tensor16x8x8, 0x6547ca996df22, , 0
[07/22/2026-00:37:00] [TRT] [V]  (foreignNode)   89, 0.0357376, 9.44839, 0.30318, sm80_xmma_fprop_implicit_gemm_f32f32_tf32f32_f32_nhwckrsc_nhwc_tilesize128x256x32_stage3_warpsize2x4x1_g1_tensor16x8x8_t1r5s5, 0x6a41884f5e7cc, , 0
[07/22/2026-00:37:00] [TRT] [V]  (foreignNode)   69, 0.0363552, 9.61168, 0.27684, sm80_xmma_fprop_implicit_gemm_f32f32_tf32f32_f32_nhwckrsc_nhwc_tilesize256x128x32_stage3_warpsize4x2x1_g1_tensor16x8x8_t1r5s5, 0x663efa1619feb, , 0
[07/22/2026-00:37:00] [TRT] [V]  (foreignNode)    0, 0.1262624, 33.38155, 0.00010, sm80_xmma_fprop_implicit_gemm_f32f32_f32f32_f32_nhwckrsc_nhwc_tilesize64x32x32_stage3_warpsize1x1x1_g1_ffma_t1r5s5_aligna4_alignc4, 0x4ef62c03704ff, , 0
[07/22/2026-00:37:00] [TRT] [V]  (foreignNode) Autotuning op node_max_pool2d: [ONNX Layer: node_max_pool2d]
[07/22/2026-00:37:00] [TRT] [V]  (foreignNode) Sorted table of all evaluated tactics:
[07/22/2026-00:37:00] [TRT] [V]  (foreignNode) tactic_id, cost(in ms), cost/fastest_cost, prediction_correlation, kernel_name, tactic_hash, tunable_parameter
[07/22/2026-00:37:00] [TRT] [V]  (foreignNode)   18, 0.0030752, 1.00000, 0.00000, sm50_xmma_pooling_max_nhwc_FP32FP32_WINDOWSIZE_0_PROPAGATE_NAN_2D, 0x3ea57a4823c16, 
[07/22/2026-00:37:00] [TRT] [V]  (foreignNode)   21, 0.0032768, 1.06556, 0.00000, sm50_xmma_pooling_max_nhwc_FP32FP32_WINDOWSIZE_0_PROPAGATE_NAN_3D, 0x5f6ef706a7d48, 
[07/22/2026-00:37:00] [TRT] [V]  (foreignNode)   20, 0.0033824, 1.09990, 0.00000, sm50_xmma_pooling_max_nhwc_FP32FP32_WINDOWSIZE_0_NOT_PROPAGATE_NAN_3D, 0x417b0a9684bce, 
[07/22/2026-00:37:00] [TRT] [V]  (foreignNode)   19, 0.0034816, 1.13215, 0.00000, sm50_xmma_pooling_max_nhwc_FP32FP32_WINDOWSIZE_0_NOT_PROPAGATE_NAN_2D, 0x5914f00bac43d, 
[07/22/2026-00:37:00] [TRT] [V]  (foreignNode)   22, 0.0035840, 1.16545, 0.00000, sm50_xmma_pooling_fw_4d_FP32FP32NHWC_Max_CAlign4, 0x43ba9dabdf34a, 
[07/22/2026-00:37:00] [TRT] [V]  (foreignNode)   13, 0.0039984, 1.30021, 0.00000, sm50_xmma_pooling_tiled_FP32NCHW_kMAX_tP2_tQ16_tR2_tS2_tU2_tV2_tUnroll2_tThreads128, 0x2bf45d2716a13, 
[07/22/2026-00:37:00] [TRT] [V]  (foreignNode)    4, 0.0041280, 1.34235, 0.00000, sm50_xmma_pooling_tiled_FP32NCHW_kMAX_tP2_tQ32_tR2_tS2_tU2_tV2_tUnroll6_tThreads256, 0x3ea857c248ca8, 
[07/22/2026-00:37:00] [TRT] [V]  (foreignNode)    5, 0.0041424, 1.34703, 0.00000, sm50_xmma_pooling_tiled_FP32NCHW_kMAX_tP2_tQ32_tR2_tS2_tU2_tV2_tUnroll2_tThreads256, 0x3125f8c13a9d2, 
[07/22/2026-00:37:00] [TRT] [V]  (foreignNode)    6, 0.0041472, 1.34860, 0.00000, sm50_xmma_pooling_tiled_FP32NCHW_kMAX_tP2_tQ16_tR2_tS2_tU2_tV2_tUnroll4_tThreads128, 0x2b972e93e988c, 
[07/22/2026-00:37:00] [TRT] [V]  (foreignNode)    9, 0.0041472, 1.34860, 0.00000, sm50_xmma_pooling_tiled_FP32NCHW_kMAX_tP2_tQ32_tR2_tS2_tU2_tV2_tUnroll4_tThreads256, 0x38045e9a41a05, 
[07/22/2026-00:37:00] [TRT] [V]  (foreignNode)   16, 0.0041472, 1.34860, 0.00000, sm50_xmma_pooling_tiled_FP32NCHW_kMAX_tP2_tQ16_tR2_tS2_tU2_tV2_tUnroll6_tThreads128, 0x333c1acc675f0, 
[07/22/2026-00:37:00] [TRT] [V]  (foreignNode)   14, 0.0041568, 1.35172, 0.00000, sm50_xmma_pooling_tiled_FP32NCHW_kMAX_tP2_tQ16_tR2_tS2_tU2_tV2_tUnroll3_tThreads128, 0x30155589e9e55, 
[07/22/2026-00:37:00] [TRT] [V]  (foreignNode)    7, 0.0042912, 1.39542, 0.00000, sm50_xmma_pooling_tiled_FP32NCHW_kMAX_tP2_tQ32_tR2_tS2_tU2_tV2_tUnroll1_tThreads256, 0x64442bb905df7, 
[07/22/2026-00:37:00] [TRT] [V]  (foreignNode)   10, 0.0042960, 1.39698, 0.00000, sm50_xmma_pooling_tiled_FP32NCHW_kMAX_tP2_tQ32_tR2_tS2_tU2_tV2_tUnroll7_tThreads256, 0x67337ba2c9574, 
[07/22/2026-00:37:00] [TRT] [V]  (foreignNode)   12, 0.0042960, 1.39698, 0.00000, sm50_xmma_pooling_tiled_FP32NCHW_kMAX_tP2_tQ16_tR2_tS2_tU2_tV2_tUnroll1_tThreads128, 0x583fed2d953ce, 
[07/22/2026-00:37:00] [TRT] [V]  (foreignNode)    3, 0.0043008, 1.39854, 0.00000, sm50_xmma_pooling_tiled_FP32NCHW_kMAX_tP2_tQ32_tR2_tS2_tU2_tV2_tUnroll5_tThreads256, 0x64133401b7661, 
[07/22/2026-00:37:00] [TRT] [V]  (foreignNode)    8, 0.0043008, 1.39854, 0.00000, sm50_xmma_pooling_tiled_FP32NCHW_kMAX_tP2_tQ32_tR2_tS2_tU2_tV2_tUnroll3_tThreads256, 0x55f94868fec17, 
[07/22/2026-00:37:00] [TRT] [V]  (foreignNode)   17, 0.0043008, 1.39854, 0.00000, sm50_xmma_pooling_tiled_FP32NCHW_kMAX_tP2_tQ16_tR2_tS2_tU2_tV2_tUnroll7_tThreads128, 0x5eca1335acc0f, 
[07/22/2026-00:37:00] [TRT] [V]  (foreignNode)   15, 0.0043056, 1.40010, 0.00000, sm50_xmma_pooling_tiled_FP32NCHW_kMAX_tP2_tQ16_tR2_tS2_tU2_tV2_tUnroll5_tThreads128, 0x54142aab23da0, 
[07/22/2026-00:37:00] [TRT] [V]  (foreignNode)    2, 0.0043104, 1.40167, 0.00000, sm50_xmma_pooling_tiled_FP32NCHW_kMAX_tP2_tQ16_tR2_tS2_tU2_tV2_tUnroll8_tThreads128, 0x5294701e65a66, 
[07/22/2026-00:37:00] [TRT] [V]  (foreignNode)   11, 0.0046176, 1.50156, 0.00000, sm50_xmma_pooling_tiled_FP32NCHW_kMAX_tP2_tQ32_tR2_tS2_tU2_tV2_tUnroll8_tThreads256, 0x2d029e3b7d3f6, 
[07/22/2026-00:37:00] [TRT] [V]  (foreignNode)    1, 0.0049104, 1.59677, 0.00000, sm50_xmma_pooling_nd_NCDHW_kMAX_kGENERIC_3D_POOLING_MODE_kFLOAT_0, 0x4fe9b6f87bdcf, 
[07/22/2026-00:37:00] [TRT] [V]  (foreignNode)    0, 0.0049152, 1.59834, 0.00000, sm50_xmma_pooling_fw_4d_FP32FP32NCHW_Max, 0x2a5c87ca5f512, 
[07/22/2026-00:37:00] [TRT] [V]  (foreignNode) Autotuning op node_conv2d_1: [ONNX Layer: node_conv2d_1][ONNX Layer: node_relu_1]
[07/22/2026-00:37:00] [TRT] [V]  (foreignNode) Sorted table of all evaluated tactics:
[07/22/2026-00:37:00] [TRT] [V]  (foreignNode) tactic_id, cost(in ms), cost/fastest_cost, prediction_correlation, kernel_name, tactic_hash, tunable_parameter, conv_w2c_input_fold
[07/22/2026-00:37:00] [TRT] [V]  (foreignNode)   19, 0.0056320, 1.00000, 1.34933, cutlass3x_sm100_tensorop_s128x128x8tf32implicit_gemm_fprop_f32_f32_f32_f32_f32_f32_128x128x32_dyn_cga_ndhwc_ndhwc_ndhwc_align4_2sm_relu_valpha_vbeta, 0x4304317fbe1bd, cga={0 0 0 1 0 0 1} , 1
[07/22/2026-00:37:00] [TRT] [V]  (foreignNode)   21, 0.0057344, 1.01818, 1.32632, cutlass3x_sm100_tensorop_s128x128x8tf32implicit_gemm_fprop_f32_f32_f32_f32_f32_f32_128x128x32_dyn_cga_ndhwc_ndhwc_ndhwc_align4_2sm_relu_valpha_vbeta, 0x55714909151fa, cga={2 4 1 1 2 1 1} , 1
[07/22/2026-00:37:00] [TRT] [V]  (foreignNode)   20, 0.0058368, 1.03636, 1.30199, cutlass3x_sm100_tensorop_s128x128x8tf32implicit_gemm_fprop_f32_f32_f32_f32_f32_f32_128x128x32_dyn_cga_ndhwc_ndhwc_ndhwc_align4_2sm_relu_valpha_vbeta, 0x5c469f7af1dcd, cga={2 2 1 1 2 1 1} , 1
[07/22/2026-00:37:00] [TRT] [V]  (foreignNode)   22, 0.0061408, 1.09034, 1.23855, cutlass3x_sm100_tensorop_s128x128x8tf32implicit_gemm_fprop_f32_f32_f32_f32_f32_f32_128x128x32_dyn_cga_ndhwc_ndhwc_ndhwc_align4_2sm_relu_valpha_vbeta, 0x4e34d81907a83, cga={2 2 2 1 2 1 1} , 1
[07/22/2026-00:37:00] [TRT] [V]  (foreignNode)   23, 0.0061472, 1.09148, 1.23820, cutlass3x_sm100_tensorop_s128x128x8tf32implicit_gemm_fprop_f32_f32_f32_f32_f32_f32_128x128x32_dyn_cga_ndhwc_ndhwc_ndhwc_align4_2sm_relu_valpha_vbeta, 0x46d1458ef597b, cga={2 8 1 1 2 1 1} , 1
[07/22/2026-00:37:00] [TRT] [V]  (foreignNode)   24, 0.0063456, 1.12670, 1.19949, cutlass3x_sm100_tensorop_s128x128x8tf32implicit_gemm_fprop_f32_f32_f32_f32_f32_f32_128x128x32_dyn_cga_ndhwc_ndhwc_ndhwc_align4_2sm_relu_valpha_vbeta, 0x37257429eb46d, cga={2 2 4 1 2 1 1} , 1
[07/22/2026-00:37:00] [TRT] [V]  (foreignNode)   27, 0.0063488, 1.12727, 1.20031, cutlass3x_sm100_tensorop_s128x128x8tf32implicit_gemm_fprop_f32_f32_f32_f32_f32_f32_128x128x32_dyn_cga_ndhwc_ndhwc_ndhwc_align4_2sm_relu_valpha_vbeta, 0x4331be6667bbe, cga={2 8 2 1 2 1 1} , 1
[07/22/2026-00:37:00] [TRT] [V]  (foreignNode)   25, 0.0064448, 1.14432, 1.18135, cutlass3x_sm100_tensorop_s128x128x8tf32implicit_gemm_fprop_f32_f32_f32_f32_f32_f32_128x128x32_dyn_cga_ndhwc_ndhwc_ndhwc_align4_2sm_relu_valpha_vbeta, 0x5fa4d162bb793, cga={2 4 2 1 2 1 1} , 1
[07/22/2026-00:37:00] [TRT] [V]  (foreignNode)   26, 0.0065472, 1.16250, 1.16303, cutlass3x_sm100_tensorop_s128x128x8tf32implicit_gemm_fprop_f32_f32_f32_f32_f32_f32_128x128x32_dyn_cga_ndhwc_ndhwc_ndhwc_align4_2sm_relu_valpha_vbeta, 0x56f3b08aaeac4, cga={2 2 8 1 2 1 1} , 1
[07/22/2026-00:37:00] [TRT] [V]  (foreignNode)   55, 0.0066592, 1.18239, 1.58302, cutlass3x_sm100_tensorop_s256x128x8tf32implicit_gemm_fprop_f32_f32_f32_f32_f32_f32_256x128x32_dyn_cga_ndhwc_ndhwc_ndhwc_align4_2sm_relu_valpha_vbeta, 0x3721a9c849799, cga={0 0 0 1 0 0 1} , 1
[07/22/2026-00:37:00] [TRT] [V]  (foreignNode)   68, 0.0066592, 1.18239, 1.67849, cutlass3x_sm100_tensorop_s128x256x8tf32implicit_gemm_fprop_f32_f32_f32_f32_f32_f32_128x256x32_dyn_cga_ndhwc_ndhwc_ndhwc_align4_2sm_relu_valpha_vbeta, 0x503f8101375d9, cga={2 2 1 1 2 1 1} , 1
[07/22/2026-00:37:00] [TRT] [V]  (foreignNode)   60, 0.0067552, 1.19943, 1.56238, cutlass3x_sm100_tensorop_s256x128x8tf32implicit_gemm_fprop_f32_f32_f32_f32_f32_f32_256x128x32_dyn_cga_ndhwc_ndhwc_ndhwc_align4_2sm_relu_valpha_vbeta, 0x5eea3dad64c70, cga={2 2 4 1 2 1 1} , 1
[07/22/2026-00:37:00] [TRT] [V]  (foreignNode)   28, 0.0067584, 1.20000, 1.12756, cutlass3x_sm100_tensorop_s128x128x8tf32implicit_gemm_fprop_f32_f32_f32_f32_f32_f32_128x128x32_dyn_cga_ndhwc_ndhwc_ndhwc_align4_2sm_relu_valpha_vbeta, 0x2f9ff95bc773e, cga={2 4 4 1 2 1 1} , 1
[07/22/2026-00:37:00] [TRT] [V]  (foreignNode)   56, 0.0067584, 1.20000, 1.55979, cutlass3x_sm100_tensorop_s256x128x8tf32implicit_gemm_fprop_f32_f32_f32_f32_f32_f32_256x128x32_dyn_cga_ndhwc_ndhwc_ndhwc_align4_2sm_relu_valpha_vbeta, 0x50af5fd6a3e62, cga={2 2 1 1 2 1 1} , 1
[07/22/2026-00:37:00] [TRT] [V]  (foreignNode)   73, 0.0067584, 1.20000, 1.65605, cutlass3x_sm100_tensorop_s128x256x8tf32implicit_gemm_fprop_f32_f32_f32_f32_f32_f32_128x256x32_dyn_cga_ndhwc_ndhwc_ndhwc_align4_2sm_relu_valpha_vbeta, 0x55636b2e81dff, cga={2 4 2 1 2 1 1} , 1
[07/22/2026-00:37:00] [TRT] [V]  (foreignNode)   57, 0.0068576, 1.21761, 1.53817, cutlass3x_sm100_tensorop_s256x128x8tf32implicit_gemm_fprop_f32_f32_f32_f32_f32_f32_256x128x32_dyn_cga_ndhwc_ndhwc_ndhwc_align4_2sm_relu_valpha_vbeta, 0x57545ac5861fb, cga={2 4 1 1 2 1 1} , 1
[07/22/2026-00:37:00] [TRT] [V]  (foreignNode)   62, 0.0068576, 1.21761, 1.53952, cutlass3x_sm100_tensorop_s256x128x8tf32implicit_gemm_fprop_f32_f32_f32_f32_f32_f32_256x128x32_dyn_cga_ndhwc_ndhwc_ndhwc_align4_2sm_relu_valpha_vbeta, 0x2de032ef09f25, cga={2 2 8 1 2 1 1} , 1
[07/22/2026-00:37:00] [TRT] [V]  (foreignNode)   58, 0.0068608, 1.21818, 1.53745, cutlass3x_sm100_tensorop_s256x128x8tf32implicit_gemm_fprop_f32_f32_f32_f32_f32_f32_256x128x32_dyn_cga_ndhwc_ndhwc_ndhwc_align4_2sm_relu_valpha_vbeta, 0x5106667b513ff, cga={2 2 2 1 2 1 1} , 1
[07/22/2026-00:37:00] [TRT] [V]  (foreignNode)   61, 0.0068608, 1.21818, 1.53865, cutlass3x_sm100_tensorop_s256x128x8tf32implicit_gemm_fprop_f32_f32_f32_f32_f32_f32_256x128x32_dyn_cga_ndhwc_ndhwc_ndhwc_align4_2sm_relu_valpha_vbeta, 0x43e471db26783, cga={2 4 2 1 2 1 1} , 1
[07/22/2026-00:37:00] [TRT] [V]  (foreignNode)   67, 0.0068608, 1.21818, 1.62916, cutlass3x_sm100_tensorop_s128x256x8tf32implicit_gemm_fprop_f32_f32_f32_f32_f32_f32_128x256x32_dyn_cga_ndhwc_ndhwc_ndhwc_align4_2sm_relu_valpha_vbeta, 0x333e4d705f96d, cga={0 0 0 1 0 0 1} , 1
[07/22/2026-00:37:00] [TRT] [V]  (foreignNode)   71, 0.0068640, 1.21875, 1.63025, cutlass3x_sm100_tensorop_s128x256x8tf32implicit_gemm_fprop_f32_f32_f32_f32_f32_f32_128x256x32_dyn_cga_ndhwc_ndhwc_ndhwc_align4_2sm_relu_valpha_vbeta, 0x5808f36945b1b, cga={2 8 1 1 2 1 1} , 1
[07/22/2026-00:37:00] [TRT] [V]  (foreignNode)   39, 0.0069600, 1.23580, 1.39590, cutlass3x_sm100_tensorop_s64x128x8tf32implicit_gemm_fprop_f32_f32_f32_f32_f32_f32_64x128x32_dyn_cga_ndhwc_ndhwc_ndhwc_align4_1sm_relu_valpha_vbeta, 0x469114cf5cdd1, cga={2 2 2 1 2 1 1} , 1
[07/22/2026-00:37:00] [TRT] [V]  (foreignNode)   46, 0.0069600, 1.23580, 1.39706, cutlass3x_sm100_tensorop_s64x128x8tf32implicit_gemm_fprop_f32_f32_f32_f32_f32_f32_64x128x32_dyn_cga_ndhwc_ndhwc_ndhwc_align4_1sm_relu_valpha_vbeta, 0x3b1906df39469, cga={2 4 2 1 2 1 1} , 1
[07/22/2026-00:37:00] [TRT] [V]  (foreignNode)   59, 0.0069632, 1.23636, 1.51571, cutlass3x_sm100_tensorop_s256x128x8tf32implicit_gemm_fprop_f32_f32_f32_f32_f32_f32_256x128x32_dyn_cga_ndhwc_ndhwc_ndhwc_align4_2sm_relu_valpha_vbeta, 0x5b9ea11e50357, cga={2 8 1 1 2 1 1} , 1
[07/22/2026-00:37:00] [TRT] [V]  (foreignNode)   69, 0.0069632, 1.23636, 1.60615, cutlass3x_sm100_tensorop_s128x256x8tf32implicit_gemm_fprop_f32_f32_f32_f32_f32_f32_128x256x32_dyn_cga_ndhwc_ndhwc_ndhwc_align4_2sm_relu_valpha_vbeta, 0x453e19b732c0d, cga={2 4 1 1 2 1 1} , 1
[07/22/2026-00:37:00] [TRT] [V]  (foreignNode)   70, 0.0069632, 1.23636, 1.60615, cutlass3x_sm100_tensorop_s128x256x8tf32implicit_gemm_fprop_f32_f32_f32_f32_f32_f32_128x256x32_dyn_cga_ndhwc_ndhwc_ndhwc_align4_2sm_relu_valpha_vbeta, 0x4b848400f9ac3, cga={2 2 2 1 2 1 1} , 1
[07/22/2026-00:37:00] [TRT] [V]  (foreignNode)   76, 0.0069632, 1.23636, 1.60839, cutlass3x_sm100_tensorop_s128x256x8tf32implicit_gemm_fprop_f32_f32_f32_f32_f32_f32_128x256x32_dyn_cga_ndhwc_ndhwc_ndhwc_align4_2sm_relu_valpha_vbeta, 0x4f2de9ed8cb2b, cga={2 4 4 1 2 1 1} , 1
[07/22/2026-00:37:00] [TRT] [V]  (foreignNode)   91, 0.0069632, 1.23636, 1.93997, cutlass3x_sm100_tensorop_s128x128x8tf32implicit_gemm_fprop_f32_f32_f32_f32_f32_f32_128x128x32_dyn_cga_ndhwc_ndhwc_ndhwc_align4_1sm_relu_valpha_vbeta, 0x510305c3b3d98, cga={2 2 4 1 2 1 1} , 1
[07/22/2026-00:37:00] [TRT] [V]  (foreignNode)   94, 0.0069632, 1.23636, 1.94030, cutlass3x_sm100_tensorop_s128x128x8tf32implicit_gemm_fprop_f32_f32_f32_f32_f32_f32_128x128x32_dyn_cga_ndhwc_ndhwc_ndhwc_align4_1sm_relu_valpha_vbeta, 0x5f16174c3c38d, cga={2 2 4 1 1 2 1} , 1
[07/22/2026-00:37:00] [TRT] [V]  (foreignNode)   64, 0.0069664, 1.23693, 1.51636, cutlass3x_sm100_tensorop_s256x128x8tf32implicit_gemm_fprop_f32_f32_f32_f32_f32_f32_256x128x32_dyn_cga_ndhwc_ndhwc_ndhwc_align4_2sm_relu_valpha_vbeta, 0x482c541970afd, cga={2 4 4 1 2 1 1} , 1
[07/22/2026-00:37:00] [TRT] [V]  (foreignNode)   72, 0.0069664, 1.23693, 1.60629, cutlass3x_sm100_tensorop_s128x256x8tf32implicit_gemm_fprop_f32_f32_f32_f32_f32_f32_128x256x32_dyn_cga_ndhwc_ndhwc_ndhwc_align4_2sm_relu_valpha_vbeta, 0x325cf65c226c0, cga={2 2 4 1 2 1 1} , 1
[07/22/2026-00:37:00] [TRT] [V]  (foreignNode)   90, 0.0070464, 1.25114, 1.91706, cutlass3x_sm100_tensorop_s128x128x8tf32implicit_gemm_fprop_f32_f32_f32_f32_f32_f32_128x128x32_dyn_cga_ndhwc_ndhwc_ndhwc_align4_1sm_relu_valpha_vbeta, 0x54c6ea1a3bd0e, cga={2 4 2 1 1 2 1} , 1
[07/22/2026-00:37:00] [TRT] [V]  (foreignNode)   83, 0.0070496, 1.25170, 1.91432, cutlass3x_sm100_tensorop_s128x128x8tf32implicit_gemm_fprop_f32_f32_f32_f32_f32_f32_128x128x32_dyn_cga_ndhwc_ndhwc_ndhwc_align4_1sm_relu_valpha_vbeta, 0x563299ce42ff4, cga={2 2 1 1 2 1 1} , 1
[07/22/2026-00:37:00] [TRT] [V]  (foreignNode)   43, 0.0070528, 1.25227, 1.37837, cutlass3x_sm100_tensorop_s64x128x8tf32implicit_gemm_fprop_f32_f32_f32_f32_f32_f32_64x128x32_dyn_cga_ndhwc_ndhwc_ndhwc_align4_1sm_relu_valpha_vbeta, 0x502d8bf13d366, cga={2 4 2 1 1 2 1} , 1
[07/22/2026-00:37:00] [TRT] [V]  (foreignNode)   75, 0.0070592, 1.25341, 1.58652, cutlass3x_sm100_tensorop_s128x256x8tf32implicit_gemm_fprop_f32_f32_f32_f32_f32_f32_128x256x32_dyn_cga_ndhwc_ndhwc_ndhwc_align4_2sm_relu_valpha_vbeta, 0x40edd17fe9d4d, cga={2 8 2 1 2 1 1} , 1
[07/22/2026-00:37:00] [TRT] [V]  (foreignNode)   37, 0.0070624, 1.25398, 1.37476, cutlass3x_sm100_tensorop_s64x128x8tf32implicit_gemm_fprop_f32_f32_f32_f32_f32_f32_64x128x32_dyn_cga_ndhwc_ndhwc_ndhwc_align4_1sm_relu_valpha_vbeta, 0x59b8e5e591a98, cga={2 1 2 1 1 2 1} , 1
[07/22/2026-00:37:00] [TRT] [V]  (foreignNode)   84, 0.0070624, 1.25398, 1.91085, cutlass3x_sm100_tensorop_s128x128x8tf32implicit_gemm_fprop_f32_f32_f32_f32_f32_f32_128x128x32_dyn_cga_ndhwc_ndhwc_ndhwc_align4_1sm_relu_valpha_vbeta, 0x3f5c210185e19, cga={2 1 2 1 1 2 1} , 1
[07/22/2026-00:37:00] [TRT] [V]  (foreignNode)   86, 0.0070624, 1.25398, 1.91182, cutlass3x_sm100_tensorop_s128x128x8tf32implicit_gemm_fprop_f32_f32_f32_f32_f32_f32_128x128x32_dyn_cga_ndhwc_ndhwc_ndhwc_align4_1sm_relu_valpha_vbeta, 0x4f50050eefc88, cga={2 2 2 1 2 1 1} , 1
[07/22/2026-00:37:00] [TRT] [V]  (foreignNode)   93, 0.0070624, 1.25398, 1.91305, cutlass3x_sm100_tensorop_s128x128x8tf32implicit_gemm_fprop_f32_f32_f32_f32_f32_f32_128x128x32_dyn_cga_ndhwc_ndhwc_ndhwc_align4_1sm_relu_valpha_vbeta, 0x57a4af8aebe85, cga={2 4 2 1 2 1 1} , 1
[07/22/2026-00:37:00] [TRT] [V]  (foreignNode)   51, 0.0070656, 1.25455, 1.37717, cutlass3x_sm100_tensorop_s64x128x8tf32implicit_gemm_fprop_f32_f32_f32_f32_f32_f32_64x128x32_dyn_cga_ndhwc_ndhwc_ndhwc_align4_1sm_relu_valpha_vbeta, 0x612dad46c6198, cga={2 4 4 1 2 1 1} , 1
[07/22/2026-00:37:00] [TRT] [V]  (foreignNode)   63, 0.0070656, 1.25455, 1.49507, cutlass3x_sm100_tensorop_s256x128x8tf32implicit_gemm_fprop_f32_f32_f32_f32_f32_f32_256x128x32_dyn_cga_ndhwc_ndhwc_ndhwc_align4_2sm_relu_valpha_vbeta, 0x36d2b9528a5b1, cga={2 8 2 1 2 1 1} , 1
[07/22/2026-00:37:00] [TRT] [V]  (foreignNode)   74, 0.0070656, 1.25455, 1.58420, cutlass3x_sm100_tensorop_s128x256x8tf32implicit_gemm_fprop_f32_f32_f32_f32_f32_f32_128x256x32_dyn_cga_ndhwc_ndhwc_ndhwc_align4_2sm_relu_valpha_vbeta, 0x34c6e8667b486, cga={2 2 8 1 2 1 1} , 1
[07/22/2026-00:37:00] [TRT] [V]  (foreignNode)   88, 0.0071680, 1.27273, 1.88365, cutlass3x_sm100_tensorop_s128x128x8tf32implicit_gemm_fprop_f32_f32_f32_f32_f32_f32_128x128x32_dyn_cga_ndhwc_ndhwc_ndhwc_align4_1sm_relu_valpha_vbeta, 0x642642dfdc884, cga={2 1 4 1 1 2 1} , 1
[07/22/2026-00:37:00] [TRT] [V]  (foreignNode)   89, 0.0071680, 1.27273, 1.88454, cutlass3x_sm100_tensorop_s128x128x8tf32implicit_gemm_fprop_f32_f32_f32_f32_f32_f32_128x128x32_dyn_cga_ndhwc_ndhwc_ndhwc_align4_1sm_relu_valpha_vbeta, 0x440c9f17765df, cga={2 8 1 1 2 1 1} , 1
[07/22/2026-00:37:00] [TRT] [V]  (foreignNode)   92, 0.0071680, 1.27273, 1.88454, cutlass3x_sm100_tensorop_s128x128x8tf32implicit_gemm_fprop_f32_f32_f32_f32_f32_f32_128x128x32_dyn_cga_ndhwc_ndhwc_ndhwc_align4_1sm_relu_valpha_vbeta, 0x38eac4f24ddc8, cga={2 1 8 1 1 2 1} , 1
[07/22/2026-00:37:00] [TRT] [V]  (foreignNode)   99, 0.0071680, 1.27273, 1.88592, cutlass3x_sm100_tensorop_s128x128x8tf32implicit_gemm_fprop_f32_f32_f32_f32_f32_f32_128x128x32_dyn_cga_ndhwc_ndhwc_ndhwc_align4_1sm_relu_valpha_vbeta, 0x4f08f5a74170a, cga={2 4 4 1 1 2 1} , 1
[07/22/2026-00:37:00] [TRT] [V]  (foreignNode)   38, 0.0071712, 1.27330, 1.35479, cutlass3x_sm100_tensorop_s64x128x8tf32implicit_gemm_fprop_f32_f32_f32_f32_f32_f32_64x128x32_dyn_cga_ndhwc_ndhwc_ndhwc_align4_1sm_relu_valpha_vbeta, 0x379827835b73c, cga={2 4 1 1 2 1 1} , 1
[07/22/2026-00:37:00] [TRT] [V]  (foreignNode)   87, 0.0071776, 1.27443, 1.88113, cutlass3x_sm100_tensorop_s128x128x8tf32implicit_gemm_fprop_f32_f32_f32_f32_f32_f32_128x128x32_dyn_cga_ndhwc_ndhwc_ndhwc_align4_1sm_relu_valpha_vbeta, 0x50c21cb988b59, cga={2 2 2 1 1 2 1} , 1
[07/22/2026-00:37:00] [TRT] [V]  (foreignNode)   97, 0.0072544, 1.28807, 1.86346, cutlass3x_sm100_tensorop_s128x128x8tf32implicit_gemm_fprop_f32_f32_f32_f32_f32_f32_128x128x32_dyn_cga_ndhwc_ndhwc_ndhwc_align4_1sm_relu_valpha_vbeta, 0x34e49bca85e94, cga={2 8 2 1 2 1 1} , 1
[07/22/2026-00:37:00] [TRT] [V]  (foreignNode)   31, 0.0072608, 1.28920, 1.27333, cutlass3x_sm100_tensorop_s64x128x8tf32implicit_gemm_fprop_f32_f32_f32_f32_f32_f32_64x128x32_dyn_cga_ndhwc_ndhwc_ndhwc_align4_1sm_relu_valpha_vbeta, 0x4a0baad1deb64, cga={0 0 0 1 0 0 1} , 1
[07/22/2026-00:37:00] [TRT] [V]  (foreignNode)   96, 0.0072640, 1.28977, 1.86011, cutlass3x_sm100_tensorop_s128x128x8tf32implicit_gemm_fprop_f32_f32_f32_f32_f32_f32_128x128x32_dyn_cga_ndhwc_ndhwc_ndhwc_align4_1sm_relu_valpha_vbeta, 0x4245944fb0869, cga={2 2 8 1 2 1 1} , 1
[07/22/2026-00:37:00] [TRT] [V]  (foreignNode)   49, 0.0072672, 1.29034, 1.33814, cutlass3x_sm100_tensorop_s64x128x8tf32implicit_gemm_fprop_f32_f32_f32_f32_f32_f32_64x128x32_dyn_cga_ndhwc_ndhwc_ndhwc_align4_1sm_relu_valpha_vbeta, 0x6360b705f5e69, cga={2 2 8 1 2 1 1} , 1
[07/22/2026-00:37:00] [TRT] [V]  (foreignNode)   80, 0.0072672, 1.29034, 1.66475, cutlass3x_sm100_tensorop_s128x128x8tf32implicit_gemm_fprop_f32_f32_f32_f32_f32_f32_128x128x32_dyn_cga_ndhwc_ndhwc_ndhwc_align4_1sm_relu_valpha_vbeta, 0x322e690916cd1, cga={0 0 0 1 0 0 1} , 1
[07/22/2026-00:37:00] [TRT] [V]  (foreignNode)   81, 0.0072672, 1.29034, 1.66475, cutlass3x_sm100_tensorop_s128x128x8tf32implicit_gemm_fprop_f32_f32_f32_f32_f32_f32_128x128x32_dyn_cga_ndhwc_ndhwc_ndhwc_align4_1sm_relu_valpha_vbeta, 0x33453eec6d586, cga={2 1 1 1 1 1 1} , 1
[07/22/2026-00:37:00] [TRT] [V]  (foreignNode)   32, 0.0072704, 1.29091, 1.27165, cutlass3x_sm100_tensorop_s64x128x8tf32implicit_gemm_fprop_f32_f32_f32_f32_f32_f32_64x128x32_dyn_cga_ndhwc_ndhwc_ndhwc_align4_1sm_relu_valpha_vbeta, 0x628aae4dfeb16, cga={2 1 1 1 1 1 1} , 1
[07/22/2026-00:37:00] [TRT] [V]  (foreignNode)   40, 0.0072704, 1.29091, 1.33630, cutlass3x_sm100_tensorop_s64x128x8tf32implicit_gemm_fprop_f32_f32_f32_f32_f32_f32_64x128x32_dyn_cga_ndhwc_ndhwc_ndhwc_align4_1sm_relu_valpha_vbeta, 0x62433dc779fbd, cga={2 2 2 1 1 2 1} , 1
[07/22/2026-00:37:00] [TRT] [V]  (foreignNode)   42, 0.0072704, 1.29091, 1.33711, cutlass3x_sm100_tensorop_s64x128x8tf32implicit_gemm_fprop_f32_f32_f32_f32_f32_f32_64x128x32_dyn_cga_ndhwc_ndhwc_ndhwc_align4_1sm_relu_valpha_vbeta, 0x4a436af716696, cga={2 8 1 1 2 1 1} , 1
[07/22/2026-00:37:00] [TRT] [V]  (foreignNode)   44, 0.0072704, 1.29091, 1.33711, cutlass3x_sm100_tensorop_s64x128x8tf32implicit_gemm_fprop_f32_f32_f32_f32_f32_f32_64x128x32_dyn_cga_ndhwc_ndhwc_ndhwc_align4_1sm_relu_valpha_vbeta, 0x46457b2becffc, cga={2 2 4 1 2 1 1} , 1
[07/22/2026-00:37:00] [TRT] [V]  (foreignNode)   52, 0.0072704, 1.29091, 1.33838, cutlass3x_sm100_tensorop_s64x128x8tf32implicit_gemm_fprop_f32_f32_f32_f32_f32_f32_64x128x32_dyn_cga_ndhwc_ndhwc_ndhwc_align4_1sm_relu_valpha_vbeta, 0x53136019a4e89, cga={2 4 4 1 1 2 1} , 1
[07/22/2026-00:37:00] [TRT] [V]  (foreignNode)   85, 0.0072704, 1.29091, 1.85712, cutlass3x_sm100_tensorop_s128x128x8tf32implicit_gemm_fprop_f32_f32_f32_f32_f32_f32_128x128x32_dyn_cga_ndhwc_ndhwc_ndhwc_align4_1sm_relu_valpha_vbeta, 0x323a73391eaba, cga={2 4 1 1 2 1 1} , 1
[07/22/2026-00:37:00] [TRT] [V]  (foreignNode)   95, 0.0072704, 1.29091, 1.85847, cutlass3x_sm100_tensorop_s128x128x8tf32implicit_gemm_fprop_f32_f32_f32_f32_f32_f32_128x128x32_dyn_cga_ndhwc_ndhwc_ndhwc_align4_1sm_relu_valpha_vbeta, 0x55057968ac34b, cga={2 8 2 1 1 2 1} , 1
[07/22/2026-00:37:00] [TRT] [V]  (foreignNode)   47, 0.0072736, 1.29148, 1.33682, cutlass3x_sm100_tensorop_s64x128x8tf32implicit_gemm_fprop_f32_f32_f32_f32_f32_f32_64x128x32_dyn_cga_ndhwc_ndhwc_ndhwc_align4_1sm_relu_valpha_vbeta, 0x3d62a3c5f59d6, cga={2 2 4 1 1 2 1} , 1
[07/22/2026-00:37:00] [TRT] [V]  (foreignNode)   98, 0.0072736, 1.29148, 1.85854, cutlass3x_sm100_tensorop_s128x128x8tf32implicit_gemm_fprop_f32_f32_f32_f32_f32_f32_128x128x32_dyn_cga_ndhwc_ndhwc_ndhwc_align4_1sm_relu_valpha_vbeta, 0x4624b6b632a7b, cga={2 4 4 1 2 1 1} , 1
[07/22/2026-00:37:00] [TRT] [V]  (foreignNode)   36, 0.0072800, 1.29261, 1.33367, cutlass3x_sm100_tensorop_s64x128x8tf32implicit_gemm_fprop_f32_f32_f32_f32_f32_f32_64x128x32_dyn_cga_ndhwc_ndhwc_ndhwc_align4_1sm_relu_valpha_vbeta, 0x4cd30a27f491b, cga={2 2 1 1 2 1 1} , 1
[07/22/2026-00:37:00] [TRT] [V]  (foreignNode)   48, 0.0074752, 1.32727, 1.30091, cutlass3x_sm100_tensorop_s64x128x8tf32implicit_gemm_fprop_f32_f32_f32_f32_f32_f32_64x128x32_dyn_cga_ndhwc_ndhwc_ndhwc_align4_1sm_relu_valpha_vbeta, 0x3bf55b4302877, cga={2 8 2 1 1 2 1} , 1
[07/22/2026-00:37:00] [TRT] [V]  (foreignNode)   53, 0.0074784, 1.32784, 1.30115, cutlass3x_sm100_tensorop_s64x128x8tf32implicit_gemm_fprop_f32_f32_f32_f32_f32_f32_64x128x32_dyn_cga_ndhwc_ndhwc_ndhwc_align4_1sm_relu_valpha_vbeta, 0x43aeb220d777f, cga={2 2 8 1 1 2 1} , 1
[07/22/2026-00:37:00] [TRT] [V]  (foreignNode)   50, 0.0074880, 1.32955, 1.29948, cutlass3x_sm100_tensorop_s64x128x8tf32implicit_gemm_fprop_f32_f32_f32_f32_f32_f32_64x128x32_dyn_cga_ndhwc_ndhwc_ndhwc_align4_1sm_relu_valpha_vbeta, 0x59ca8b31bc418, cga={2 8 2 1 2 1 1} , 1
[07/22/2026-00:37:00] [TRT] [V]  (foreignNode)   45, 0.0076800, 1.36364, 1.26580, cutlass3x_sm100_tensorop_s64x128x8tf32implicit_gemm_fprop_f32_f32_f32_f32_f32_f32_64x128x32_dyn_cga_ndhwc_ndhwc_ndhwc_align4_1sm_relu_valpha_vbeta, 0x467a881545d12, cga={2 1 8 1 1 2 1} , 1
[07/22/2026-00:37:00] [TRT] [V]  (foreignNode)   41, 0.0078848, 1.40000, 1.23217, cutlass3x_sm100_tensorop_s64x128x8tf32implicit_gemm_fprop_f32_f32_f32_f32_f32_f32_64x128x32_dyn_cga_ndhwc_ndhwc_ndhwc_align4_1sm_relu_valpha_vbeta, 0x5e42bc8f7f752, cga={2 1 4 1 1 2 1} , 1
[07/22/2026-00:37:00] [TRT] [V]  (foreignNode)    4, 0.0128000, 2.27273, 0.02622, sm80_xmma_fprop_implicit_gemm_f32f32_tf32f32_f32_nhwckrsc_nhwc_tilesize64x32x64_stage5_warpsize2x2x1_g1_tensor16x8x8_t1r5s5, 0x390bda59b7f98, , 0
[07/22/2026-00:37:00] [TRT] [V]  (foreignNode)    2, 0.0134144, 2.38182, 0.01259, sm80_xmma_fprop_implicit_gemm_f32f32_tf32f32_f32_nhwckrsc_nhwc_tilesize64x128x32_stage5_warpsize2x2x1_g1_tensor16x8x8_t1r5s5, 0x67572152fdd15, , 0
[07/22/2026-00:37:00] [TRT] [V]  (foreignNode)    5, 0.0136224, 2.41875, 0.02735, sm80_xmma_fprop_implicit_gemm_f32f32_tf32f32_f32_nhwckrsc_nhwc_tilesize128x64x32_stage5_warpsize2x2x1_g1_tensor16x8x8_t1r5s5, 0x3dba87d744e8e, , 0
[07/22/2026-00:37:00] [TRT] [V]  (foreignNode)   35, 0.0144384, 2.56364, 0.67151, sm80_xmma_fprop_implicit_gemm_indexed_f32f32_tf32f32_f32_nhwckrsc_nhwc_tilesize64x32x64_stage5_warpsize2x2x1_g1_tensor16x8x8, 0x2a44057c8792a, , 0
[07/22/2026-00:37:00] [TRT] [V]  (foreignNode)   77, 0.0146624, 2.60341, 0.78222, sm80_xmma_fprop_implicit_gemm_indexed_wo_smem_f32f32_tf32f32_f32_nhwckrsc_nhwc_tilesize128x16x64_stage1_warpsize4x1x1_g1_tensor16x8x8, 0x4bde8ce521b70, , 0
[07/22/2026-00:37:00] [TRT] [V]  (foreignNode)   82, 0.0148480, 2.63636, 0.82083, sm80_xmma_fprop_implicit_gemm_indexed_wo_smem_f32f32_tf32f32_f32_nhwckrsc_nhwc_tilesize128x16x64_stage1_warpsize4x1x1_g1_tensor16x8x8_alignc4, 0x6020989de51f2, , 0
[07/22/2026-00:37:00] [TRT] [V]  (foreignNode)    6, 0.0162720, 2.88920, 0.02472, sm80_xmma_fprop_implicit_gemm_f32f32_tf32f32_f32_nhwckrsc_nhwc_tilesize64x64x64_stage4_warpsize2x2x1_g1_tensor16x8x8_t1r5s5, 0x299b339c00b4f, , 0
[07/22/2026-00:37:00] [TRT] [V]  (foreignNode)   66, 0.0166912, 2.96364, 0.66716, sm80_xmma_fprop_implicit_gemm_indexed_f32f32_tf32f32_f32_nhwckrsc_nhwc_tilesize64x64x64_stage4_warpsize2x2x1_g1_tensor16x8x8, 0x39a828bc9f100, , 0
[07/22/2026-00:37:00] [TRT] [V]  (foreignNode)    7, 0.0185856, 3.30000, 0.02490, sm80_xmma_fprop_implicit_gemm_f32f32_tf32f32_f32_nhwckrsc_nchw_tilesize64x32x64_stage5_warpsize2x2x1_g1_tensor16x8x8_t1r5s5_alignc4, 0x55e28da105197, , 0
[07/22/2026-00:37:00] [TRT] [V]  (foreignNode)   29, 0.0193696, 3.43920, 0.44388, sm80_xmma_fprop_implicit_gemm_f32f32_f32f32_f32_nhwckrsc_nhwc_tilesize32x32x8_stage3_warpsize1x2x1_g1_ffma_aligna4_alignc4, 0x42db7610aa3d6, , 0
[07/22/2026-00:37:00] [TRT] [V]  (foreignNode)   18, 0.0194560, 3.45455, 0.33182, sm80_xmma_fprop_implicit_gemm_f32f32_tf32f32_f32_nhwckrsc_nhwc_tilesize128x128x16_stage4_warpsize2x2x1_g1_tensor16x8x8_t1r5s5, 0x327f1e2c2d594, , 0
[07/22/2026-00:37:00] [TRT] [V]  (foreignNode)   33, 0.0210112, 3.73068, 0.44479, sm80_xmma_fprop_implicit_gemm_indexed_f32f32_f32f32_f32_nhwckrsc_nhwc_tilesize32x32x8_stage3_warpsize1x2x1_g1_ffma_aligna4_alignc4, 0x6244075c0c150, , 0
[07/22/2026-00:37:00] [TRT] [V]  (foreignNode)    3, 0.0213504, 3.79091, 0.00918, sm80_xmma_fprop_implicit_gemm_f32f32_tf32f32_f32_nhwckrsc_nchw_tilesize128x64x32_stage5_warpsize2x2x1_g1_tensor16x8x8_t1r5s5_alignc4, 0x44b075894c5c4, , 0
[07/22/2026-00:37:00] [TRT] [V]  (foreignNode)    8, 0.0224288, 3.98239, 0.02118, sm80_xmma_fprop_implicit_gemm_f32f32_tf32f32_f32_nhwckrsc_nhwc_tilesize128x128x32_stage4_warpsize2x2x1_g1_tensor16x8x8_t1r5s5, 0x58aece821755b, , 0
[07/22/2026-00:37:00] [TRT] [V]  (foreignNode)   14, 0.0228384, 4.05511, 0.11193, sm80_xmma_fprop_implicit_gemm_f32f32_tf32f32_f32_nhwckrsc_nhwc_tilesize256x64x32_stage3_warpsize4x2x1_g1_tensor16x8x8_t1r5s5, 0x3d014b8a5cefc, , 0
[07/22/2026-00:37:00] [TRT] [V]  (foreignNode)    1, 0.0231936, 4.11818, 0.00534, sm80_xmma_fprop_implicit_gemm_f32f32_tf32f32_f32_nhwckrsc_nchw_tilesize64x128x32_stage5_warpsize2x2x1_g1_tensor16x8x8_t1r5s5_alignc4, 0x2df763af53e39, , 0
[07/22/2026-00:37:00] [TRT] [V]  (foreignNode)   34, 0.0235008, 4.17273, 0.41150, sm80_xmma_fprop_implicit_gemm_indexed_f32f32_tf32f32_f32_nhwckrsc_nchw_tilesize64x32x64_stage5_warpsize2x2x1_g1_tensor16x8x8_alignc4, 0x597d2a6e26d39, , 0
[07/22/2026-00:37:00] [TRT] [V]  (foreignNode)   11, 0.0248800, 4.41761, 0.02741, sm80_xmma_fprop_implicit_gemm_f32f32_tf32f32_f32_nhwckrsc_nhwc_tilesize128x64x64_stage3_warpsize2x2x1_g1_tensor16x8x8_t1r5s5, 0x2d5a08ad3a75b, , 0
[07/22/2026-00:37:00] [TRT] [V]  (foreignNode)    9, 0.0253440, 4.50000, 0.01981, sm80_xmma_fprop_implicit_gemm_f32f32_tf32f32_f32_nhwckrsc_nchw_tilesize64x64x64_stage4_warpsize2x2x1_g1_tensor16x8x8_t1r5s5_alignc4, 0x49b006cc369c6, , 0
[07/22/2026-00:37:00] [TRT] [V]  (foreignNode)   79, 0.0265728, 4.71818, 0.45467, sm80_xmma_fprop_implicit_gemm_indexed_f32f32_tf32f32_f32_nhwckrsc_nchw_tilesize64x64x64_stage4_warpsize2x2x1_g1_tensor16x8x8_alignc4, 0x3ee06982e1092, , 0
[07/22/2026-00:37:00] [TRT] [V]  (foreignNode)   15, 0.0321024, 5.70000, 0.12680, sm80_xmma_fprop_implicit_gemm_f32f32_tf32f32_f32_nhwckrsc_nchw_tilesize128x128x16_stage4_warpsize2x2x1_g1_tensor16x8x8_t1r5s5_alignc4, 0x635e99b5c33a3, , 0
[07/22/2026-00:37:00] [TRT] [V]  (foreignNode)   30, 0.0336432, 5.97358, 0.27262, sm80_xmma_fprop_implicit_gemm_f32f32_f32f32_f32_nchwkcrs_nchw_tilesize32x32x8_stage3_warpsize1x2x1_g1_ffma_aligna4_alignc4, 0x5e6fefcf31fef, , 0
[07/22/2026-00:37:00] [TRT] [V]  (foreignNode)   13, 0.0339456, 6.02727, 0.05278, sm80_xmma_fprop_implicit_gemm_f32f32_tf32f32_f32_nhwckrsc_nchw_tilesize256x64x32_stage3_warpsize4x2x1_g1_tensor16x8x8_t1r5s5_alignc4, 0x2a5259677c6fe, , 0
[07/22/2026-00:37:00] [TRT] [V]  (foreignNode)   65, 0.0357376, 6.34545, 0.30408, sm80_xmma_fprop_implicit_gemm_f32f32_tf32f32_f32_nhwckrsc_nhwc_tilesize128x256x32_stage3_warpsize2x4x1_g1_tensor16x8x8_t1r5s5, 0x2cbd8d0c1f09b, , 0
[07/22/2026-00:37:00] [TRT] [V]  (foreignNode)   54, 0.0359520, 6.38352, 0.28149, sm80_xmma_fprop_implicit_gemm_f32f32_tf32f32_f32_nhwckrsc_nhwc_tilesize256x128x32_stage3_warpsize4x2x1_g1_tensor16x8x8_t1r5s5, 0x6761916f523e2, , 0
[07/22/2026-00:37:00] [TRT] [V]  (foreignNode)   10, 0.0360912, 6.40824, 0.01666, sm80_xmma_fprop_implicit_gemm_f32f32_tf32f32_f32_nhwckrsc_nchw_tilesize128x64x64_stage3_warpsize2x2x1_g1_tensor16x8x8_t1r5s5_alignc4, 0x3259ccd88af7f, , 0
[07/22/2026-00:37:00] [TRT] [V]  (foreignNode)   12, 0.0400896, 7.11818, 0.01794, sm80_xmma_fprop_implicit_gemm_f32f32_tf32f32_f32_nhwckrsc_nchw_tilesize128x128x32_stage4_warpsize2x2x1_g1_tensor16x8x8_t1r5s5_alignc4, 0x57fe17d992a1c, , 0
[07/22/2026-00:37:00] [TRT] [V]  (foreignNode)   78, 0.0508416, 9.02727, 0.22726, sm80_xmma_fprop_implicit_gemm_indexed_f32f32_f32f32_f32_nchwkcrs_nchw_tilesize32x32x8_stage3_warpsize1x2x1_g1_ffma_aligna4_alignc4, 0x4c60980310295, , 0
[07/22/2026-00:37:00] [TRT] [V]  (foreignNode)   17, 0.0563712, 10.00909, 0.08922, sm80_xmma_fprop_implicit_gemm_f32f32_tf32f32_f32_nhwckrsc_nchw_tilesize128x256x32_stage3_warpsize2x4x1_g1_tensor16x8x8_t1r5s5_alignc4, 0x5812c5383a15b, , 0
[07/22/2026-00:37:00] [TRT] [V]  (foreignNode)   16, 0.0572928, 10.17273, 0.07419, sm80_xmma_fprop_implicit_gemm_f32f32_tf32f32_f32_nhwckrsc_nchw_tilesize256x128x32_stage3_warpsize4x2x1_g1_tensor16x8x8_t1r5s5_alignc4, 0x3f11da14bf0f3, , 0
[07/22/2026-00:37:00] [TRT] [V]  (foreignNode)    0, 0.1576928, 27.99943, 0.00008, sm80_xmma_fprop_implicit_gemm_f32f32_f32f32_f32_nhwckrsc_nhwc_tilesize64x32x32_stage3_warpsize1x1x1_g1_ffma_t1r5s5_aligna4_alignc4, 0x4171ddd62f9bd, , 0
[07/22/2026-00:37:00] [TRT] [V]  (foreignNode) Autotuning op node_max_pool2d_1: [ONNX Layer: node_max_pool2d_1]
[07/22/2026-00:37:00] [TRT] [V]  (foreignNode) Sorted table of all evaluated tactics:
[07/22/2026-00:37:00] [TRT] [V]  (foreignNode) tactic_id, cost(in ms), cost/fastest_cost, prediction_correlation, kernel_name, tactic_hash, tunable_parameter
[07/22/2026-00:37:00] [TRT] [V]  (foreignNode)   18, 0.0030720, 1.00000, 0.00000, sm50_xmma_pooling_max_nhwc_FP32FP32_WINDOWSIZE_0_PROPAGATE_NAN_2D, 0x492597e01a7b1, 
[07/22/2026-00:37:00] [TRT] [V]  (foreignNode)   21, 0.0030880, 1.00521, 0.00000, sm50_xmma_pooling_max_nhwc_FP32FP32_WINDOWSIZE_0_PROPAGATE_NAN_3D, 0x34b4be4590e22, 
[07/22/2026-00:37:00] [TRT] [V]  (foreignNode)   22, 0.0031712, 1.03229, 0.00000, sm50_xmma_pooling_fw_4d_FP32FP32NHWC_Max_CAlign4, 0x3b134e221d14a, 
[07/22/2026-00:37:00] [TRT] [V]  (foreignNode)   19, 0.0032768, 1.06667, 0.00000, sm50_xmma_pooling_max_nhwc_FP32FP32_WINDOWSIZE_0_NOT_PROPAGATE_NAN_2D, 0x4b2ac6ecc9fb5, 
[07/22/2026-00:37:00] [TRT] [V]  (foreignNode)   20, 0.0034816, 1.13333, 0.00000, sm50_xmma_pooling_max_nhwc_FP32FP32_WINDOWSIZE_0_NOT_PROPAGATE_NAN_3D, 0x51c720d52c859, 
[07/22/2026-00:37:00] [TRT] [V]  (foreignNode)    8, 0.0041520, 1.35156, 0.00000, sm50_xmma_pooling_tiled_FP32NCHW_kMAX_tP2_tQ32_tR2_tS2_tU2_tV2_tUnroll3_tThreads256, 0x5df44d2649478, 
[07/22/2026-00:37:00] [TRT] [V]  (foreignNode)   12, 0.0041520, 1.35156, 0.00000, sm50_xmma_pooling_tiled_FP32NCHW_kMAX_tP2_tQ16_tR2_tS2_tU2_tV2_tUnroll1_tThreads128, 0x3b5bd48cd7244, 
[07/22/2026-00:37:00] [TRT] [V]  (foreignNode)   13, 0.0041520, 1.35156, 0.00000, sm50_xmma_pooling_tiled_FP32NCHW_kMAX_tP2_tQ16_tR2_tS2_tU2_tV2_tUnroll2_tThreads128, 0x2e7f8fa45dfa1, 
[07/22/2026-00:37:00] [TRT] [V]  (foreignNode)    5, 0.0041664, 1.35625, 0.00000, sm50_xmma_pooling_tiled_FP32NCHW_kMAX_tP2_tQ32_tR2_tS2_tU2_tV2_tUnroll2_tThreads256, 0x603b07fb1a870, 
[07/22/2026-00:37:00] [TRT] [V]  (foreignNode)    4, 0.0042864, 1.39531, 0.00000, sm50_xmma_pooling_tiled_FP32NCHW_kMAX_tP2_tQ32_tR2_tS2_tU2_tV2_tUnroll6_tThreads256, 0x2ab7ad26d1a7a, 
[07/22/2026-00:37:00] [TRT] [V]  (foreignNode)    9, 0.0042960, 1.39844, 0.00000, sm50_xmma_pooling_tiled_FP32NCHW_kMAX_tP2_tQ32_tR2_tS2_tU2_tV2_tUnroll4_tThreads256, 0x47d646c64b179, 
[07/22/2026-00:37:00] [TRT] [V]  (foreignNode)   16, 0.0042960, 1.39844, 0.00000, sm50_xmma_pooling_tiled_FP32NCHW_kMAX_tP2_tQ16_tR2_tS2_tU2_tV2_tUnroll6_tThreads128, 0x40be3ca411667, 
[07/22/2026-00:37:00] [TRT] [V]  (foreignNode)   17, 0.0042960, 1.39844, 0.00000, sm50_xmma_pooling_tiled_FP32NCHW_kMAX_tP2_tQ16_tR2_tS2_tU2_tV2_tUnroll7_tThreads128, 0x2a24619b830de, 
[07/22/2026-00:37:00] [TRT] [V]  (foreignNode)    0, 0.0043008, 1.40000, 0.00000, sm50_xmma_pooling_fw_4d_FP32FP32NCHW_Max, 0x4deb8bfdd8c0b, 
[07/22/2026-00:37:00] [TRT] [V]  (foreignNode)    2, 0.0043008, 1.40000, 0.00000, sm50_xmma_pooling_tiled_FP32NCHW_kMAX_tP2_tQ16_tR2_tS2_tU2_tV2_tUnroll8_tThreads128, 0x57b495166bb0d, 
[07/22/2026-00:37:00] [TRT] [V]  (foreignNode)   10, 0.0043008, 1.40000, 0.00000, sm50_xmma_pooling_tiled_FP32NCHW_kMAX_tP2_tQ32_tR2_tS2_tU2_tV2_tUnroll7_tThreads256, 0x50434c7e754cf, 
[07/22/2026-00:37:00] [TRT] [V]  (foreignNode)   14, 0.0043008, 1.40000, 0.00000, sm50_xmma_pooling_tiled_FP32NCHW_kMAX_tP2_tQ16_tR2_tS2_tU2_tV2_tUnroll3_tThreads128, 0x3cfb4c1cd2382, 
[07/22/2026-00:37:00] [TRT] [V]  (foreignNode)   15, 0.0043008, 1.40000, 0.00000, sm50_xmma_pooling_tiled_FP32NCHW_kMAX_tP2_tQ16_tR2_tS2_tU2_tV2_tUnroll5_tThreads128, 0x6367aaa295356, 
[07/22/2026-00:37:00] [TRT] [V]  (foreignNode)    6, 0.0043056, 1.40156, 0.00000, sm50_xmma_pooling_tiled_FP32NCHW_kMAX_tP2_tQ16_tR2_tS2_tU2_tV2_tUnroll4_tThreads128, 0x5d499f0b1a180, 
[07/22/2026-00:37:00] [TRT] [V]  (foreignNode)    3, 0.0043200, 1.40625, 0.00000, sm50_xmma_pooling_tiled_FP32NCHW_kMAX_tP2_tQ32_tR2_tS2_tU2_tV2_tUnroll5_tThreads256, 0x374460b27348a, 
[07/22/2026-00:37:00] [TRT] [V]  (foreignNode)    7, 0.0044496, 1.44844, 0.00000, sm50_xmma_pooling_tiled_FP32NCHW_kMAX_tP2_tQ32_tR2_tS2_tU2_tV2_tUnroll1_tThreads256, 0x63f9a7811f146, 
[07/22/2026-00:37:00] [TRT] [V]  (foreignNode)   11, 0.0046080, 1.50000, 0.00000, sm50_xmma_pooling_tiled_FP32NCHW_kMAX_tP2_tQ32_tR2_tS2_tU2_tV2_tUnroll8_tThreads256, 0x3d2df32088d2e, 
[07/22/2026-00:37:00] [TRT] [V]  (foreignNode)    1, 0.0049056, 1.59688, 0.00000, sm50_xmma_pooling_nd_NCDHW_kMAX_kGENERIC_3D_POOLING_MODE_kFLOAT_0, 0x32ba8b5d676f3, 
[07/22/2026-00:37:00] [TRT] [V]  (foreignNode) Autotuning op node_linear: [ONNX Layer: node_linear][ONNX Layer: node_relu_2]
[07/22/2026-00:37:00] [TRT] [V]  (foreignNode) Sorted table of all evaluated tactics:
[07/22/2026-00:37:00] [TRT] [V]  (foreignNode) tactic_id, cost(in ms), cost/fastest_cost, prediction_correlation, kernel_name, tactic_hash, tunable_parameter
[07/22/2026-00:37:00] [TRT] [V]  (foreignNode)    7, 0.0060416, 1.00000, 0.00000, sm50_xmma_cublas_gemvx_f32f32_f32_f32_tn_n_int32_unit_n_launch_param8x32x32_strided_unit_stride, 0x38ea0fde9bb4e, 
[07/22/2026-00:37:00] [TRT] [V]  (foreignNode)    8, 0.0060416, 1.00000, 0.00000, sm50_xmma_cublas_gemvx_f32f32_f32_f32_tn_n_int32_unit_n_launch_param4x32x32_strided_unit_stride, 0x4b9ef35ad8721, 
[07/22/2026-00:37:00] [TRT] [V]  (foreignNode)    0, 0.0073696, 1.21981, 0.00000, sm50_xmma_cublas_gemvx_f32f32_f32_f32_tn_n_int32_unit_n_launch_param16x32x32_strided_unit_stride, 0x5c6c62dcbe95d, 
[07/22/2026-00:37:00] [TRT] [V]  (foreignNode)   13, 0.0101376, 1.67797, 0.58314, sm80_xmma_gemm_f32f32_tf32f32_f32_tn_n_tilesize32x32x64_stage3_warpsize2x1x2_tensor16x8x8, 0x2e07f9c91191d, 
[07/22/2026-00:37:00] [TRT] [V]  (foreignNode)    5, 0.0103392, 1.71133, 0.00000, sm50_xmma_cublas_gemvx_f32f32_f32_f32_tn_n_int32_unit_n_launch_param16x8x8_strided_unit_stride, 0x4090907df7451, 
[07/22/2026-00:37:00] [TRT] [V]  (foreignNode)   15, 0.0109568, 1.81356, 0.55420, sm80_xmma_gemm_f32f32_tf32f32_f32_nn_n_tilesize32x32x64_stage3_warpsize2x1x2_tensor16x8x8, 0x4e38d5c9d53cb, 
[07/22/2026-00:37:00] [TRT] [V]  (foreignNode)   57, 0.0109568, 1.81356, 0.74865, sm86_xmma_gemm_f32f32_tf32f32_f32_nn_n_tilesize32x32x64_stage6_warpsize2x2x1_tensor16x8x8, 0x454a26d29d3be, 
[07/22/2026-00:37:00] [TRT] [V]  (foreignNode)   16, 0.0111616, 1.84746, 0.55519, sm80_xmma_gemm_f32f32_tf32f32_f32_tn_n_tilesize32x32x64_stage3_warpsize2x1x2_tensor16x8x8, 0x5bf564b5d147a, 
[07/22/2026-00:37:00] [TRT] [V]  (foreignNode)   49, 0.0111648, 1.84799, 0.71612, sm86_xmma_gemm_f32f32_tf32f32_f32_tn_n_tilesize32x32x64_stage6_warpsize2x2x1_tensor16x8x8, 0x4d670f0e66bde, 
[07/22/2026-00:37:00] [TRT] [V]  (foreignNode)   18, 0.0113664, 1.88136, 0.54870, sm80_xmma_gemm_f32f32_tf32f32_f32_tn_n_tilesize32x32x64_stage3_warpsize2x1x2_tensor16x8x8, 0x5f7000614035e, 
[07/22/2026-00:37:00] [TRT] [V]  (foreignNode)   55, 0.0113696, 1.88189, 0.72129, sm80_xmma_gemm_f32f32_tf32f32_f32_tn_n_tilesize64x32x64_stage4_warpsize2x1x2_tensor16x8x8, 0x2afa7d59484d9, 
[07/22/2026-00:37:00] [TRT] [V]  (foreignNode)   19, 0.0115712, 1.91525, 0.55105, sm80_xmma_gemm_f32f32_tf32f32_f32_nn_n_tilesize32x32x64_stage3_warpsize2x1x2_tensor16x8x8, 0x46a326bab35fd, 
[07/22/2026-00:37:00] [TRT] [V]  (foreignNode)   21, 0.0117760, 1.94915, 0.54509, sm80_xmma_gemm_f32f32_tf32f32_f32_nn_n_tilesize32x32x64_stage3_warpsize2x1x2_tensor16x8x8, 0x4ef74b9027e04, 
[07/22/2026-00:37:00] [TRT] [V]  (foreignNode)   59, 0.0117760, 1.94915, 0.70488, sm80_xmma_gemm_f32f32_tf32f32_f32_nn_n_tilesize64x32x64_stage4_warpsize2x1x2_tensor16x8x8, 0x5f0fc2200ab44, 
[07/22/2026-00:37:00] [TRT] [V]  (foreignNode)   25, 0.0117888, 1.95127, 0.59404, sm80_xmma_gemm_f32f32_tf32f32_f32_tn_n_tilesize32x32x64_stage3_warpsize2x1x2_tensor16x8x8, 0x40c75f4db4558, 
[07/22/2026-00:37:00] [TRT] [V]  (foreignNode)   38, 0.0119776, 1.98252, 0.64224, sm86_xmma_gemm_f32f32_tf32f32_f32_tn_n_tilesize64x64x64_stage3_warpsize2x2x1_tensor16x8x8, 0x5ab1bee037678, 
[07/22/2026-00:37:00] [TRT] [V]  (foreignNode)   84, 0.0119808, 1.98305, 0.72767, sm86_xmma_gemm_f32f32_tf32f32_f32_tn_n_tilesize32x32x64_stage6_warpsize2x2x1_tensor16x8x8, 0x5b80b746d513e, 
[07/22/2026-00:37:00] [TRT] [V]  (foreignNode)   43, 0.0123872, 2.05032, 0.62482, sm86_xmma_gemm_f32f32_tf32f32_f32_tn_n_tilesize64x64x64_stage3_warpsize2x2x1_tensor16x8x8, 0x5874a724921b1, 
[07/22/2026-00:37:00] [TRT] [V]  (foreignNode)   75, 0.0123904, 2.05085, 0.69926, sm80_xmma_gemm_f32f32_tf32f32_f32_tn_n_tilesize64x64x64_stage4_warpsize2x2x1_tensor16x8x8, 0x47f9605e14584, 
[07/22/2026-00:37:00] [TRT] [V]  (foreignNode)   92, 0.0123936, 2.05138, 0.70788, sm86_xmma_gemm_f32f32_tf32f32_f32_tn_n_tilesize32x32x64_stage6_warpsize2x2x1_tensor16x8x8, 0x48f09fc6000e7, 
[07/22/2026-00:37:00] [TRT] [V]  (foreignNode)   45, 0.0125952, 2.08475, 0.62621, sm86_xmma_gemm_f32f32_tf32f32_f32_nn_n_tilesize64x64x64_stage3_warpsize2x2x1_tensor16x8x8, 0x2927b6089ed3f, 
[07/22/2026-00:37:00] [TRT] [V]  (foreignNode)   83, 0.0125952, 2.08475, 0.69213, sm80_xmma_gemm_f32f32_tf32f32_f32_tn_n_tilesize64x64x64_stage4_warpsize2x2x1_tensor16x8x8, 0x2a9cc4b3f530c, 
[07/22/2026-00:37:00] [TRT] [V]  (foreignNode)   47, 0.0127904, 2.11705, 0.62050, sm86_xmma_gemm_f32f32_tf32f32_f32_nn_n_tilesize64x64x64_stage3_warpsize2x2x1_tensor16x8x8, 0x466a95232d859, 
[07/22/2026-00:37:00] [TRT] [V]  (foreignNode)   35, 0.0132064, 2.18591, 0.54816, sm80_xmma_gemm_f32f32_tf32f32_f32_nn_n_tilesize32x32x64_stage3_warpsize2x1x2_tensor16x8x8, 0x4270ca2b1b249, 
[07/22/2026-00:37:00] [TRT] [V]  (foreignNode)   60, 0.0134144, 2.22034, 0.63002, sm80_xmma_gemm_f32f32_tf32f32_f32_tn_n_tilesize32x32x64_stage3_warpsize2x1x2_tensor16x8x8, 0x3c6faa5b59163, 
[07/22/2026-00:37:00] [TRT] [V]  (foreignNode)   99, 0.0134144, 2.22034, 0.65832, sm80_xmma_gemm_f32f32_tf32f32_f32_nn_n_tilesize64x64x64_stage4_warpsize2x1x2_tensor16x8x8, 0x4490c643eef16, 
[07/22/2026-00:37:00] [TRT] [V]  (foreignNode)   24, 0.0146336, 2.42214, 0.47848, sm80_xmma_gemm_f32f32_tf32f32_f32_tn_n_tilesize32x32x64_stage3_warpsize2x1x2_tensor16x8x8, 0x44646b7f27b4f, 
[07/22/2026-00:37:00] [TRT] [V]  (foreignNode)   23, 0.0146400, 2.42320, 0.46555, sm80_xmma_gemm_f32f32_tf32f32_f32_tn_n_tilesize32x32x64_stage3_warpsize2x1x2_tensor16x8x8, 0x2c37b9f92f122, 
[07/22/2026-00:37:00] [TRT] [V]  (foreignNode)   30, 0.0146432, 2.42373, 0.48986, sm80_xmma_gemm_f32f32_tf32f32_f32_tn_n_tilesize64x128x16_stage4_warpsize2x2x1_tensor16x8x8, 0x3d79d63e5bdc2, 
[07/22/2026-00:37:00] [TRT] [V]  (foreignNode)   31, 0.0146432, 2.42373, 0.48994, sm80_xmma_gemm_f32f32_tf32f32_f32_nn_n_tilesize64x128x16_stage4_warpsize2x2x1_tensor16x8x8, 0x64987964cb313, 
[07/22/2026-00:37:00] [TRT] [V]  (foreignNode)   86, 0.0146432, 2.42373, 0.59612, sm80_xmma_gemm_f32f32_tf32f32_f32_tn_n_tilesize64x128x16_stage4_warpsize2x2x1_tensor16x8x8, 0x31f994e375a46, 
[07/22/2026-00:37:00] [TRT] [V]  (foreignNode)   90, 0.0146432, 2.42373, 0.59762, sm80_xmma_gemm_f32f32_tf32f32_f32_nn_n_tilesize64x128x16_stage4_warpsize2x2x1_tensor16x8x8, 0x53adb644bf29b, 
[07/22/2026-00:37:00] [TRT] [V]  (foreignNode)   27, 0.0148512, 2.45816, 0.47392, sm80_xmma_gemm_f32f32_tf32f32_f32_nn_n_tilesize32x32x64_stage3_warpsize2x1x2_tensor16x8x8, 0x360bbea8a365f, 
[07/22/2026-00:37:00] [TRT] [V]  (foreignNode)   51, 0.0154624, 2.55932, 0.52791, sm86_xmma_gemm_f32f32_tf32f32_f32_tn_n_tilesize64x128x32_stage4_warpsize2x2x1_tensor16x8x8, 0x2c2f23abb966a, 
[07/22/2026-00:37:00] [TRT] [V]  (foreignNode)   72, 0.0156640, 2.59269, 0.55098, sm80_xmma_gemm_f32f32_tf32f32_f32_tn_n_tilesize64x128x32_stage5_warpsize2x2x1_tensor16x8x8, 0x57c9cede09eb2, 
[07/22/2026-00:37:00] [TRT] [V]  (foreignNode)   12, 0.0156672, 2.59322, 0.37723, sm80_xmma_gemm_f32f32_tf32f32_f32_tn_n_tilesize32x32x64_stage3_warpsize2x1x2_tensor16x8x8, 0x3e452ee032199, 
[07/22/2026-00:37:00] [TRT] [V]  (foreignNode)   79, 0.0158720, 2.62712, 0.54745, sm86_xmma_gemm_f32f32_tf32f32_f32_tn_n_tilesize64x64x64_stage3_warpsize2x2x1_tensor16x8x8, 0x5a9c9e6ea4d94, 
[07/22/2026-00:37:00] [TRT] [V]  (foreignNode)   74, 0.0162784, 2.69439, 0.53153, sm80_xmma_gemm_f32f32_f32f32_f32_nn_n_tilesize32x32x8_stage3_warpsize1x2x1_ffma_aligna4_alignc4, 0x4ff532ba45f59, 
[07/22/2026-00:37:00] [TRT] [V]  (foreignNode)   53, 0.0162816, 2.69492, 0.50365, sm86_xmma_gemm_f32f32_tf32f32_f32_nn_n_tilesize32x32x64_stage6_warpsize2x2x1_tensor16x8x8, 0x63f3554777b74, 
[07/22/2026-00:37:00] [TRT] [V]  (foreignNode)   34, 0.0166720, 2.75953, 0.43414, sm80_xmma_gemm_f32f32_tf32f32_f32_nn_n_tilesize32x32x64_stage3_warpsize2x1x2_tensor16x8x8, 0x4336ba3393b55, 
[07/22/2026-00:37:00] [TRT] [V]  (foreignNode)   14, 0.0166912, 2.76271, 0.36370, sm80_xmma_gemm_f32f32_tf32f32_f32_nn_n_tilesize32x32x64_stage3_warpsize2x1x2_tensor16x8x8, 0x306517367d40b, 
[07/22/2026-00:37:00] [TRT] [V]  (foreignNode)   95, 0.0166912, 2.76271, 0.52711, sm80_xmma_gemm_f32f32_tf32f32_f32_nn_n_tilesize32x32x64_stage3_warpsize2x1x2_tensor16x8x8, 0x3fcf42f45052e, 
[07/22/2026-00:37:00] [TRT] [V]  (foreignNode)   48, 0.0166944, 2.76324, 0.47878, sm86_xmma_gemm_f32f32_tf32f32_f32_tn_n_tilesize32x32x64_stage6_warpsize2x2x1_tensor16x8x8, 0x30a33b3d54e32, 
[07/22/2026-00:37:00] [TRT] [V]  (foreignNode)   56, 0.0168960, 2.79661, 0.48545, sm86_xmma_gemm_f32f32_tf32f32_f32_tn_n_tilesize128x128x16_stage3_warpsize2x2x1_tensor16x8x8, 0x5dc3e0b38a727, 
[07/22/2026-00:37:00] [TRT] [V]  (foreignNode)   70, 0.0171008, 2.83051, 0.50425, sm86_xmma_gemm_f32f32_tf32f32_f32_nn_n_tilesize128x128x16_stage3_warpsize2x2x1_tensor16x8x8, 0x5f485f475a2fa, 
[07/22/2026-00:37:00] [TRT] [V]  (foreignNode)   52, 0.0179200, 2.96610, 0.45752, sm80_xmma_gemm_f32f32_tf32f32_f32_tn_n_tilesize64x32x64_stage4_warpsize2x1x2_tensor16x8x8, 0x3136dd90b2c03, 
[07/22/2026-00:37:00] [TRT] [V]  (foreignNode)   94, 0.0179200, 2.96610, 0.49069, sm80_xmma_gemm_f32f32_f32f32_f32_tn_n_tilesize32x32x8_stage3_warpsize1x2x1_ffma_aligna4_alignc4, 0x2ff939ea4d97c, 
[07/22/2026-00:37:00] [TRT] [V]  (foreignNode)   97, 0.0183296, 3.03390, 0.48107, sm80_xmma_gemm_f32f32_f32f32_f32_nn_n_tilesize32x32x8_stage3_warpsize1x2x1_ffma_aligna4_alignc4, 0x42aa5eddc361d, 
[07/22/2026-00:37:00] [TRT] [V]  (foreignNode)   58, 0.0187392, 3.10169, 0.44284, sm80_xmma_gemm_f32f32_tf32f32_f32_nn_n_tilesize64x32x64_stage4_warpsize2x1x2_tensor16x8x8, 0x5673d1a6b068c, 
[07/22/2026-00:37:00] [TRT] [V]  (foreignNode)   64, 0.0197632, 3.27119, 0.43263, sm80_xmma_gemm_f32f32_tf32f32_f32_nn_n_tilesize32x256x32_stage4_warpsize1x4x1_tensor16x8x8, 0x28571a06337cf, 
[07/22/2026-00:37:00] [TRT] [V]  (foreignNode)    1, 0.0207872, 3.44068, 0.00000, sm50_xmma_cublas_gemvx_f32f32_f32_f32_tn_n_int32_unit_n_launch_param64x8x8_strided_unit_stride, 0x43f5eb20a0910, 
[07/22/2026-00:37:00] [TRT] [V]  (foreignNode)   40, 0.0207872, 3.44068, 0.37199, sm80_xmma_gemm_f32f32_tf32f32_f32_tn_n_tilesize64x128x16_stage4_warpsize2x2x1_tensor16x8x8, 0x65ec0d810641d, 
[07/22/2026-00:37:00] [TRT] [V]  (foreignNode)   44, 0.0207872, 3.44068, 0.37238, sm80_xmma_gemm_f32f32_tf32f32_f32_nn_n_tilesize64x128x16_stage4_warpsize2x2x1_tensor16x8x8, 0x4272f00d358ee, 
[07/22/2026-00:37:00] [TRT] [V]  (foreignNode)    2, 0.0209920, 3.47458, 0.00000, sm50_xmma_cublas_gemvx_f32f32_f32_f32_tn_n_int32_unit_n_launch_param32x4x4_strided_unit_stride, 0x38d3caf276b8c, 
[07/22/2026-00:37:00] [TRT] [V]  (foreignNode)   17, 0.0209920, 3.47458, 0.29703, sm80_xmma_gemm_f32f32_tf32f32_f32_tn_n_tilesize32x32x64_stage3_warpsize2x1x2_tensor16x8x8, 0x54d7dc7948946, 
[07/22/2026-00:37:00] [TRT] [V]  (foreignNode)   33, 0.0211968, 3.50847, 0.33998, sm80_xmma_gemm_f32f32_tf32f32_f32_tn_n_tilesize32x32x64_stage3_warpsize2x1x2_tensor16x8x8, 0x2dcb0fbde2387, 
[07/22/2026-00:37:00] [TRT] [V]  (foreignNode)   37, 0.0214016, 3.54237, 0.34845, sm80_xmma_gemm_f32f32_tf32f32_f32_nn_n_tilesize32x32x64_stage3_warpsize2x1x2_tensor16x8x8, 0x5aafe280ce3ae, 
[07/22/2026-00:37:00] [TRT] [V]  (foreignNode)   20, 0.0214048, 3.54290, 0.29981, sm80_xmma_gemm_f32f32_tf32f32_f32_nn_n_tilesize32x32x64_stage3_warpsize2x1x2_tensor16x8x8, 0x6836ebc937ef4, 
[07/22/2026-00:37:00] [TRT] [V]  (foreignNode)   68, 0.0216064, 3.57627, 0.39842, sm80_xmma_gemm_f32f32_f32f32_f32_nn_n_tilesize32x32x8_stage3_warpsize1x2x1_ffma_aligna4_alignc4, 0x48e90d7ac6e8b, 
[07/22/2026-00:37:00] [TRT] [V]  (foreignNode)   91, 0.0216128, 3.57733, 0.40581, sm86_xmma_gemm_f32f32_tf32f32_f32_tn_n_tilesize32x32x64_stage6_warpsize2x2x1_tensor16x8x8, 0x698aab303d57b, 
[07/22/2026-00:37:00] [TRT] [V]  (foreignNode)   78, 0.0218112, 3.61017, 0.39831, sm80_xmma_gemm_f32f32_f32f32_f32_nn_n_tilesize32x64x8_stage3_warpsize1x2x1_ffma_aligna4_alignc4, 0x3b0ea838bd0d6, 
[07/22/2026-00:37:00] [TRT] [V]  (foreignNode)   88, 0.0230400, 3.81356, 0.37956, sm80_xmma_gemm_f32f32_f32f32_f32_tn_n_tilesize32x32x8_stage3_warpsize1x2x1_ffma_aligna4_alignc4, 0x40c5388dba789, 
[07/22/2026-00:37:00] [TRT] [V]  (foreignNode)   66, 0.0238400, 3.94597, 0.35891, sm80_xmma_gemm_f32f32_f32f32_f32_nn_n_tilesize32x32x8_stage3_warpsize1x2x1_ffma_aligna4_alignc4, 0x4953098015a9d, 
[07/22/2026-00:37:00] [TRT] [V]  (foreignNode)   62, 0.0238624, 3.94968, 0.35631, sm86_xmma_gemm_f32f32_tf32f32_f32_tn_n_tilesize128x128x16_stage3_warpsize2x2x1_tensor16x8x8, 0x53e905ca65e7d, 
[07/22/2026-00:37:00] [TRT] [V]  (foreignNode)   81, 0.0246816, 4.08528, 0.35209, sm80_xmma_gemm_f32f32_f32f32_f32_tn_n_tilesize32x32x8_stage3_warpsize1x2x1_ffma_aligna4_alignc4, 0x40dfa7d1bacc1, 
[07/22/2026-00:37:00] [TRT] [V]  (foreignNode)   82, 0.0250848, 4.15201, 0.34742, sm80_xmma_gemm_f32f32_tf32f32_f32_tn_n_tilesize64x64x64_stage4_warpsize2x2x1_tensor16x8x8, 0x4031839a96790, 
[07/22/2026-00:37:00] [TRT] [V]  (foreignNode)   41, 0.0250880, 4.15254, 0.30842, sm86_xmma_gemm_f32f32_tf32f32_f32_tn_n_tilesize64x64x64_stage3_warpsize2x2x1_tensor16x8x8, 0x2c8a7ec2ae490, 
[07/22/2026-00:37:00] [TRT] [V]  (foreignNode)   46, 0.0250880, 4.15254, 0.31626, sm86_xmma_gemm_f32f32_tf32f32_f32_nn_n_tilesize64x64x64_stage3_warpsize2x2x1_tensor16x8x8, 0x3c5cc1d7d1f88, 
[07/22/2026-00:37:00] [TRT] [V]  (foreignNode)   73, 0.0252928, 4.18644, 0.34208, sm80_xmma_gemm_f32f32_f32f32_f32_nn_n_tilesize32x32x8_stage3_warpsize1x2x1_ffma_aligna4_alignc4, 0x49c1a20478f8c, 
[07/22/2026-00:37:00] [TRT] [V]  (foreignNode)   67, 0.0271328, 4.49100, 0.31726, sm80_xmma_gemm_f32f32_f32f32_f32_nn_n_tilesize32x32x8_stage3_warpsize1x2x1_ffma_aligna4_alignc4, 0x4d924ea4265e3, 
[07/22/2026-00:37:00] [TRT] [V]  (foreignNode)   93, 0.0271392, 4.49205, 0.32399, sm80_xmma_gemm_f32f32_f32f32_f32_tn_n_tilesize32x32x8_stage3_warpsize1x2x1_ffma_aligna4_alignc4, 0x29c35a1161fd3, 
[07/22/2026-00:37:00] [TRT] [V]  (foreignNode)   98, 0.0279552, 4.62712, 0.31580, sm80_xmma_gemm_f32f32_tf32f32_f32_nn_n_tilesize64x64x64_stage4_warpsize2x1x2_tensor16x8x8, 0x54a414aeb5ca5, 
[07/22/2026-00:37:00] [TRT] [V]  (foreignNode)   87, 0.0285696, 4.72881, 0.30608, sm80_xmma_gemm_f32f32_f32f32_f32_tn_n_tilesize32x32x8_stage3_warpsize1x2x1_ffma_aligna4_alignc4, 0x6776731cb9fda, 
[07/22/2026-00:37:00] [TRT] [V]  (foreignNode)   77, 0.0291840, 4.83051, 0.29767, sm80_xmma_gemm_f32f32_f32f32_f32_nn_n_tilesize32x64x8_stage3_warpsize1x2x1_ffma_aligna4_alignc4, 0x4a827b39d4a56, 
[07/22/2026-00:37:00] [TRT] [V]  (foreignNode)   85, 0.0291840, 4.83051, 0.29904, sm80_xmma_gemm_f32f32_tf32f32_f32_tn_n_tilesize64x128x16_stage4_warpsize2x2x1_tensor16x8x8, 0x29fd86fed5ccf, 
[07/22/2026-00:37:00] [TRT] [V]  (foreignNode)   89, 0.0291840, 4.83051, 0.29979, sm80_xmma_gemm_f32f32_tf32f32_f32_nn_n_tilesize64x128x16_stage4_warpsize2x2x1_tensor16x8x8, 0x301b34dd260fb, 
[07/22/2026-00:37:00] [TRT] [V]  (foreignNode)   10, 0.0293888, 4.86441, 0.00000, sm50_xmma_cublas_gemvx_f32f32_f32_f32_tn_n_int32_unit_n_launch_param8x32x1_strided_unit_stride, 0x560ff2b4f7eff, 
[07/22/2026-00:37:00] [TRT] [V]  (foreignNode)   11, 0.0293888, 4.86441, 0.00000, sm50_xmma_cublas_gemvx_f32f32_f32_f32_tn_n_int32_unit_n_launch_param4x32x1_strided_unit_stride, 0x4dfcc20b2d409, 
[07/22/2026-00:37:00] [TRT] [V]  (foreignNode)   26, 0.0338944, 5.61017, 0.20761, sm80_xmma_gemm_f32f32_tf32f32_f32_nn_n_tilesize32x32x64_stage3_warpsize2x1x2_tensor16x8x8, 0x3bf2318ff42c8, 
[07/22/2026-00:37:00] [TRT] [V]  (foreignNode)   22, 0.0340992, 5.64407, 0.19983, sm80_xmma_gemm_f32f32_tf32f32_f32_tn_n_tilesize32x32x64_stage3_warpsize2x1x2_tensor16x8x8, 0x4847028860d32, 
[07/22/2026-00:37:00] [TRT] [V]  (foreignNode)    6, 0.0369664, 6.11864, 0.00000, sm50_xmma_cublas_gemvx_f32f32_f32_f32_tn_n_int32_unit_n_launch_param16x8x1_strided_unit_stride, 0x43d46362191d0, 
[07/22/2026-00:37:00] [TRT] [V]  (foreignNode)   96, 0.0373792, 6.18697, 0.23590, sm80_xmma_gemm_f32f32_f32f32_f32_nn_n_tilesize32x32x8_stage3_warpsize1x2x1_ffma_aligna4_alignc4, 0x4301dc68397a0, 
[07/22/2026-00:37:00] [TRT] [V]  (foreignNode)   76, 0.0412640, 6.82998, 0.21052, sm86_xmma_gemm_f32f32_tf32f32_f32_tn_n_tilesize64x64x64_stage3_warpsize2x2x1_tensor16x8x8, 0x2f9eb5930ccd1, 
[07/22/2026-00:37:00] [TRT] [V]  (foreignNode)   29, 0.0435200, 7.20339, 0.16480, sm80_xmma_gemm_f32f32_tf32f32_f32_nn_n_tilesize64x128x16_stage4_warpsize2x2x1_tensor16x8x8, 0x39f099f0d57c8, 
[07/22/2026-00:37:00] [TRT] [V]  (foreignNode)   28, 0.0441344, 7.30508, 0.16248, sm80_xmma_gemm_f32f32_tf32f32_f32_tn_n_tilesize64x128x16_stage4_warpsize2x2x1_tensor16x8x8, 0x38dd8b2114906, 
[07/22/2026-00:37:00] [TRT] [V]  (foreignNode)   50, 0.0453600, 7.50794, 0.17990, sm86_xmma_gemm_f32f32_tf32f32_f32_tn_n_tilesize64x128x32_stage4_warpsize2x2x1_tensor16x8x8, 0x38615eab15fcb, 
[07/22/2026-00:37:00] [TRT] [V]  (foreignNode)   71, 0.0453600, 7.50794, 0.19021, sm80_xmma_gemm_f32f32_tf32f32_f32_tn_n_tilesize64x128x32_stage5_warpsize2x2x1_tensor16x8x8, 0x4818c5858eac6, 
[07/22/2026-00:37:00] [TRT] [V]  (foreignNode)   36, 0.0621568, 10.28814, 0.11994, sm80_xmma_gemm_f32f32_tf32f32_f32_nn_n_tilesize32x32x64_stage3_warpsize2x1x2_tensor16x8x8, 0x6628f0eed0fa2, 
[07/22/2026-00:37:00] [TRT] [V]  (foreignNode)   32, 0.0623680, 10.32309, 0.11552, sm80_xmma_gemm_f32f32_tf32f32_f32_tn_n_tilesize32x32x64_stage3_warpsize2x1x2_tensor16x8x8, 0x56f9b0adaeac2, 
[07/22/2026-00:37:00] [TRT] [V]  (foreignNode)    3, 0.0625664, 10.35593, 0.00000, sm50_xmma_cublas_gemvx_f32f32_f32_f32_tn_n_int32_unit_n_launch_param32x4x1_strided_unit_stride, 0x649a649a21d26, 
[07/22/2026-00:37:00] [TRT] [V]  (foreignNode)   54, 0.0637952, 10.55932, 0.12854, sm86_xmma_gemm_f32f32_tf32f32_f32_tn_n_tilesize128x128x16_stage3_warpsize2x2x1_tensor16x8x8, 0x58c32f9f20147, 
[07/22/2026-00:37:00] [TRT] [V]  (foreignNode)   69, 0.0638080, 10.56144, 0.13511, sm86_xmma_gemm_f32f32_tf32f32_f32_nn_n_tilesize128x128x16_stage3_warpsize2x2x1_tensor16x8x8, 0x562fd3515339c, 
[07/22/2026-00:37:00] [TRT] [V]  (foreignNode)   65, 0.0697344, 11.54237, 0.12270, sm80_xmma_gemm_f32f32_f32f32_f32_nn_n_tilesize32x32x8_stage3_warpsize1x2x1_ffma_aligna4_alignc4, 0x345a069f22656, 
[07/22/2026-00:37:00] [TRT] [V]  (foreignNode)   80, 0.0705536, 11.67797, 0.12317, sm80_xmma_gemm_f32f32_f32f32_f32_tn_n_tilesize32x32x8_stage3_warpsize1x2x1_ffma_aligna4_alignc4, 0x4fb78a2f81ab4, 
[07/22/2026-00:37:00] [TRT] [V]  (foreignNode)   63, 0.0762944, 12.62818, 0.11203, sm80_xmma_gemm_f32f32_tf32f32_f32_nn_n_tilesize32x256x32_stage4_warpsize1x4x1_tensor16x8x8, 0x5b74e541cf28d, 
[07/22/2026-00:37:00] [TRT] [V]  (foreignNode)   42, 0.0783360, 12.96610, 0.09878, sm80_xmma_gemm_f32f32_tf32f32_f32_nn_n_tilesize64x128x16_stage4_warpsize2x2x1_tensor16x8x8, 0x623c9171914f1, 
[07/22/2026-00:37:00] [TRT] [V]  (foreignNode)   39, 0.0789472, 13.06727, 0.09791, sm80_xmma_gemm_f32f32_tf32f32_f32_tn_n_tilesize64x128x16_stage4_warpsize2x2x1_tensor16x8x8, 0x4f6fac8db8968, 
[07/22/2026-00:37:00] [TRT] [V]  (foreignNode)    9, 0.1187840, 19.66102, 0.00000, sm50_xmma_cublas_gemvx_f32f32_f32_f32_tn_n_int32_unit_n_launch_param64x2x1_strided_unit_stride, 0x3ce727d562647, 
[07/22/2026-00:37:00] [TRT] [V]  (foreignNode)   61, 0.1197760, 19.82521, 0.07097, sm86_xmma_gemm_f32f32_tf32f32_f32_tn_n_tilesize128x128x16_stage3_warpsize2x2x1_tensor16x8x8, 0x37f1a309bc55f, 
[07/22/2026-00:37:00] [TRT] [V]  (foreignNode)    4, 0.1372480, 22.71716, 0.00000, sm50_xmma_cublas_gemvx_f32f32_f32_f32_tn_n_int32_unit_n_launch_param64x8x1_strided_unit_stride, 0x614b07179dddb, 
[07/22/2026-00:37:00] [TRT] [V]  (foreignNode) (Sparsity) Found 2 layer(s) eligible to use sparse tactics: node_conv2d, node_linear
[07/22/2026-00:37:00] [TRT] [V]  (foreignNode) (Sparsity) Chose 0 layer(s) using sparse tactics:
[07/22/2026-00:37:00] [TRT] [V] Subgraph compilation completed in 5.774 seconds.
[07/22/2026-00:37:00] [TRT] [V] Tactic: 0x0000000000000000 Time: 0
[07/22/2026-00:37:00] [TRT] [V] {ForeignNode[node_conv2d...ONNXTRT_castHelper_9]} (Myelin[0x80000023]) profiling completed in 5.78022 seconds. Fastest Tactic: 0x0000000000000000 Time: 0
[07/22/2026-00:37:00] [TRT] [V] >>>>>>>>>>>>>>> Chose Runner Type: Myelin Tactic: 0x0000000000000000
[07/22/2026-00:37:00] [TRT] [V] =============== Computing reformatting costs for available format set
[07/22/2026-00:37:00] [TRT] [V] =============== Computing reformatting costs for available format set
[07/22/2026-00:37:00] [TRT] [V] =============== Computing reformatting costs for available format set
[07/22/2026-00:37:00] [TRT] [V] Formats and tactics selection completed in 5.78485 seconds.
[07/22/2026-00:37:00] [TRT] [V] After reformat layers: 1 layers
[07/22/2026-00:37:00] [TRT] [V] Total number of blocks in pre-optimized block assignment: 1
[07/22/2026-00:37:00] [TRT] [I] Detected 1 inputs and 2 output network tensors.
[07/22/2026-00:37:00] [TRT] [V] Layer: {ForeignNode[node_conv2d...ONNXTRT_castHelper_9]} Host Persistent: 80 bytes Device Persistent: 0 bytes Scratch Memory: 131072 bytes
[07/22/2026-00:37:00] [TRT] [V] Skipped printing memory information for 0 layers with 0 memory size i.e. Host Persistent + Device Persistent + Scratch Memory == 0.
[07/22/2026-00:37:00] [TRT] [I] Total Host Persistent Memory: 80 bytes
[07/22/2026-00:37:00] [TRT] [I] Total Device Persistent Memory: 0 bytes
[07/22/2026-00:37:00] [TRT] [I] Max Scratch Memory: 131072 bytes
[07/22/2026-00:37:00] [TRT] [I] [BlockAssignment] Started assigning block shifts. This will take 1 steps to complete.
[07/22/2026-00:37:00] [TRT] [I] [BlockAssignment] Algorithm ShiftNTopDown took 0.005141ms to assign 1 blocks to 1 nodes requiring 131072 bytes.
[07/22/2026-00:37:00] [TRT] [V] Total number of blocks in optimized block assignment: 1
[07/22/2026-00:37:00] [TRT] [I] Total Activation Memory: 131072 bytes
[07/22/2026-00:37:00] [TRT] [I] Total Weights Memory: 13098880 bytes
[07/22/2026-00:37:00] [TRT] [V] Total number of generated kernels selected for the engine: 0
[07/22/2026-00:37:00] [TRT] [I] Compiler backend is used during engine execution.
[07/22/2026-00:37:00] [TRT] [V] Disabling unused tactic source: EDGE_MASK_CONVOLUTIONS
[07/22/2026-00:37:00] [TRT] [V] Disabling unused tactic source: JIT_CONVOLUTIONS
[07/22/2026-00:37:00] [TRT] [I] Engine generation completed in 5.80462 seconds.
[07/22/2026-00:37:00] [TRT] [V] Engine Layer Information:
Layer(Myelin): {ForeignNode[node_conv2d...ONNXTRT_castHelper_9]}, Tactic: 0x0000000000000000, x (Float[1,1,28,28]) -> y (Float[1,10]), z (Int64[1])
[07/22/2026-00:37:00] [TRT] [I] [MemUsageStats] Peak memory usage of TRT CPU/GPU memory allocators: CPU 0 MiB, GPU 12 MiB
[07/22/2026-00:37:00] [TRT] [V] Adding 1 engine(s) to plan file.
[07/22/2026-00:37:00] [TRT] [V] Adding 1 engine weights(s) to plan file.
============================== Start [case_normal,(),{}]
============================== End   [case_normal]
Finish
