[08/27/2026-12:21:00] [I] Expanded to 4 build route configurations
[08/27/2026-12:21:00] [I] --dryRun: 4 build routes would be tried:
[08/27/2026-12:21:00] [I] [0]:-conv_lowering=on -kgen:tiling=2
[08/27/2026-12:21:00] [I] [1]:-conv_lowering=on -kgen:tiling=0
[08/27/2026-12:21:00] [I] [2]:-conv_lowering=on -kgen:tiling=1
[08/27/2026-12:21:00] [I] [3]:-conv_lowering=off -kgen:tiling=2
[08/27/2026-12:21:01] [I] Expanded to 6 build route configurations
[08/27/2026-12:21:01] [I] --dryRun: 6 build routes would be tried:
[08/27/2026-12:21:01] [I] [0]:-conv_lowering=on -kgen:tiling=0
[08/27/2026-12:21:01] [I] [1]:-conv_lowering=on -kgen:tiling=1
[08/27/2026-12:21:01] [I] [2]:-conv_lowering=on -kgen:tiling=2
[08/27/2026-12:21:01] [I] [3]:-conv_lowering=off -kgen:tiling=0
[08/27/2026-12:21:01] [I] [4]:-conv_lowering=off -kgen:tiling=1
[08/27/2026-12:21:01] [I] [5]:-conv_lowering=off -kgen:tiling=2
&&&& RUNNING TensorRT.trtexec [TensorRT v110100] [b106] # trtexec --onnx=/work/trt-samples-for-hackathon-cn-wili/cookbook/00-Data/model/model-trained.onnx --tuneBuildRoutes=-conv_lowering=[on|off] -kgen:tiling=[0|1|2] --tuningSearch=fast --tuningCacheFile=./model-trained.TuningCache.json --tuningTimeOut=300 --saveEngine=model-trained-tuned.trt
[08/27/2026-12:21:02] [I] === Model Options ===
[08/27/2026-12:21:02] [I] Format: ONNX
[08/27/2026-12:21:02] [I] Model: /work/trt-samples-for-hackathon-cn-wili/cookbook/00-Data/model/model-trained.onnx
[08/27/2026-12:21:02] [I] Output:
[08/27/2026-12:21:02] [I] === Build Options ===
[08/27/2026-12:21:02] [I] Memory Pools: workspace: default, dlaSRAM: default, dlaLocalDRAM: default, dlaGlobalDRAM: default, tacticSharedMem: default
[08/27/2026-12:21:02] [I] avgTiming: 8
[08/27/2026-12:21:02] [I] Precision: Strongly Typed
[08/27/2026-12:21:02] [I] Layer Device Types:
[08/27/2026-12:21:02] [I] Decomposable Attentions:
[08/27/2026-12:21:02] [I] Refit: Disabled
[08/27/2026-12:21:02] [I] Strip weights: Disabled
[08/27/2026-12:21:02] [I] Version Compatible: Disabled
[08/27/2026-12:21:02] [I] ONNX Plugin InstanceNorm: Disabled
[08/27/2026-12:21:02] [I] ONNX kENABLE_UINT8_AND_ASYMMETRIC_QUANTIZATION_DLA flag: Disabled
[08/27/2026-12:21:02] [I] ONNX kREPORT_CAPABILITY_DLA flag: Disabled
[08/27/2026-12:21:02] [I] ONNX kADJUST_FOR_DLA flag: Disabled
[08/27/2026-12:21:02] [I] ONNX kENABLE_PLUGIN_OVERRIDE flag: Disabled
[08/27/2026-12:21:02] [I] TensorRT runtime: full
[08/27/2026-12:21:02] [I] Lean DLL Path:
[08/27/2026-12:21:02] [I] Tempfile Controls: { in_memory: allow, temporary: allow }
[08/27/2026-12:21:02] [I] Exclude Lean Runtime: Disabled
[08/27/2026-12:21:02] [I] Sparsity: Disabled
[08/27/2026-12:21:02] [I] Safe mode: Disabled
[08/27/2026-12:21:02] [I] Build DLA standalone loadable: Disabled
[08/27/2026-12:21:02] [I] Allow GPU fallback for DLA: Disabled
[08/27/2026-12:21:02] [I] DirectIO mode: Disabled
[08/27/2026-12:21:02] [I] Skip inference: Disabled
[08/27/2026-12:21:02] [I] Save engine: model-trained-tuned.trt
[08/27/2026-12:21:02] [I] Load engine:
[08/27/2026-12:21:02] [I] Profiling verbosity: 0
[08/27/2026-12:21:02] [I] Tactic sources: Using default tactic sources
[08/27/2026-12:21:02] [I] timingCacheMode: local
[08/27/2026-12:21:02] [I] timingCacheFile:
[08/27/2026-12:21:02] [I] Enable Compilation Cache: Enabled
[08/27/2026-12:21:02] [I] Enable Monitor Memory: Disabled
[08/27/2026-12:21:02] [I] CPU Only Mode: Disabled
[08/27/2026-12:21:02] [I] errorOnTimingCacheMiss: Disabled
[08/27/2026-12:21:02] [I] Preview Features: Use default preview flags.
[08/27/2026-12:21:02] [I] MaxAuxStreams: -1
[08/27/2026-12:21:02] [I] BuilderOptimizationLevel: -1
[08/27/2026-12:21:02] [I] MaxTactics: -1
[08/27/2026-12:21:02] [I] Weight Streaming: Disabled
[08/27/2026-12:21:02] [I] Runtime Platform: Same As Build
[08/27/2026-12:21:02] [I] Debug Tensors:
[08/27/2026-12:21:02] [I] Distributive Independence: Disabled
[08/27/2026-12:21:02] [I] Mark Unfused Tensors As Debug Tensors: Disabled
[08/27/2026-12:21:02] [I] Input(s)s format: CHW
[08/27/2026-12:21:02] [I] Output(s)s format: CHW
[08/27/2026-12:21:02] [I] Input build shapes: model
[08/27/2026-12:21:02] [I] === System Options ===
[08/27/2026-12:21:02] [I] Device: 0
[08/27/2026-12:21:02] [I] DLACore:
[08/27/2026-12:21:02] [I] Loaded static plugins:
[08/27/2026-12:21:02] [I] setPluginsToSerialize:
[08/27/2026-12:21:02] [I] dynamicPlugins:
[08/27/2026-12:21:02] [I] ignoreParsedPluginLibs: 0
[08/27/2026-12:21:02] [I]
[08/27/2026-12:21:02] [I] === Inference Options ===
[08/27/2026-12:21:02] [I] Batch: Explicit
[08/27/2026-12:21:02] [I] Input inference shapes: model
[08/27/2026-12:21:02] [I] Iterations: 10
[08/27/2026-12:21:02] [I] Duration: 3s (+ 200ms warm up)
[08/27/2026-12:21:02] [I] Sleep time: 0ms
[08/27/2026-12:21:02] [I] Idle time: 0ms
[08/27/2026-12:21:02] [I] Inference Streams: 1
[08/27/2026-12:21:02] [I] ExposeDMA: Disabled
[08/27/2026-12:21:02] [I] Data transfers: Disabled
[08/27/2026-12:21:02] [I] Spin-wait: Enabled
[08/27/2026-12:21:02] [I] Multithreading: Disabled
[08/27/2026-12:21:02] [I] CUDA Graph: Enabled
[08/27/2026-12:21:02] [I] Time Deserialize: Disabled
[08/27/2026-12:21:02] [I] Time Refit: Disabled
[08/27/2026-12:21:02] [I] NVTX verbosity: 0
[08/27/2026-12:21:02] [I] Persistent Cache Ratio: 0
[08/27/2026-12:21:02] [I] Optimization Profile Index: 0
[08/27/2026-12:21:02] [I] Weight Streaming Budget: 100.000000%
[08/27/2026-12:21:02] [I] Accuracy Algorithm: L0
[08/27/2026-12:21:02] [I] Absolute Tolerance (atol): 1e-05
[08/27/2026-12:21:02] [I] Relative Tolerance (rtol): 1e-05
[08/27/2026-12:21:02] [I] Inputs:
[08/27/2026-12:21:02] [I] Debug Tensor Save Destinations:
[08/27/2026-12:21:02] [I] Dump All Debug Tensor in Formats:
[08/27/2026-12:21:02] [I] === Reporting Options ===
[08/27/2026-12:21:02] [I] Verbose: Disabled
[08/27/2026-12:21:02] [I] Averages: 10 inferences
[08/27/2026-12:21:02] [I] Percentiles: 90,95,99
[08/27/2026-12:21:02] [I] Dump refittable layers:Disabled
[08/27/2026-12:21:02] [I] Dump output: Disabled
[08/27/2026-12:21:02] [I] Profile: Disabled
[08/27/2026-12:21:02] [I] Export timing to JSON file:
[08/27/2026-12:21:02] [I] Export output to JSON file:
[08/27/2026-12:21:02] [I] Export profile to JSON file:
[08/27/2026-12:21:02] [I]
[08/27/2026-12:21:02] [I] [TRT] [MemUsageChange] Init CUDA: CPU +29, GPU +0, now: CPU 35, GPU 458 (MiB)
[08/27/2026-12:21:02] [I] Expanded to 4 build route configurations
[08/27/2026-12:21:02] [I] Tuning phase1: 4 iterations.

&&&& TASK_BEGIN [iter=0] BuildRoute = '-conv_lowering=on -kgen:tiling=2'
[08/27/2026-12:21:02] [I] Tuning iteration [0]: -conv_lowering=on -kgen:tiling=2
&&&& RUNNING TensorRT.trtexec [TensorRT v110100] [b106] # trtexec --onnx=/work/trt-samples-for-hackathon-cn-wili/cookbook/00-Data/model/model-trained.onnx --setBuildRoute=-conv_lowering=on -kgen:tiling=2 --saveEngine=/tmp/trtexec_tuning_79287_iterphase1_0.plan --tuningResultFile=/tmp/trtexec_tuning_79287_iter0.json
[08/27/2026-12:21:02] [I] === Model Options ===
[08/27/2026-12:21:02] [I] Format: ONNX
[08/27/2026-12:21:02] [I] Model: /work/trt-samples-for-hackathon-cn-wili/cookbook/00-Data/model/model-trained.onnx
[08/27/2026-12:21:02] [I] Output:
[08/27/2026-12:21:02] [I] === Build Options ===
[08/27/2026-12:21:02] [I] Memory Pools: workspace: default, dlaSRAM: default, dlaLocalDRAM: default, dlaGlobalDRAM: default, tacticSharedMem: default
[08/27/2026-12:21:02] [I] avgTiming: 8
[08/27/2026-12:21:02] [I] Precision: Strongly Typed
[08/27/2026-12:21:02] [I] Layer Device Types:
[08/27/2026-12:21:02] [I] Decomposable Attentions:
[08/27/2026-12:21:02] [I] Refit: Disabled
[08/27/2026-12:21:02] [I] Strip weights: Disabled
[08/27/2026-12:21:02] [I] Version Compatible: Disabled
[08/27/2026-12:21:02] [I] ONNX Plugin InstanceNorm: Disabled
[08/27/2026-12:21:02] [I] ONNX kENABLE_UINT8_AND_ASYMMETRIC_QUANTIZATION_DLA flag: Disabled
[08/27/2026-12:21:02] [I] ONNX kREPORT_CAPABILITY_DLA flag: Disabled
[08/27/2026-12:21:02] [I] ONNX kADJUST_FOR_DLA flag: Disabled
[08/27/2026-12:21:02] [I] ONNX kENABLE_PLUGIN_OVERRIDE flag: Disabled
[08/27/2026-12:21:02] [I] TensorRT runtime: full
[08/27/2026-12:21:02] [I] Lean DLL Path:
[08/27/2026-12:21:02] [I] Tempfile Controls: { in_memory: allow, temporary: allow }
[08/27/2026-12:21:02] [I] Exclude Lean Runtime: Disabled
[08/27/2026-12:21:02] [I] Sparsity: Disabled
[08/27/2026-12:21:02] [I] Safe mode: Disabled
[08/27/2026-12:21:02] [I] Build DLA standalone loadable: Disabled
[08/27/2026-12:21:02] [I] Allow GPU fallback for DLA: Disabled
[08/27/2026-12:21:02] [I] DirectIO mode: Disabled
[08/27/2026-12:21:02] [I] Skip inference: Disabled
[08/27/2026-12:21:02] [I] Save engine: /tmp/trtexec_tuning_79287_iterphase1_0.plan
[08/27/2026-12:21:02] [I] Load engine:
[08/27/2026-12:21:02] [I] Profiling verbosity: 0
[08/27/2026-12:21:02] [I] Tactic sources: Using default tactic sources
[08/27/2026-12:21:02] [I] timingCacheMode: local
[08/27/2026-12:21:02] [I] timingCacheFile:
[08/27/2026-12:21:02] [I] Enable Compilation Cache: Enabled
[08/27/2026-12:21:02] [I] Enable Monitor Memory: Disabled
[08/27/2026-12:21:02] [I] CPU Only Mode: Disabled
[08/27/2026-12:21:02] [I] errorOnTimingCacheMiss: Disabled
[08/27/2026-12:21:02] [I] Preview Features: Use default preview flags.
[08/27/2026-12:21:02] [I] MaxAuxStreams: -1
[08/27/2026-12:21:02] [I] BuilderOptimizationLevel: -1
[08/27/2026-12:21:02] [I] MaxTactics: -1
[08/27/2026-12:21:02] [I] Weight Streaming: Disabled
[08/27/2026-12:21:02] [I] Runtime Platform: Same As Build
[08/27/2026-12:21:02] [I] Debug Tensors:
[08/27/2026-12:21:02] [I] Distributive Independence: Disabled
[08/27/2026-12:21:02] [I] Mark Unfused Tensors As Debug Tensors: Disabled
[08/27/2026-12:21:02] [I] Input(s)s format: CHW
[08/27/2026-12:21:02] [I] Output(s)s format: CHW
[08/27/2026-12:21:02] [I] Input build shapes: model
[08/27/2026-12:21:02] [I] === System Options ===
[08/27/2026-12:21:02] [I] Device: 0
[08/27/2026-12:21:02] [I] DLACore:
[08/27/2026-12:21:02] [I] Loaded static plugins:
[08/27/2026-12:21:02] [I] setPluginsToSerialize:
[08/27/2026-12:21:02] [I] dynamicPlugins:
[08/27/2026-12:21:02] [I] ignoreParsedPluginLibs: 0
[08/27/2026-12:21:02] [I]
[08/27/2026-12:21:02] [I] === Inference Options ===
[08/27/2026-12:21:02] [I] Batch: Explicit
[08/27/2026-12:21:02] [I] Input inference shapes: model
[08/27/2026-12:21:02] [I] Iterations: 10
[08/27/2026-12:21:02] [I] Duration: 3s (+ 200ms warm up)
[08/27/2026-12:21:02] [I] Sleep time: 0ms
[08/27/2026-12:21:02] [I] Idle time: 0ms
[08/27/2026-12:21:02] [I] Inference Streams: 1
[08/27/2026-12:21:02] [I] ExposeDMA: Disabled
[08/27/2026-12:21:02] [I] Data transfers: Disabled
[08/27/2026-12:21:02] [I] Spin-wait: Enabled
[08/27/2026-12:21:02] [I] Multithreading: Disabled
[08/27/2026-12:21:02] [I] CUDA Graph: Enabled
[08/27/2026-12:21:02] [I] Time Deserialize: Disabled
[08/27/2026-12:21:02] [I] Time Refit: Disabled
[08/27/2026-12:21:02] [I] NVTX verbosity: 0
[08/27/2026-12:21:02] [I] Persistent Cache Ratio: 0
[08/27/2026-12:21:02] [I] Optimization Profile Index: 0
[08/27/2026-12:21:02] [I] Weight Streaming Budget: 100.000000%
[08/27/2026-12:21:02] [I] Accuracy Algorithm: L0
[08/27/2026-12:21:02] [I] Absolute Tolerance (atol): 1e-05
[08/27/2026-12:21:02] [I] Relative Tolerance (rtol): 1e-05
[08/27/2026-12:21:02] [I] Inputs:
[08/27/2026-12:21:02] [I] Debug Tensor Save Destinations:
[08/27/2026-12:21:02] [I] Dump All Debug Tensor in Formats:
[08/27/2026-12:21:02] [I] === Reporting Options ===
[08/27/2026-12:21:02] [I] Verbose: Disabled
[08/27/2026-12:21:02] [I] Averages: 10 inferences
[08/27/2026-12:21:02] [I] Percentiles: 90,95,99
[08/27/2026-12:21:02] [I] Dump refittable layers:Disabled
[08/27/2026-12:21:02] [I] Dump output: Disabled
[08/27/2026-12:21:02] [I] Profile: Disabled
[08/27/2026-12:21:02] [I] Export timing to JSON file:
[08/27/2026-12:21:02] [I] Export output to JSON file:
[08/27/2026-12:21:02] [I] Export profile to JSON file:
[08/27/2026-12:21:02] [I]
[08/27/2026-12:21:02] [I] === Device Information ===
[08/27/2026-12:21:02] [I] Available Devices:
[08/27/2026-12:21:02] [I]   Device 0: "NVIDIA H100 PCIe" UUID: GPU-6b95b656-4bfb-1c8a-789d-76d749d0fe65
[08/27/2026-12:21:02] [I] Selected Device: NVIDIA H100 PCIe
[08/27/2026-12:21:02] [I] Selected Device ID: 0
[08/27/2026-12:21:02] [I] Selected Device UUID: GPU-6b95b656-4bfb-1c8a-789d-76d749d0fe65
[08/27/2026-12:21:02] [I] Compute Capability: 9.0
[08/27/2026-12:21:02] [I] SMs: 114
[08/27/2026-12:21:02] [I] Device Global Memory: 81071 MiB
[08/27/2026-12:21:02] [I] Shared Memory per SM: 228 KiB
[08/27/2026-12:21:02] [I] Memory Bus Width: 5120 bits (ECC enabled)
[08/27/2026-12:21:02] [I] Application Compute Clock Rate: 1.755 GHz
[08/27/2026-12:21:02] [I] Application Memory Clock Rate: 1.593 GHz
[08/27/2026-12:21:02] [I]
[08/27/2026-12:21:02] [I] Note: The application clock rates do not reflect the actual clock rates that the GPU is currently running at.
[08/27/2026-12:21:02] [I]
[08/27/2026-12:21:02] [I] TensorRT version: 11.1.0
[08/27/2026-12:21:02] [I] Loading standard plugins
[08/27/2026-12:21:02] [I] [TRT] [MemUsageChange] Init CUDA: CPU +0, GPU +0, now: CPU 32, GPU 914 (MiB)
[08/27/2026-12:21:02] [I] Using tuning build route: -conv_lowering=on -kgen:tiling=2
[08/27/2026-12:21:02] [I] Start parsing network model.
[08/27/2026-12:21:02] [I] [TRT] ----------------------------------------------------------------
[08/27/2026-12:21:02] [I] [TRT] Input filename:   /work/trt-samples-for-hackathon-cn-wili/cookbook/00-Data/model/model-trained.onnx
[08/27/2026-12:21:02] [I] [TRT] ONNX IR version:  0.0.10
[08/27/2026-12:21:02] [I] [TRT] Opset version:    18
[08/27/2026-12:21:02] [I] [TRT] Producer name:    pytorch
[08/27/2026-12:21:02] [I] [TRT] Producer version: 2.11.0a0+a6c236b9fd.nv26.03.46836102
[08/27/2026-12:21:02] [I] [TRT] Domain:
[08/27/2026-12:21:02] [I] [TRT] Model version:    0
[08/27/2026-12:21:02] [I] [TRT] Doc string:
[08/27/2026-12:21:02] [I] [TRT] ----------------------------------------------------------------
[08/27/2026-12:21:02] [W] [TRT] ModelImporter.cpp:1047: Make sure output z has Int64 binding.
[08/27/2026-12:21:02] [I] Finished parsing network model. Parse time: 0.0147091
[08/27/2026-12:21:02] [W] Dynamic dimensions required for input: x, but no shapes were provided. Automatically overriding shape to: 1x1x28x28
[08/27/2026-12:21:02] [I] Set shape of input tensor x for optimization profile 0 to: MIN=1x1x28x28 OPT=1x1x28x28 MAX=1x1x28x28
[08/27/2026-12:21:03] [I] [TRT] [MemUsageChange] Init builder kernel library: CPU +523, GPU +10, now: CPU 834, GPU 926 (MiB)
[08/27/2026-12:21:03] [I] [TRT] Local timing cache in use. Profiling results in this builder pass will not be stored.
[08/27/2026-12:21:04] [I] [TRT] Compiler backend is used during engine build.
[08/27/2026-12:21:04] [I] [TRT] [TuningBuildRoute] Using build route: -conv_lowering=on -kgen:tiling=2
[08/27/2026-12:21:10] [I] [TRT] Detected 1 inputs and 2 output network tensors.
[08/27/2026-12:21:10] [I] [TRT] Total Host Persistent Memory: 18896 bytes
[08/27/2026-12:21:10] [I] [TRT] Total Device Persistent Memory: 0 bytes
[08/27/2026-12:21:10] [I] [TRT] Max Scratch Memory: 4608 bytes
[08/27/2026-12:21:10] [I] [TRT] [BlockAssignment] Started assigning block shifts. This will take 5 steps to complete.
[08/27/2026-12:21:10] [I] [TRT] [BlockAssignment] Algorithm ShiftNTopDown took 0.01448ms to assign 2 blocks to 5 nodes requiring 125440 bytes.
[08/27/2026-12:21:10] [I] [TRT] Total Activation Memory: 125440 bytes
[08/27/2026-12:21:10] [I] [TRT] Total Weights Memory: 13100672 bytes
[08/27/2026-12:21:10] [I] [TRT] Compiler backend is used during engine execution.
[08/27/2026-12:21:10] [I] [TRT] Engine generation completed in 7.28323 seconds.
[08/27/2026-12:21:10] [I] [TRT] [MemUsageStats] Peak memory usage of TRT CPU/GPU memory allocators: CPU 0 MiB, GPU 13 MiB
[08/27/2026-12:21:10] [I] Created engine with size: 12.5781 MiB
[08/27/2026-12:21:10] [I] Engine built in 7.97911 sec.
[08/27/2026-12:21:11] [I] Engine deserialized in 0.00743164 sec.
[08/27/2026-12:21:11] [I] [TRT] [MemUsageChange] TensorRT-managed allocation in IExecutionContext creation: CPU +0, GPU +0, now: CPU 0, GPU 12 (MiB)
[08/27/2026-12:21:11] [I] Setting persistentCacheLimit to 0 bytes.
[08/27/2026-12:21:11] [I] Created execution context with device memory size: 0.119629 MiB
[08/27/2026-12:21:11] [I] Using random values for input x
[08/27/2026-12:21:11] [I] Input binding for x with dimensions 1x1x28x28 and type fp32 is created.
[08/27/2026-12:21:11] [I] Output binding for y with dimensions 1x10 and type fp32 is created.
[08/27/2026-12:21:11] [I] Output binding for z with dimensions 1 and type int64 is created.
[08/27/2026-12:21:11] [I] Starting inference
[08/27/2026-12:21:11] [I] Capturing CUDA graph for the current execution context
[08/27/2026-12:21:11] [I] Successfully captured CUDA graph for the current execution context. When profiling with Nsight Systems, add "--cuda-graph-trace=node" to the nsys command to see per-kernel execution times.
[08/27/2026-12:21:15] [I] Warmup completed 6559 queries over 200 ms
[08/27/2026-12:21:15] [I] Timing trace has 99282 queries over 3.00006 s
[08/27/2026-12:21:15] [I]
[08/27/2026-12:21:15] [I] === Trace details ===
[08/27/2026-12:21:15] [I] Trace averages of 10 runs:
[08/27/2026-12:21:15] [I] Average on 10 runs - GPU latency: 0.028743 ms - Host latency: 0.028743 ms (enqueue 0.00186462 ms)
[08/27/2026-12:21:15] [I] Average on 10 runs - GPU latency: 0.0287628 ms - Host latency: 0.0287628 ms (enqueue 0.0018631 ms)
[08/27/2026-12:21:15] [I] Average on 10 runs - GPU latency: 0.028804 ms - Host latency: 0.028804 ms (enqueue 0.00189362 ms)
[08/27/2026-12:21:15] [I] Average on 10 runs - GPU latency: 0.028772 ms - Host latency: 0.028772 ms (enqueue 0.00182648 ms)
[08/27/2026-12:21:15] [I] Average on 10 runs - GPU latency: 0.0287277 ms - Host latency: 0.0287277 ms (enqueue 0.00180969 ms)
[08/27/2026-12:21:15] [I] Average on 10 runs - GPU latency: 0.0287369 ms - Host latency: 0.0287369 ms (enqueue 0.00183868 ms)
[08/27/2026-12:21:15] [I] Average on 10 runs - GPU latency: 0.028801 ms - Host latency: 0.028801 ms (enqueue 0.0018219 ms)
[08/27/2026-12:21:15] [I] Average on 10 runs - GPU latency: 0.0287582 ms - Host latency: 0.0287582 ms (enqueue 0.00187378 ms)
[08/27/2026-12:21:15] [I] Average on 10 runs - GPU latency: 0.0287628 ms - Host latency: 0.0287628 ms (enqueue 0.00192871 ms)
[08/27/2026-12:21:15] [I] Average on 10 runs - GPU latency: 0.0287415 ms - Host latency: 0.0287415 ms (enqueue 0.00184479 ms)
[08/27/2026-12:21:15] [I] Average on 10 runs - GPU latency: 0.0287094 ms - Host latency: 0.0287094 ms (enqueue 0.00186615 ms)
[08/27/2026-12:21:15] [I] Average on 10 runs - GPU latency: 0.0288452 ms - Host latency: 0.0288452 ms (enqueue 0.00191345 ms)
[08/27/2026-12:21:15] [I] Average on 10 runs - GPU latency: 0.0288055 ms - Host latency: 0.0288055 ms (enqueue 0.00261993 ms)
[08/27/2026-12:21:15] [I] Average on 10 runs - GPU latency: 0.0287811 ms - Host latency: 0.0287811 ms (enqueue 0.00186157 ms)
[08/27/2026-12:21:15] [I] Average on 10 runs - GPU latency: 0.028714 ms - Host latency: 0.028714 ms (enqueue 0.00190582 ms)
[08/27/2026-12:21:15] [I] Average on 10 runs - GPU latency: 0.0287491 ms - Host latency: 0.0287491 ms (enqueue 0.00186615 ms)
[08/27/2026-12:21:15] [I] Average on 10 runs - GPU latency: 0.0287491 ms - Host latency: 0.0287491 ms (enqueue 0.00183716 ms)
[08/27/2026-12:21:15] [I] Average on 10 runs - GPU latency: 0.0287781 ms - Host latency: 0.0287781 ms (enqueue 0.0019989 ms)
[08/27/2026-12:21:15] [I] Average on 10 runs - GPU latency: 0.0286957 ms - Host latency: 0.0286957 ms (enqueue 0.00186462 ms)
[08/27/2026-12:21:15] [I] Average on 10 runs - GPU latency: 0.0287659 ms - Host latency: 0.0287659 ms (enqueue 0.00184784 ms)
[08/27/2026-12:21:15] [I] Average on 10 runs - GPU latency: 0.0287689 ms - Host latency: 0.0287689 ms (enqueue 0.00183868 ms)
[08/27/2026-12:21:15] [I] Average on 10 runs - GPU latency: 0.0293518 ms - Host latency: 0.0293518 ms (enqueue 0.00274353 ms)
[08/27/2026-12:21:15] [I] Average on 10 runs - GPU latency: 0.0287613 ms - Host latency: 0.0287613 ms (enqueue 0.00191345 ms)
[08/27/2026-12:21:15] [I] Average on 10 runs - GPU latency: 0.0287216 ms - Host latency: 0.0287216 ms (enqueue 0.00185242 ms)
[08/27/2026-12:21:15] [I] Average on 10 runs - GPU latency: 0.0287323 ms - Host latency: 0.0287323 ms (enqueue 0.00184326 ms)
[08/27/2026-12:21:15] [I] Average on 10 runs - GPU latency: 0.0287659 ms - Host latency: 0.0287659 ms (enqueue 0.00186615 ms)
[08/27/2026-12:21:15] [I] Average on 10 runs - GPU latency: 0.0287491 ms - Host latency: 0.0287491 ms (enqueue 0.00184784 ms)
[08/27/2026-12:21:15] [I] Average on 10 runs - GPU latency: 0.0287674 ms - Host latency: 0.0287674 ms (enqueue 0.00182495 ms)
[08/27/2026-12:21:15] [I] Average on 10 runs - GPU latency: 0.0287689 ms - Host latency: 0.0287689 ms (enqueue 0.00181274 ms)
[08/27/2026-12:21:15] [I] Average on 10 runs - GPU latency: 0.0287735 ms - Host latency: 0.0287735 ms (enqueue 0.00182953 ms)
[08/27/2026-12:21:15] [I] Average on 10 runs - GPU latency: 0.0287735 ms - Host latency: 0.0287735 ms (enqueue 0.00184631 ms)
[08/27/2026-12:21:15] [I] Average on 10 runs - GPU latency: 0.0287552 ms - Host latency: 0.0287552 ms (enqueue 0.00186615 ms)
[08/27/2026-12:21:15] [I] Average on 10 runs - GPU latency: 0.0287659 ms - Host latency: 0.0287659 ms (enqueue 0.00193787 ms)
[08/27/2026-12:21:15] [I] Average on 10 runs - GPU latency: 0.0287262 ms - Host latency: 0.0287262 ms (enqueue 0.00180054 ms)
[08/27/2026-12:21:15] [I] Average on 10 runs - GPU latency: 0.0287796 ms - Host latency: 0.0287796 ms (enqueue 0.00185547 ms)
[08/27/2026-12:21:15] [I] Average on 10 runs - GPU latency: 0.028775 ms - Host latency: 0.028775 ms (enqueue 0.00182648 ms)
[08/27/2026-12:21:15] [I] Average on 10 runs - GPU latency: 0.028688 ms - Host latency: 0.028688 ms (enqueue 0.00181427 ms)
[08/27/2026-12:21:15] [I] Average on 10 runs - GPU latency: 0.0287018 ms - Host latency: 0.0287018 ms (enqueue 0.00184174 ms)
[08/27/2026-12:21:15] [I] Average on 10 runs - GPU latency: 0.0287292 ms - Host latency: 0.0287292 ms (enqueue 0.00183258 ms)
[08/27/2026-12:21:15] [I] Average on 10 runs - GPU latency: 0.0287369 ms - Host latency: 0.0287369 ms (enqueue 0.00185242 ms)
[08/27/2026-12:21:15] [I] Average on 10 runs - GPU latency: 0.028746 ms - Host latency: 0.028746 ms (enqueue 0.00185242 ms)
[08/27/2026-12:21:15] [I] Average on 10 runs - GPU latency: 0.0287811 ms - Host latency: 0.0287811 ms (enqueue 0.00185547 ms)
[08/27/2026-12:21:15] [I] Average on 10 runs - GPU latency: 0.0288101 ms - Host latency: 0.0288101 ms (enqueue 0.00189362 ms)
[08/27/2026-12:21:15] [I] Average on 10 runs - GPU latency: 0.0287643 ms - Host latency: 0.0287643 ms (enqueue 0.0018631 ms)
[08/27/2026-12:21:15] [I] Average on 10 runs - GPU latency: 0.0287827 ms - Host latency: 0.0287827 ms (enqueue 0.00181885 ms)
[08/27/2026-12:21:15] [I] Average on 10 runs - GPU latency: 0.0287735 ms - Host latency: 0.0287735 ms (enqueue 0.00183411 ms)
[08/27/2026-12:21:15] [I] Average on 10 runs - GPU latency: 0.028714 ms - Host latency: 0.028714 ms (enqueue 0.00183411 ms)
[08/27/2026-12:21:15] [I] Average on 10 runs - GPU latency: 0.0287628 ms - Host latency: 0.0287628 ms (enqueue 0.00184784 ms)
[08/27/2026-12:21:15] [I] Average on 10 runs - GPU latency: 0.0287476 ms - Host latency: 0.0287476 ms (enqueue 0.00181732 ms)
[08/27/2026-12:21:15] [I] Average on 10 runs - GPU latency: 0.0287827 ms - Host latency: 0.0287827 ms (enqueue 0.00184326 ms)
[08/27/2026-12:21:15] [I] Average on 10 runs - GPU latency: 0.0287689 ms - Host latency: 0.0287689 ms (enqueue 0.00182495 ms)
[08/27/2026-12:21:15] [I] Average on 10 runs - GPU latency: 0.0287918 ms - Host latency: 0.0287918 ms (enqueue 0.00190277 ms)
[08/27/2026-12:21:15] [I] Average on 10 runs - GPU latency: 0.0287231 ms - Host latency: 0.0287231 ms (enqueue 0.00186615 ms)
[08/27/2026-12:21:15] [I] Average on 10 runs - GPU latency: 0.0287384 ms - Host latency: 0.0287384 ms (enqueue 0.0018631 ms)
[08/27/2026-12:21:15] [I] Average on 10 runs - GPU latency: 0.0287399 ms - Host latency: 0.0287399 ms (enqueue 0.00184937 ms)
[08/27/2026-12:21:15] [I] Average on 10 runs - GPU latency: 0.0287064 ms - Host latency: 0.0287064 ms (enqueue 0.00186005 ms)
[08/27/2026-12:21:15] [I] Average on 10 runs - GPU latency: 0.0287537 ms - Host latency: 0.0287537 ms (enqueue 0.00189819 ms)
[08/27/2026-12:21:15] [I] Average on 10 runs - GPU latency: 0.0287643 ms - Host latency: 0.0287643 ms (enqueue 0.00186768 ms)
[08/27/2026-12:21:15] [I] Average on 10 runs - GPU latency: 0.0287277 ms - Host latency: 0.0287277 ms (enqueue 0.00188599 ms)
[08/27/2026-12:21:15] [I] Average on 10 runs - GPU latency: 0.0287338 ms - Host latency: 0.0287338 ms (enqueue 0.00193481 ms)
[08/27/2026-12:21:15] [I] Average on 10 runs - GPU latency: 0.0287613 ms - Host latency: 0.0287613 ms (enqueue 0.00185699 ms)
[08/27/2026-12:21:15] [I] Average on 10 runs - GPU latency: 0.0287308 ms - Host latency: 0.0287308 ms (enqueue 0.00189362 ms)
[08/27/2026-12:21:15] [I] Average on 10 runs - GPU latency: 0.0287796 ms - Host latency: 0.0287796 ms (enqueue 0.00187225 ms)
[08/27/2026-12:21:15] [I] Average on 10 runs - GPU latency: 0.0287582 ms - Host latency: 0.0287582 ms (enqueue 0.00180054 ms)
[08/27/2026-12:21:15] [I] Average on 10 runs - GPU latency: 0.0287476 ms - Host latency: 0.0287476 ms (enqueue 0.00190125 ms)
[08/27/2026-12:21:15] [I] Average on 10 runs - GPU latency: 0.0287521 ms - Host latency: 0.0287521 ms (enqueue 0.00183868 ms)
[08/27/2026-12:21:15] [I] Average on 10 runs - GPU latency: 0.0287796 ms - Host latency: 0.0287796 ms (enqueue 0.00187836 ms)
[08/27/2026-12:21:15] [I] Average on 10 runs - GPU latency: 0.0287338 ms - Host latency: 0.0287338 ms (enqueue 0.00182495 ms)
[08/27/2026-12:21:15] [I] Average on 10 runs - GPU latency: 0.0287216 ms - Host latency: 0.0287216 ms (enqueue 0.00183868 ms)
[08/27/2026-12:21:15] [I] Average on 10 runs - GPU latency: 0.0287216 ms - Host latency: 0.0287216 ms (enqueue 0.00183105 ms)
[08/27/2026-12:21:15] [I] Average on 10 runs - GPU latency: 0.028743 ms - Host latency: 0.028743 ms (enqueue 0.00183563 ms)
[08/27/2026-12:21:15] [I] Average on 10 runs - GPU latency: 0.0287582 ms - Host latency: 0.0287582 ms (enqueue 0.00183258 ms)
[08/27/2026-12:21:15] [I] Average on 10 runs - GPU latency: 0.0287781 ms - Host latency: 0.0287781 ms (enqueue 0.00195618 ms)
[08/27/2026-12:21:15] [I] Average on 10 runs - GPU latency: 0.0286957 ms - Host latency: 0.0286957 ms (enqueue 0.00183716 ms)
[08/27/2026-12:21:15] [I] Average on 10 runs - GPU latency: 0.0287521 ms - Host latency: 0.0287521 ms (enqueue 0.00188446 ms)
[08/27/2026-12:21:15] [I] Average on 10 runs - GPU latency: 0.0286896 ms - Host latency: 0.0286896 ms (enqueue 0.00221252 ms)
[08/27/2026-12:21:15] [I] Average on 10 runs - GPU latency: 0.0287354 ms - Host latency: 0.0287354 ms (enqueue 0.00186005 ms)
[08/27/2026-12:21:15] [I] Average on 10 runs - GPU latency: 0.028772 ms - Host latency: 0.028772 ms (enqueue 0.00183716 ms)
[08/27/2026-12:21:15] [I] Average on 10 runs - GPU latency: 0.0287659 ms - Host latency: 0.0287659 ms (enqueue 0.00182037 ms)
[08/27/2026-12:21:15] [I] Average on 10 runs - GPU latency: 0.0287689 ms - Host latency: 0.0287689 ms (enqueue 0.0019043 ms)
[08/27/2026-12:21:15] [I] Average on 10 runs - GPU latency: 0.0287445 ms - Host latency: 0.0287445 ms (enqueue 0.00197144 ms)
[08/27/2026-12:21:15] [I] Average on 10 runs - GPU latency: 0.0287628 ms - Host latency: 0.0287628 ms (enqueue 0.0018631 ms)
[08/27/2026-12:21:15] [I] Average on 10 runs - GPU latency: 0.0287766 ms - Host latency: 0.0287766 ms (enqueue 0.00189667 ms)
[08/27/2026-12:21:15] [I] Average on 10 runs - GPU latency: 0.0287384 ms - Host latency: 0.0287384 ms (enqueue 0.00185394 ms)
[08/27/2026-12:21:15] [I] Average on 10 runs - GPU latency: 0.028743 ms - Host latency: 0.028743 ms (enqueue 0.00181427 ms)
[08/27/2026-12:21:15] [I] Average on 10 runs - GPU latency: 0.028772 ms - Host latency: 0.028772 ms (enqueue 0.00189514 ms)
[08/27/2026-12:21:15] [I] Average on 10 runs - GPU latency: 0.0287369 ms - Host latency: 0.0287369 ms (enqueue 0.00185242 ms)
[08/27/2026-12:21:15] [I] Average on 10 runs - GPU latency: 0.0287323 ms - Host latency: 0.0287323 ms (enqueue 0.00180969 ms)
[08/27/2026-12:21:15] [I] Average on 10 runs - GPU latency: 0.0287674 ms - Host latency: 0.0287674 ms (enqueue 0.00192108 ms)
[08/27/2026-12:21:15] [I] Average on 10 runs - GPU latency: 0.0287277 ms - Host latency: 0.0287277 ms (enqueue 0.00185699 ms)
[08/27/2026-12:21:15] [I] Average on 10 runs - GPU latency: 0.0287567 ms - Host latency: 0.0287567 ms (enqueue 0.00185547 ms)
[08/27/2026-12:21:15] [I] Average on 10 runs - GPU latency: 0.0287521 ms - Host latency: 0.0287521 ms (enqueue 0.00184631 ms)
[08/27/2026-12:21:15] [I] Average on 10 runs - GPU latency: 0.0287201 ms - Host latency: 0.0287201 ms (enqueue 0.00184937 ms)
[08/27/2026-12:21:15] [I] Average on 10 runs - GPU latency: 0.0287964 ms - Host latency: 0.0287964 ms (enqueue 0.00190125 ms)
[08/27/2026-12:21:15] [I] Average on 10 runs - GPU latency: 0.0287766 ms - Host latency: 0.0287766 ms (enqueue 0.00187225 ms)
[08/27/2026-12:21:15] [I] Average on 10 runs - GPU latency: 0.0287491 ms - Host latency: 0.0287491 ms (enqueue 0.00221405 ms)
[08/27/2026-12:21:15] [I] Average on 10 runs - GPU latency: 0.028717 ms - Host latency: 0.028717 ms (enqueue 0.00186615 ms)
[08/27/2026-12:21:15] [I] Average on 10 runs - GPU latency: 0.0287704 ms - Host latency: 0.0287704 ms (enqueue 0.00198822 ms)
[08/27/2026-12:21:15] [I] Average on 10 runs - GPU latency: 0.0287399 ms - Host latency: 0.0287399 ms (enqueue 0.00189972 ms)
[08/27/2026-12:21:15] [I] Average on 10 runs - GPU latency: 0.028775 ms - Host latency: 0.028775 ms (enqueue 0.0018631 ms)
[08/27/2026-12:21:15] [I] Average on 10 runs - GPU latency: 0.0287231 ms - Host latency: 0.0287231 ms (enqueue 0.00204468 ms)
[08/27/2026-12:21:15] [I] Average on 10 runs - GPU latency: 0.0287384 ms - Host latency: 0.0287384 ms (enqueue 0.00193024 ms)
[08/27/2026-12:21:15] [I] Average on 10 runs - GPU latency: 0.0287384 ms - Host latency: 0.0287384 ms (enqueue 0.00185699 ms)
[08/27/2026-12:21:15] [I] Average on 10 runs - GPU latency: 0.0288086 ms - Host latency: 0.0288086 ms (enqueue 0.00200043 ms)
[08/27/2026-12:21:15] [I] Average on 10 runs - GPU latency: 0.0287888 ms - Host latency: 0.0287888 ms (enqueue 0.00187225 ms)
[08/27/2026-12:21:15] [I] Average on 10 runs - GPU latency: 0.0287949 ms - Host latency: 0.0287949 ms (enqueue 0.00192871 ms)
[08/27/2026-12:21:15] [I] Average on 10 runs - GPU latency: 0.0287842 ms - Host latency: 0.0287842 ms (enqueue 0.00190735 ms)
[08/27/2026-12:21:15] [I] Average on 10 runs - GPU latency: 0.0287201 ms - Host latency: 0.0287201 ms (enqueue 0.00202789 ms)
[08/27/2026-12:21:15] [I] Average on 10 runs - GPU latency: 0.0287491 ms - Host latency: 0.0287491 ms (enqueue 0.00184631 ms)
[08/27/2026-12:21:15] [I] Average on 10 runs - GPU latency: 0.0287735 ms - Host latency: 0.0287735 ms (enqueue 0.00185699 ms)
[08/27/2026-12:21:15] [I] Average on 10 runs - GPU latency: 0.0287888 ms - Host latency: 0.0287888 ms (enqueue 0.00200958 ms)
[08/27/2026-12:21:15] [I] Average on 10 runs - GPU latency: 0.0287857 ms - Host latency: 0.0287857 ms (enqueue 0.00189056 ms)
[08/27/2026-12:21:15] [I] Average on 10 runs - GPU latency: 0.028775 ms - Host latency: 0.028775 ms (enqueue 0.00192261 ms)
[08/27/2026-12:21:15] [I] Average on 10 runs - GPU latency: 0.028775 ms - Host latency: 0.028775 ms (enqueue 0.00199738 ms)
[08/27/2026-12:21:15] [I] Average on 10 runs - GPU latency: 0.0287582 ms - Host latency: 0.0287582 ms (enqueue 0.00188446 ms)
[08/27/2026-12:21:15] [I] Average on 10 runs - GPU latency: 0.0287292 ms - Host latency: 0.0287292 ms (enqueue 0.00243225 ms)
[08/27/2026-12:21:15] [I] Average on 10 runs - GPU latency: 0.0287369 ms - Host latency: 0.0287369 ms (enqueue 0.00186615 ms)
[08/27/2026-12:21:15] [I] Average on 10 runs - GPU latency: 0.0287979 ms - Host latency: 0.0287979 ms (enqueue 0.00195312 ms)
[08/27/2026-12:21:15] [I] Average on 10 runs - GPU latency: 0.0287552 ms - Host latency: 0.0287552 ms (enqueue 0.00186005 ms)
[08/27/2026-12:21:15] [I] Average on 10 runs - GPU latency: 0.0287643 ms - Host latency: 0.0287643 ms (enqueue 0.00183105 ms)
[08/27/2026-12:21:15] [I] Average on 10 runs - GPU latency: 0.0287933 ms - Host latency: 0.0287933 ms (enqueue 0.00207977 ms)
[08/27/2026-12:21:15] [I] Average on 10 runs - GPU latency: 0.0288239 ms - Host latency: 0.0288239 ms (enqueue 0.00187683 ms)
[08/27/2026-12:21:15] [I] Average on 10 runs - GPU latency: 0.0287674 ms - Host latency: 0.0287674 ms (enqueue 0.00185699 ms)
[08/27/2026-12:21:15] [I] Average on 10 runs - GPU latency: 0.0287476 ms - Host latency: 0.0287476 ms (enqueue 0.00184021 ms)
[08/27/2026-12:21:15] [I] Average on 10 runs - GPU latency: 0.0287827 ms - Host latency: 0.0287827 ms (enqueue 0.0019104 ms)
[08/27/2026-12:21:15] [I] Average on 10 runs - GPU latency: 0.0287445 ms - Host latency: 0.0287445 ms (enqueue 0.00183411 ms)
[08/27/2026-12:21:15] [I] Average on 10 runs - GPU latency: 0.0287582 ms - Host latency: 0.0287582 ms (enqueue 0.00183716 ms)
[08/27/2026-12:21:15] [I] Average on 10 runs - GPU latency: 0.0287674 ms - Host latency: 0.0287674 ms (enqueue 0.00182343 ms)
[08/27/2026-12:21:15] [I] Average on 10 runs - GPU latency: 0.0287827 ms - Host latency: 0.0287827 ms (enqueue 0.00186768 ms)
[08/27/2026-12:21:15] [I] Average on 10 runs - GPU latency: 0.0287567 ms - Host latency: 0.0287567 ms (enqueue 0.00184021 ms)
[08/27/2026-12:21:15] [I] Average on 10 runs - GPU latency: 0.0287766 ms - Host latency: 0.0287766 ms (enqueue 0.00200806 ms)
[08/27/2026-12:21:15] [I] Average on 10 runs - GPU latency: 0.0288223 ms - Host latency: 0.0288223 ms (enqueue 0.00187531 ms)
[08/27/2026-12:21:15] [I] Average on 10 runs - GPU latency: 0.0287308 ms - Host latency: 0.0287308 ms (enqueue 0.00183105 ms)
[08/27/2026-12:21:15] [I] Average on 10 runs - GPU latency: 0.0287918 ms - Host latency: 0.0287918 ms (enqueue 0.00184937 ms)
[08/27/2026-12:21:15] [I] Average on 10 runs - GPU latency: 0.0287292 ms - Host latency: 0.0287292 ms (enqueue 0.00184326 ms)
[08/27/2026-12:21:15] [I] Average on 10 runs - GPU latency: 0.028743 ms - Host latency: 0.028743 ms (enqueue 0.001828 ms)
[08/27/2026-12:21:15] [I] Average on 10 runs - GPU latency: 0.0287491 ms - Host latency: 0.0287491 ms (enqueue 0.00183105 ms)
[08/27/2026-12:21:15] [I] Average on 10 runs - GPU latency: 0.0287476 ms - Host latency: 0.0287476 ms (enqueue 0.00183411 ms)
[08/27/2026-12:21:15] [I] Average on 10 runs - GPU latency: 0.0287582 ms - Host latency: 0.0287582 ms (enqueue 0.00185852 ms)
[08/27/2026-12:21:15] [I] Average on 10 runs - GPU latency: 0.0287125 ms - Host latency: 0.0287125 ms (enqueue 0.00184937 ms)
[08/27/2026-12:21:15] [I] Average on 10 runs - GPU latency: 0.0287613 ms - Host latency: 0.0287613 ms (enqueue 0.00183716 ms)
[08/27/2026-12:21:15] [I] Average on 10 runs - GPU latency: 0.0287643 ms - Host latency: 0.0287643 ms (enqueue 0.00190582 ms)
[08/27/2026-12:21:15] [I] Average on 10 runs - GPU latency: 0.0287567 ms - Host latency: 0.0287567 ms (enqueue 0.00191345 ms)
[08/27/2026-12:21:15] [I] Average on 10 runs - GPU latency: 0.0287521 ms - Host latency: 0.0287521 ms (enqueue 0.00190125 ms)
[08/27/2026-12:21:15] [I] Average on 10 runs - GPU latency: 0.0287308 ms - Host latency: 0.0287308 ms (enqueue 0.00183868 ms)
[08/27/2026-12:21:15] [I] Average on 10 runs - GPU latency: 0.0287628 ms - Host latency: 0.0287628 ms (enqueue 0.00188293 ms)
[08/27/2026-12:21:15] [I] Average on 10 runs - GPU latency: 0.0287338 ms - Host latency: 0.0287338 ms (enqueue 0.0018219 ms)
[08/27/2026-12:21:15] [I] Average on 10 runs - GPU latency: 0.0288391 ms - Host latency: 0.0288391 ms (enqueue 0.00186768 ms)
[08/27/2026-12:21:15] [I] Average on 10 runs - GPU latency: 0.0287796 ms - Host latency: 0.0287796 ms (enqueue 0.00185699 ms)
[08/27/2026-12:21:15] [I] Average on 10 runs - GPU latency: 0.028743 ms - Host latency: 0.028743 ms (enqueue 0.00185242 ms)
[08/27/2026-12:21:15] [I] Average on 10 runs - GPU latency: 0.0287247 ms - Host latency: 0.0287247 ms (enqueue 0.00182037 ms)
[08/27/2026-12:21:15] [I] Average on 10 runs - GPU latency: 0.0287201 ms - Host latency: 0.0287201 ms (enqueue 0.00182343 ms)
[08/27/2026-12:21:15] [I] Average on 10 runs - GPU latency: 0.0287582 ms - Host latency: 0.0287582 ms (enqueue 0.00184784 ms)
[08/27/2026-12:21:15] [I] Average on 10 runs - GPU latency: 0.0287918 ms - Host latency: 0.0287918 ms (enqueue 0.00185242 ms)
[08/27/2026-12:21:15] [I] Average on 10 runs - GPU latency: 0.028743 ms - Host latency: 0.028743 ms (enqueue 0.00184174 ms)
[08/27/2026-12:21:15] [I] Average on 10 runs - GPU latency: 0.0287323 ms - Host latency: 0.0287323 ms (enqueue 0.00181274 ms)
[08/27/2026-12:21:15] [I] Average on 10 runs - GPU latency: 0.0287704 ms - Host latency: 0.0287704 ms (enqueue 0.00186768 ms)
[08/27/2026-12:21:15] [I] Average on 10 runs - GPU latency: 0.028804 ms - Host latency: 0.028804 ms (enqueue 0.00198975 ms)
[08/27/2026-12:21:15] [I] Average on 10 runs - GPU latency: 0.028743 ms - Host latency: 0.028743 ms (enqueue 0.00182953 ms)
[08/27/2026-12:21:15] [I] Average on 10 runs - GPU latency: 0.0287537 ms - Host latency: 0.0287537 ms (enqueue 0.00184174 ms)
[08/27/2026-12:21:15] [I] Average on 10 runs - GPU latency: 0.0287384 ms - Host latency: 0.0287384 ms (enqueue 0.00196533 ms)
[08/27/2026-12:21:15] [I] Average on 10 runs - GPU latency: 0.0287445 ms - Host latency: 0.0287445 ms (enqueue 0.00184479 ms)
[08/27/2026-12:21:15] [I] Average on 10 runs - GPU latency: 0.028743 ms - Host latency: 0.028743 ms (enqueue 0.00185089 ms)
[08/27/2026-12:21:15] [I] Average on 10 runs - GPU latency: 0.0288895 ms - Host latency: 0.0288895 ms (enqueue 0.00188599 ms)
[08/27/2026-12:21:15] [I] Average on 10 runs - GPU latency: 0.0287979 ms - Host latency: 0.0287979 ms (enqueue 0.00234222 ms)
[08/27/2026-12:21:15] [I] Average on 10 runs - GPU latency: 0.0287689 ms - Host latency: 0.0287689 ms (enqueue 0.00190277 ms)
[08/27/2026-12:21:15] [I] Average on 10 runs - GPU latency: 0.028743 ms - Host latency: 0.028743 ms (enqueue 0.00207367 ms)
[08/27/2026-12:21:15] [I] Average on 10 runs - GPU latency: 0.0288254 ms - Host latency: 0.0288254 ms (enqueue 0.00202637 ms)
[08/27/2026-12:21:15] [I] Average on 10 runs - GPU latency: 0.0287231 ms - Host latency: 0.0287231 ms (enqueue 0.00185394 ms)
[08/27/2026-12:21:15] [I] Average on 10 runs - GPU latency: 0.028772 ms - Host latency: 0.028772 ms (enqueue 0.001828 ms)
[08/27/2026-12:21:15] [I] Average on 10 runs - GPU latency: 0.0287537 ms - Host latency: 0.0287537 ms (enqueue 0.001828 ms)
[08/27/2026-12:21:15] [I] Average on 10 runs - GPU latency: 0.0287704 ms - Host latency: 0.0287704 ms (enqueue 0.00189819 ms)
[08/27/2026-12:21:15] [I] Average on 10 runs - GPU latency: 0.0287338 ms - Host latency: 0.0287338 ms (enqueue 0.00181885 ms)
[08/27/2026-12:21:15] [I] Average on 10 runs - GPU latency: 0.0287384 ms - Host latency: 0.0287384 ms (enqueue 0.00182648 ms)
[08/27/2026-12:21:15] [I] Average on 10 runs - GPU latency: 0.0288284 ms - Host latency: 0.0288284 ms (enqueue 0.00191193 ms)
[08/27/2026-12:21:15] [I] Average on 10 runs - GPU latency: 0.0287048 ms - Host latency: 0.0287048 ms (enqueue 0.00183868 ms)
[08/27/2026-12:21:15] [I] Average on 10 runs - GPU latency: 0.0287125 ms - Host latency: 0.0287125 ms (enqueue 0.00185547 ms)
[08/27/2026-12:21:15] [I] Average on 10 runs - GPU latency: 0.0288361 ms - Host latency: 0.0288361 ms (enqueue 0.0019043 ms)
[08/27/2026-12:21:15] [I] Average on 10 runs - GPU latency: 0.0287201 ms - Host latency: 0.0287201 ms (enqueue 0.00184021 ms)
[08/27/2026-12:21:15] [I] Average on 10 runs - GPU latency: 0.0287384 ms - Host latency: 0.0287384 ms (enqueue 0.00186157 ms)
[08/27/2026-12:21:15] [I] Average on 10 runs - GPU latency: 0.0288315 ms - Host latency: 0.0288315 ms (enqueue 0.00187683 ms)
[08/27/2026-12:21:15] [I] Average on 10 runs - GPU latency: 0.0287537 ms - Host latency: 0.0287537 ms (enqueue 0.00188751 ms)
[08/27/2026-12:21:15] [I] Average on 10 runs - GPU latency: 0.0287781 ms - Host latency: 0.0287781 ms (enqueue 0.00183258 ms)
[08/27/2026-12:21:15] [I] Average on 10 runs - GPU latency: 0.0287216 ms - Host latency: 0.0287216 ms (enqueue 0.00181427 ms)
[08/27/2026-12:21:15] [I] Average on 10 runs - GPU latency: 0.0287979 ms - Host latency: 0.0287979 ms (enqueue 0.00233459 ms)
[08/27/2026-12:21:15] [I] Average on 10 runs - GPU latency: 0.0287399 ms - Host latency: 0.0287399 ms (enqueue 0.00184174 ms)
[08/27/2026-12:21:15] [I] Average on 10 runs - GPU latency: 0.028772 ms - Host latency: 0.028772 ms (enqueue 0.00188293 ms)
[08/27/2026-12:21:15] [I] Average on 10 runs - GPU latency: 0.0287659 ms - Host latency: 0.0287659 ms (enqueue 0.00188293 ms)
[08/27/2026-12:21:15] [I] Average on 10 runs - GPU latency: 0.0287628 ms - Host latency: 0.0287628 ms (enqueue 0.00184937 ms)
[08/27/2026-12:21:15] [I] Average on 10 runs - GPU latency: 0.0287506 ms - Host latency: 0.0287506 ms (enqueue 0.00185852 ms)
[08/27/2026-12:21:15] [I] Average on 10 runs - GPU latency: 0.028775 ms - Host latency: 0.028775 ms (enqueue 0.0019165 ms)
[08/27/2026-12:21:15] [I] Average on 10 runs - GPU latency: 0.0287567 ms - Host latency: 0.0287567 ms (enqueue 0.00183716 ms)
[08/27/2026-12:21:15] [I] Average on 10 runs - GPU latency: 0.0287506 ms - Host latency: 0.0287506 ms (enqueue 0.00182495 ms)
[08/27/2026-12:21:15] [I] Average on 10 runs - GPU latency: 0.0287506 ms - Host latency: 0.0287506 ms (enqueue 0.00185242 ms)
[08/27/2026-12:21:15] [I] Average on 10 runs - GPU latency: 0.0287537 ms - Host latency: 0.0287537 ms (enqueue 0.00192566 ms)
[08/27/2026-12:21:15] [I] Average on 10 runs - GPU latency: 0.0287628 ms - Host latency: 0.0287628 ms (enqueue 0.00184021 ms)
[08/27/2026-12:21:15] [I] Average on 10 runs - GPU latency: 0.028772 ms - Host latency: 0.028772 ms (enqueue 0.00183716 ms)
[08/27/2026-12:21:15] [I] Average on 10 runs - GPU latency: 0.028772 ms - Host latency: 0.028772 ms (enqueue 0.00187988 ms)
[08/27/2026-12:21:15] [I] Average on 10 runs - GPU latency: 0.0287903 ms - Host latency: 0.0287903 ms (enqueue 0.00192261 ms)
[08/27/2026-12:21:15] [I] Average on 10 runs - GPU latency: 0.0287933 ms - Host latency: 0.0287933 ms (enqueue 0.00204773 ms)
[08/27/2026-12:21:15] [I] ... Omitting 95282 lines
[08/27/2026-12:21:15] [I] Average on 10 runs - GPU latency: 0.0287598 ms - Host latency: 0.0287598 ms (enqueue 0.00209961 ms)
[08/27/2026-12:21:15] [I] Average on 10 runs - GPU latency: 0.0287354 ms - Host latency: 0.0287354 ms (enqueue 0.00209961 ms)
[08/27/2026-12:21:15] [I] Average on 10 runs - GPU latency: 0.0287842 ms - Host latency: 0.0287842 ms (enqueue 0.0020752 ms)
[08/27/2026-12:21:15] [I] Average on 10 runs - GPU latency: 0.0289063 ms - Host latency: 0.0289063 ms (enqueue 0.00202637 ms)
[08/27/2026-12:21:15] [I] Average on 10 runs - GPU latency: 0.0288818 ms - Host latency: 0.0288818 ms (enqueue 0.00205078 ms)
[08/27/2026-12:21:15] [I] Average on 10 runs - GPU latency: 0.0287598 ms - Host latency: 0.0287598 ms (enqueue 0.00202637 ms)
[08/27/2026-12:21:15] [I] Average on 10 runs - GPU latency: 0.0287842 ms - Host latency: 0.0287842 ms (enqueue 0.00202637 ms)
[08/27/2026-12:21:15] [I] Average on 10 runs - GPU latency: 0.0287598 ms - Host latency: 0.0287598 ms (enqueue 0.00214844 ms)
[08/27/2026-12:21:15] [I] Average on 10 runs - GPU latency: 0.0287598 ms - Host latency: 0.0287598 ms (enqueue 0.00205078 ms)
[08/27/2026-12:21:15] [I] Average on 10 runs - GPU latency: 0.0287109 ms - Host latency: 0.0287109 ms (enqueue 0.00202637 ms)
[08/27/2026-12:21:15] [I] Average on 10 runs - GPU latency: 0.0287598 ms - Host latency: 0.0287598 ms (enqueue 0.00212402 ms)
[08/27/2026-12:21:15] [I] Average on 10 runs - GPU latency: 0.0287598 ms - Host latency: 0.0287598 ms (enqueue 0.0020752 ms)
[08/27/2026-12:21:15] [I] Average on 10 runs - GPU latency: 0.0287842 ms - Host latency: 0.0287842 ms (enqueue 0.00202637 ms)
[08/27/2026-12:21:15] [I] Average on 10 runs - GPU latency: 0.028833 ms - Host latency: 0.028833 ms (enqueue 0.00239258 ms)
[08/27/2026-12:21:15] [I] Average on 10 runs - GPU latency: 0.0288086 ms - Host latency: 0.0288086 ms (enqueue 0.00209961 ms)
[08/27/2026-12:21:15] [I] Average on 10 runs - GPU latency: 0.0287598 ms - Host latency: 0.0287598 ms (enqueue 0.0020752 ms)
[08/27/2026-12:21:15] [I] Average on 10 runs - GPU latency: 0.0287354 ms - Host latency: 0.0287354 ms (enqueue 0.00205078 ms)
[08/27/2026-12:21:15] [I] Average on 10 runs - GPU latency: 0.0287598 ms - Host latency: 0.0287598 ms (enqueue 0.00205078 ms)
[08/27/2026-12:21:15] [I] Average on 10 runs - GPU latency: 0.0287598 ms - Host latency: 0.0287598 ms (enqueue 0.00205078 ms)
[08/27/2026-12:21:15] [I] Average on 10 runs - GPU latency: 0.0287109 ms - Host latency: 0.0287109 ms (enqueue 0.00205078 ms)
[08/27/2026-12:21:15] [I] Average on 10 runs - GPU latency: 0.0288574 ms - Host latency: 0.0288574 ms (enqueue 0.00205078 ms)
[08/27/2026-12:21:15] [I] Average on 10 runs - GPU latency: 0.028833 ms - Host latency: 0.028833 ms (enqueue 0.00200195 ms)
[08/27/2026-12:21:15] [I] Average on 10 runs - GPU latency: 0.0287598 ms - Host latency: 0.0287598 ms (enqueue 0.00202637 ms)
[08/27/2026-12:21:15] [I] Average on 10 runs - GPU latency: 0.0287598 ms - Host latency: 0.0287598 ms (enqueue 0.00209961 ms)
[08/27/2026-12:21:15] [I] Average on 10 runs - GPU latency: 0.0287109 ms - Host latency: 0.0287109 ms (enqueue 0.00205078 ms)
[08/27/2026-12:21:15] [I] Average on 10 runs - GPU latency: 0.0287598 ms - Host latency: 0.0287598 ms (enqueue 0.00202637 ms)
[08/27/2026-12:21:15] [I] Average on 10 runs - GPU latency: 0.0288086 ms - Host latency: 0.0288086 ms (enqueue 0.00214844 ms)
[08/27/2026-12:21:15] [I] Average on 10 runs - GPU latency: 0.0287842 ms - Host latency: 0.0287842 ms (enqueue 0.00209961 ms)
[08/27/2026-12:21:15] [I] Average on 10 runs - GPU latency: 0.028833 ms - Host latency: 0.028833 ms (enqueue 0.00219727 ms)
[08/27/2026-12:21:15] [I] Average on 10 runs - GPU latency: 0.0287109 ms - Host latency: 0.0287109 ms (enqueue 0.00217285 ms)
[08/27/2026-12:21:15] [I] Average on 10 runs - GPU latency: 0.0287598 ms - Host latency: 0.0287598 ms (enqueue 0.00212402 ms)
[08/27/2026-12:21:15] [I] Average on 10 runs - GPU latency: 0.0287109 ms - Host latency: 0.0287109 ms (enqueue 0.0020752 ms)
[08/27/2026-12:21:15] [I] Average on 10 runs - GPU latency: 0.0287842 ms - Host latency: 0.0287842 ms (enqueue 0.00212402 ms)
[08/27/2026-12:21:15] [I] Average on 10 runs - GPU latency: 0.0287842 ms - Host latency: 0.0287842 ms (enqueue 0.00222168 ms)
[08/27/2026-12:21:15] [I] Average on 10 runs - GPU latency: 0.0287109 ms - Host latency: 0.0287109 ms (enqueue 0.00200195 ms)
[08/27/2026-12:21:15] [I] Average on 10 runs - GPU latency: 0.0287842 ms - Host latency: 0.0287842 ms (enqueue 0.00209961 ms)
[08/27/2026-12:21:15] [I] Average on 10 runs - GPU latency: 0.0287354 ms - Host latency: 0.0287354 ms (enqueue 0.00205078 ms)
[08/27/2026-12:21:15] [I] Average on 10 runs - GPU latency: 0.0287354 ms - Host latency: 0.0287354 ms (enqueue 0.00205078 ms)
[08/27/2026-12:21:15] [I] Average on 10 runs - GPU latency: 0.0287842 ms - Host latency: 0.0287842 ms (enqueue 0.00205078 ms)
[08/27/2026-12:21:15] [I] Average on 10 runs - GPU latency: 0.0287842 ms - Host latency: 0.0287842 ms (enqueue 0.00200195 ms)
[08/27/2026-12:21:15] [I] Average on 10 runs - GPU latency: 0.0288574 ms - Host latency: 0.0288574 ms (enqueue 0.00209961 ms)
[08/27/2026-12:21:15] [I] Average on 10 runs - GPU latency: 0.0287842 ms - Host latency: 0.0287842 ms (enqueue 0.00212402 ms)
[08/27/2026-12:21:15] [I] Average on 10 runs - GPU latency: 0.0287842 ms - Host latency: 0.0287842 ms (enqueue 0.0020752 ms)
[08/27/2026-12:21:15] [I] Average on 10 runs - GPU latency: 0.0287842 ms - Host latency: 0.0287842 ms (enqueue 0.00202637 ms)
[08/27/2026-12:21:15] [I] Average on 10 runs - GPU latency: 0.0287598 ms - Host latency: 0.0287598 ms (enqueue 0.00205078 ms)
[08/27/2026-12:21:15] [I] Average on 10 runs - GPU latency: 0.0289551 ms - Host latency: 0.0289551 ms (enqueue 0.00224609 ms)
[08/27/2026-12:21:15] [I] Average on 10 runs - GPU latency: 0.0288086 ms - Host latency: 0.0288086 ms (enqueue 0.00197754 ms)
[08/27/2026-12:21:15] [I] Average on 10 runs - GPU latency: 0.0287598 ms - Host latency: 0.0287598 ms (enqueue 0.00214844 ms)
[08/27/2026-12:21:15] [I] Average on 10 runs - GPU latency: 0.028833 ms - Host latency: 0.028833 ms (enqueue 0.00217285 ms)
[08/27/2026-12:21:15] [I] Average on 10 runs - GPU latency: 0.0288086 ms - Host latency: 0.0288086 ms (enqueue 0.00209961 ms)
[08/27/2026-12:21:15] [I] Average on 10 runs - GPU latency: 0.0287109 ms - Host latency: 0.0287109 ms (enqueue 0.0020752 ms)
[08/27/2026-12:21:15] [I] Average on 10 runs - GPU latency: 0.0287842 ms - Host latency: 0.0287842 ms (enqueue 0.00212402 ms)
[08/27/2026-12:21:15] [I] Average on 10 runs - GPU latency: 0.0287354 ms - Host latency: 0.0287354 ms (enqueue 0.0020752 ms)
[08/27/2026-12:21:15] [I] Average on 10 runs - GPU latency: 0.0288818 ms - Host latency: 0.0288818 ms (enqueue 0.0020752 ms)
[08/27/2026-12:21:15] [I] Average on 10 runs - GPU latency: 0.0287842 ms - Host latency: 0.0287842 ms (enqueue 0.0020752 ms)
[08/27/2026-12:21:15] [I] Average on 10 runs - GPU latency: 0.0287109 ms - Host latency: 0.0287109 ms (enqueue 0.0020752 ms)
[08/27/2026-12:21:15] [I] Average on 10 runs - GPU latency: 0.0287842 ms - Host latency: 0.0287842 ms (enqueue 0.00202637 ms)
[08/27/2026-12:21:15] [I] Average on 10 runs - GPU latency: 0.0287354 ms - Host latency: 0.0287354 ms (enqueue 0.0020752 ms)
[08/27/2026-12:21:15] [I] Average on 10 runs - GPU latency: 0.0287109 ms - Host latency: 0.0287109 ms (enqueue 0.00212402 ms)
[08/27/2026-12:21:15] [I] Average on 10 runs - GPU latency: 0.0287354 ms - Host latency: 0.0287354 ms (enqueue 0.00212402 ms)
[08/27/2026-12:21:15] [I] Average on 10 runs - GPU latency: 0.0286865 ms - Host latency: 0.0286865 ms (enqueue 0.00209961 ms)
[08/27/2026-12:21:15] [I] Average on 10 runs - GPU latency: 0.028833 ms - Host latency: 0.028833 ms (enqueue 0.00212402 ms)
[08/27/2026-12:21:15] [I] Average on 10 runs - GPU latency: 0.0287354 ms - Host latency: 0.0287354 ms (enqueue 0.00205078 ms)
[08/27/2026-12:21:15] [I] Average on 10 runs - GPU latency: 0.0287842 ms - Host latency: 0.0287842 ms (enqueue 0.00205078 ms)
[08/27/2026-12:21:15] [I] Average on 10 runs - GPU latency: 0.028833 ms - Host latency: 0.028833 ms (enqueue 0.00212402 ms)
[08/27/2026-12:21:15] [I] Average on 10 runs - GPU latency: 0.0288574 ms - Host latency: 0.0288574 ms (enqueue 0.00224609 ms)
[08/27/2026-12:21:15] [I] Average on 10 runs - GPU latency: 0.0288818 ms - Host latency: 0.0288818 ms (enqueue 0.00273437 ms)
[08/27/2026-12:21:15] [I] Average on 10 runs - GPU latency: 0.0286865 ms - Host latency: 0.0286865 ms (enqueue 0.00200195 ms)
[08/27/2026-12:21:15] [I] Average on 10 runs - GPU latency: 0.0287109 ms - Host latency: 0.0287109 ms (enqueue 0.00212402 ms)
[08/27/2026-12:21:15] [I] Average on 10 runs - GPU latency: 0.0287354 ms - Host latency: 0.0287354 ms (enqueue 0.00212402 ms)
[08/27/2026-12:21:15] [I] Average on 10 runs - GPU latency: 0.0287354 ms - Host latency: 0.0287354 ms (enqueue 0.00209961 ms)
[08/27/2026-12:21:15] [I] Average on 10 runs - GPU latency: 0.0287598 ms - Host latency: 0.0287598 ms (enqueue 0.00205078 ms)
[08/27/2026-12:21:15] [I] Average on 10 runs - GPU latency: 0.0287109 ms - Host latency: 0.0287109 ms (enqueue 0.00212402 ms)
[08/27/2026-12:21:15] [I] Average on 10 runs - GPU latency: 0.0287354 ms - Host latency: 0.0287354 ms (enqueue 0.00202637 ms)
[08/27/2026-12:21:15] [I] Average on 10 runs - GPU latency: 0.0287842 ms - Host latency: 0.0287842 ms (enqueue 0.0020752 ms)
[08/27/2026-12:21:15] [I] Average on 10 runs - GPU latency: 0.0287354 ms - Host latency: 0.0287354 ms (enqueue 0.00209961 ms)
[08/27/2026-12:21:15] [I] Average on 10 runs - GPU latency: 0.0288086 ms - Host latency: 0.0288086 ms (enqueue 0.00217285 ms)
[08/27/2026-12:21:15] [I] Average on 10 runs - GPU latency: 0.0287842 ms - Host latency: 0.0287842 ms (enqueue 0.0020752 ms)
[08/27/2026-12:21:15] [I] Average on 10 runs - GPU latency: 0.0287842 ms - Host latency: 0.0287842 ms (enqueue 0.00209961 ms)
[08/27/2026-12:21:15] [I] Average on 10 runs - GPU latency: 0.028833 ms - Host latency: 0.028833 ms (enqueue 0.00219727 ms)
[08/27/2026-12:21:15] [I] Average on 10 runs - GPU latency: 0.0287354 ms - Host latency: 0.0287354 ms (enqueue 0.0020752 ms)
[08/27/2026-12:21:15] [I] Average on 10 runs - GPU latency: 0.0287354 ms - Host latency: 0.0287354 ms (enqueue 0.0020752 ms)
[08/27/2026-12:21:15] [I] Average on 10 runs - GPU latency: 0.0288086 ms - Host latency: 0.0288086 ms (enqueue 0.00205078 ms)
[08/27/2026-12:21:15] [I] Average on 10 runs - GPU latency: 0.0288086 ms - Host latency: 0.0288086 ms (enqueue 0.00205078 ms)
[08/27/2026-12:21:15] [I] Average on 10 runs - GPU latency: 0.0286621 ms - Host latency: 0.0286621 ms (enqueue 0.00205078 ms)
[08/27/2026-12:21:15] [I] Average on 10 runs - GPU latency: 0.0287842 ms - Host latency: 0.0287842 ms (enqueue 0.00212402 ms)
[08/27/2026-12:21:15] [I] Average on 10 runs - GPU latency: 0.0289063 ms - Host latency: 0.0289063 ms (enqueue 0.00209961 ms)
[08/27/2026-12:21:15] [I] Average on 10 runs - GPU latency: 0.0287842 ms - Host latency: 0.0287842 ms (enqueue 0.00202637 ms)
[08/27/2026-12:21:15] [I] Average on 10 runs - GPU latency: 0.0287842 ms - Host latency: 0.0287842 ms (enqueue 0.00200195 ms)
[08/27/2026-12:21:15] [I] Average on 10 runs - GPU latency: 0.0288086 ms - Host latency: 0.0288086 ms (enqueue 0.00212402 ms)
[08/27/2026-12:21:15] [I] Average on 10 runs - GPU latency: 0.0287598 ms - Host latency: 0.0287598 ms (enqueue 0.0020752 ms)
[08/27/2026-12:21:15] [I] Average on 10 runs - GPU latency: 0.0287109 ms - Host latency: 0.0287109 ms (enqueue 0.00202637 ms)
[08/27/2026-12:21:15] [I] Average on 10 runs - GPU latency: 0.0288086 ms - Host latency: 0.0288086 ms (enqueue 0.0020752 ms)
[08/27/2026-12:21:15] [I] Average on 10 runs - GPU latency: 0.0288086 ms - Host latency: 0.0288086 ms (enqueue 0.0020752 ms)
[08/27/2026-12:21:15] [I] Average on 10 runs - GPU latency: 0.0287354 ms - Host latency: 0.0287354 ms (enqueue 0.00212402 ms)
[08/27/2026-12:21:15] [I] Average on 10 runs - GPU latency: 0.0288818 ms - Host latency: 0.0288818 ms (enqueue 0.00205078 ms)
[08/27/2026-12:21:15] [I] Average on 10 runs - GPU latency: 0.0287598 ms - Host latency: 0.0287598 ms (enqueue 0.00214844 ms)
[08/27/2026-12:21:15] [I] Average on 10 runs - GPU latency: 0.0287354 ms - Host latency: 0.0287354 ms (enqueue 0.0020752 ms)
[08/27/2026-12:21:15] [I] Average on 10 runs - GPU latency: 0.0287354 ms - Host latency: 0.0287354 ms (enqueue 0.00200195 ms)
[08/27/2026-12:21:15] [I] Average on 10 runs - GPU latency: 0.0288086 ms - Host latency: 0.0288086 ms (enqueue 0.00239258 ms)
[08/27/2026-12:21:15] [I] Average on 10 runs - GPU latency: 0.0287598 ms - Host latency: 0.0287598 ms (enqueue 0.00209961 ms)
[08/27/2026-12:21:15] [I] Average on 10 runs - GPU latency: 0.0287109 ms - Host latency: 0.0287109 ms (enqueue 0.00195312 ms)
[08/27/2026-12:21:15] [I] Average on 10 runs - GPU latency: 0.0287842 ms - Host latency: 0.0287842 ms (enqueue 0.00197754 ms)
[08/27/2026-12:21:15] [I] Average on 10 runs - GPU latency: 0.0287842 ms - Host latency: 0.0287842 ms (enqueue 0.00205078 ms)
[08/27/2026-12:21:15] [I] Average on 10 runs - GPU latency: 0.0287842 ms - Host latency: 0.0287842 ms (enqueue 0.00205078 ms)
[08/27/2026-12:21:15] [I] Average on 10 runs - GPU latency: 0.0287598 ms - Host latency: 0.0287598 ms (enqueue 0.00202637 ms)
[08/27/2026-12:21:15] [I] Average on 10 runs - GPU latency: 0.0288574 ms - Host latency: 0.0288574 ms (enqueue 0.00197754 ms)
[08/27/2026-12:21:15] [I] Average on 10 runs - GPU latency: 0.0288086 ms - Host latency: 0.0288086 ms (enqueue 0.00205078 ms)
[08/27/2026-12:21:15] [I] Average on 10 runs - GPU latency: 0.0287598 ms - Host latency: 0.0287598 ms (enqueue 0.00209961 ms)
[08/27/2026-12:21:15] [I] Average on 10 runs - GPU latency: 0.0287598 ms - Host latency: 0.0287598 ms (enqueue 0.00200195 ms)
[08/27/2026-12:21:15] [I] Average on 10 runs - GPU latency: 0.0286865 ms - Host latency: 0.0286865 ms (enqueue 0.00200195 ms)
[08/27/2026-12:21:15] [I] Average on 10 runs - GPU latency: 0.0287109 ms - Host latency: 0.0287109 ms (enqueue 0.0020752 ms)
[08/27/2026-12:21:15] [I] Average on 10 runs - GPU latency: 0.0287842 ms - Host latency: 0.0287842 ms (enqueue 0.00209961 ms)
[08/27/2026-12:21:15] [I] Average on 10 runs - GPU latency: 0.0287842 ms - Host latency: 0.0287842 ms (enqueue 0.00197754 ms)
[08/27/2026-12:21:15] [I] Average on 10 runs - GPU latency: 0.0287109 ms - Host latency: 0.0287109 ms (enqueue 0.00200195 ms)
[08/27/2026-12:21:15] [I] Average on 10 runs - GPU latency: 0.0287354 ms - Host latency: 0.0287354 ms (enqueue 0.00212402 ms)
[08/27/2026-12:21:15] [I] Average on 10 runs - GPU latency: 0.0287842 ms - Host latency: 0.0287842 ms (enqueue 0.00200195 ms)
[08/27/2026-12:21:15] [I] Average on 10 runs - GPU latency: 0.0288086 ms - Host latency: 0.0288086 ms (enqueue 0.0020752 ms)
[08/27/2026-12:21:15] [I] Average on 10 runs - GPU latency: 0.0287598 ms - Host latency: 0.0287598 ms (enqueue 0.00200195 ms)
[08/27/2026-12:21:15] [I] Average on 10 runs - GPU latency: 0.0288574 ms - Host latency: 0.0288574 ms (enqueue 0.00205078 ms)
[08/27/2026-12:21:15] [I] Average on 10 runs - GPU latency: 0.0287598 ms - Host latency: 0.0287598 ms (enqueue 0.00200195 ms)
[08/27/2026-12:21:15] [I] Average on 10 runs - GPU latency: 0.0287842 ms - Host latency: 0.0287842 ms (enqueue 0.0020752 ms)
[08/27/2026-12:21:15] [I] Average on 10 runs - GPU latency: 0.0288574 ms - Host latency: 0.0288574 ms (enqueue 0.00205078 ms)
[08/27/2026-12:21:15] [I] Average on 10 runs - GPU latency: 0.0287842 ms - Host latency: 0.0287842 ms (enqueue 0.0020752 ms)
[08/27/2026-12:21:15] [I] Average on 10 runs - GPU latency: 0.0288086 ms - Host latency: 0.0288086 ms (enqueue 0.00202637 ms)
[08/27/2026-12:21:15] [I] Average on 10 runs - GPU latency: 0.0288574 ms - Host latency: 0.0288574 ms (enqueue 0.00205078 ms)
[08/27/2026-12:21:15] [I] Average on 10 runs - GPU latency: 0.0286621 ms - Host latency: 0.0286621 ms (enqueue 0.00205078 ms)
[08/27/2026-12:21:15] [I] Average on 10 runs - GPU latency: 0.0287109 ms - Host latency: 0.0287109 ms (enqueue 0.00202637 ms)
[08/27/2026-12:21:15] [I] Average on 10 runs - GPU latency: 0.0286865 ms - Host latency: 0.0286865 ms (enqueue 0.0020752 ms)
[08/27/2026-12:21:15] [I] Average on 10 runs - GPU latency: 0.0288086 ms - Host latency: 0.0288086 ms (enqueue 0.00200195 ms)
[08/27/2026-12:21:15] [I] Average on 10 runs - GPU latency: 0.0287354 ms - Host latency: 0.0287354 ms (enqueue 0.00200195 ms)
[08/27/2026-12:21:15] [I] Average on 10 runs - GPU latency: 0.028833 ms - Host latency: 0.028833 ms (enqueue 0.00202637 ms)
[08/27/2026-12:21:15] [I] Average on 10 runs - GPU latency: 0.0287842 ms - Host latency: 0.0287842 ms (enqueue 0.00222168 ms)
[08/27/2026-12:21:15] [I] Average on 10 runs - GPU latency: 0.0287598 ms - Host latency: 0.0287598 ms (enqueue 0.00200195 ms)
[08/27/2026-12:21:15] [I] Average on 10 runs - GPU latency: 0.0288086 ms - Host latency: 0.0288086 ms (enqueue 0.0020752 ms)
[08/27/2026-12:21:15] [I] Average on 10 runs - GPU latency: 0.0287842 ms - Host latency: 0.0287842 ms (enqueue 0.00251465 ms)
[08/27/2026-12:21:15] [I] Average on 10 runs - GPU latency: 0.0287354 ms - Host latency: 0.0287354 ms (enqueue 0.00202637 ms)
[08/27/2026-12:21:15] [I] Average on 10 runs - GPU latency: 0.0287109 ms - Host latency: 0.0287109 ms (enqueue 0.00202637 ms)
[08/27/2026-12:21:15] [I] Average on 10 runs - GPU latency: 0.0287842 ms - Host latency: 0.0287842 ms (enqueue 0.00205078 ms)
[08/27/2026-12:21:15] [I] Average on 10 runs - GPU latency: 0.0287598 ms - Host latency: 0.0287598 ms (enqueue 0.0020752 ms)
[08/27/2026-12:21:15] [I] Average on 10 runs - GPU latency: 0.0287842 ms - Host latency: 0.0287842 ms (enqueue 0.00195312 ms)
[08/27/2026-12:21:15] [I] Average on 10 runs - GPU latency: 0.0287598 ms - Host latency: 0.0287598 ms (enqueue 0.00202637 ms)
[08/27/2026-12:21:15] [I] Average on 10 runs - GPU latency: 0.0287598 ms - Host latency: 0.0287598 ms (enqueue 0.00205078 ms)
[08/27/2026-12:21:15] [I] Average on 10 runs - GPU latency: 0.028833 ms - Host latency: 0.028833 ms (enqueue 0.00212402 ms)
[08/27/2026-12:21:15] [I] Average on 10 runs - GPU latency: 0.0286865 ms - Host latency: 0.0286865 ms (enqueue 0.00200195 ms)
[08/27/2026-12:21:15] [I] Average on 10 runs - GPU latency: 0.0287354 ms - Host latency: 0.0287354 ms (enqueue 0.00209961 ms)
[08/27/2026-12:21:15] [I] Average on 10 runs - GPU latency: 0.0287354 ms - Host latency: 0.0287354 ms (enqueue 0.00202637 ms)
[08/27/2026-12:21:15] [I] Average on 10 runs - GPU latency: 0.0287354 ms - Host latency: 0.0287354 ms (enqueue 0.00209961 ms)
[08/27/2026-12:21:15] [I] Average on 10 runs - GPU latency: 0.0287354 ms - Host latency: 0.0287354 ms (enqueue 0.00202637 ms)
[08/27/2026-12:21:15] [I] Average on 10 runs - GPU latency: 0.0287598 ms - Host latency: 0.0287598 ms (enqueue 0.0020752 ms)
[08/27/2026-12:21:15] [I] Average on 10 runs - GPU latency: 0.0287598 ms - Host latency: 0.0287598 ms (enqueue 0.0020752 ms)
[08/27/2026-12:21:15] [I] Average on 10 runs - GPU latency: 0.028833 ms - Host latency: 0.028833 ms (enqueue 0.00205078 ms)
[08/27/2026-12:21:15] [I] Average on 10 runs - GPU latency: 0.0287598 ms - Host latency: 0.0287598 ms (enqueue 0.00200195 ms)
[08/27/2026-12:21:15] [I] Average on 10 runs - GPU latency: 0.0287842 ms - Host latency: 0.0287842 ms (enqueue 0.00214844 ms)
[08/27/2026-12:21:15] [I] Average on 10 runs - GPU latency: 0.0287598 ms - Host latency: 0.0287598 ms (enqueue 0.00202637 ms)
[08/27/2026-12:21:15] [I] Average on 10 runs - GPU latency: 0.0287354 ms - Host latency: 0.0287354 ms (enqueue 0.00202637 ms)
[08/27/2026-12:21:15] [I] Average on 10 runs - GPU latency: 0.0287842 ms - Host latency: 0.0287842 ms (enqueue 0.00205078 ms)
[08/27/2026-12:21:15] [I] Average on 10 runs - GPU latency: 0.0287842 ms - Host latency: 0.0287842 ms (enqueue 0.00209961 ms)
[08/27/2026-12:21:15] [I] Average on 10 runs - GPU latency: 0.0287354 ms - Host latency: 0.0287354 ms (enqueue 0.00209961 ms)
[08/27/2026-12:21:15] [I] Average on 10 runs - GPU latency: 0.0287598 ms - Host latency: 0.0287598 ms (enqueue 0.00234375 ms)
[08/27/2026-12:21:15] [I] Average on 10 runs - GPU latency: 0.0287109 ms - Host latency: 0.0287109 ms (enqueue 0.00205078 ms)
[08/27/2026-12:21:15] [I] Average on 10 runs - GPU latency: 0.0287842 ms - Host latency: 0.0287842 ms (enqueue 0.00205078 ms)
[08/27/2026-12:21:15] [I] Average on 10 runs - GPU latency: 0.0287354 ms - Host latency: 0.0287354 ms (enqueue 0.00212402 ms)
[08/27/2026-12:21:15] [I] Average on 10 runs - GPU latency: 0.0287354 ms - Host latency: 0.0287354 ms (enqueue 0.0020752 ms)
[08/27/2026-12:21:15] [I] Average on 10 runs - GPU latency: 0.0287598 ms - Host latency: 0.0287598 ms (enqueue 0.0020752 ms)
[08/27/2026-12:21:15] [I] Average on 10 runs - GPU latency: 0.0287842 ms - Host latency: 0.0287842 ms (enqueue 0.00200195 ms)
[08/27/2026-12:21:15] [I] Average on 10 runs - GPU latency: 0.0287598 ms - Host latency: 0.0287598 ms (enqueue 0.0020752 ms)
[08/27/2026-12:21:15] [I] Average on 10 runs - GPU latency: 0.0287598 ms - Host latency: 0.0287598 ms (enqueue 0.00212402 ms)
[08/27/2026-12:21:15] [I] Average on 10 runs - GPU latency: 0.0287109 ms - Host latency: 0.0287109 ms (enqueue 0.0020752 ms)
[08/27/2026-12:21:15] [I] Average on 10 runs - GPU latency: 0.0288574 ms - Host latency: 0.0288574 ms (enqueue 0.00209961 ms)
[08/27/2026-12:21:15] [I] Average on 10 runs - GPU latency: 0.0287354 ms - Host latency: 0.0287354 ms (enqueue 0.00205078 ms)
[08/27/2026-12:21:15] [I] Average on 10 runs - GPU latency: 0.0287354 ms - Host latency: 0.0287354 ms (enqueue 0.00209961 ms)
[08/27/2026-12:21:15] [I] Average on 10 runs - GPU latency: 0.0287842 ms - Host latency: 0.0287842 ms (enqueue 0.0020752 ms)
[08/27/2026-12:21:15] [I] Average on 10 runs - GPU latency: 0.028833 ms - Host latency: 0.028833 ms (enqueue 0.00214844 ms)
[08/27/2026-12:21:15] [I] Average on 10 runs - GPU latency: 0.0287598 ms - Host latency: 0.0287598 ms (enqueue 0.00205078 ms)
[08/27/2026-12:21:15] [I] Average on 10 runs - GPU latency: 0.0288086 ms - Host latency: 0.0288086 ms (enqueue 0.00212402 ms)
[08/27/2026-12:21:15] [I] Average on 10 runs - GPU latency: 0.0287842 ms - Host latency: 0.0287842 ms (enqueue 0.0020752 ms)
[08/27/2026-12:21:15] [I] Average on 10 runs - GPU latency: 0.0287598 ms - Host latency: 0.0287598 ms (enqueue 0.0020752 ms)
[08/27/2026-12:21:15] [I] Average on 10 runs - GPU latency: 0.0288574 ms - Host latency: 0.0288574 ms (enqueue 0.00202637 ms)
[08/27/2026-12:21:15] [I] Average on 10 runs - GPU latency: 0.0287598 ms - Host latency: 0.0287598 ms (enqueue 0.00202637 ms)
[08/27/2026-12:21:15] [I] Average on 10 runs - GPU latency: 0.0287354 ms - Host latency: 0.0287354 ms (enqueue 0.0020752 ms)
[08/27/2026-12:21:15] [I] Average on 10 runs - GPU latency: 0.0287598 ms - Host latency: 0.0287598 ms (enqueue 0.00209961 ms)
[08/27/2026-12:21:15] [I] Average on 10 runs - GPU latency: 0.0287598 ms - Host latency: 0.0287598 ms (enqueue 0.00231934 ms)
[08/27/2026-12:21:15] [I] Average on 10 runs - GPU latency: 0.0287354 ms - Host latency: 0.0287354 ms (enqueue 0.00202637 ms)
[08/27/2026-12:21:15] [I] Average on 10 runs - GPU latency: 0.0287842 ms - Host latency: 0.0287842 ms (enqueue 0.00205078 ms)
[08/27/2026-12:21:15] [I] Average on 10 runs - GPU latency: 0.028833 ms - Host latency: 0.028833 ms (enqueue 0.00205078 ms)
[08/27/2026-12:21:15] [I] Average on 10 runs - GPU latency: 0.0287842 ms - Host latency: 0.0287842 ms (enqueue 0.00202637 ms)
[08/27/2026-12:21:15] [I] Average on 10 runs - GPU latency: 0.028833 ms - Host latency: 0.028833 ms (enqueue 0.00205078 ms)
[08/27/2026-12:21:15] [I] Average on 10 runs - GPU latency: 0.0288086 ms - Host latency: 0.0288086 ms (enqueue 0.00217285 ms)
[08/27/2026-12:21:15] [I] Average on 10 runs - GPU latency: 0.0287598 ms - Host latency: 0.0287598 ms (enqueue 0.0020752 ms)
[08/27/2026-12:21:15] [I] Average on 10 runs - GPU latency: 0.0287842 ms - Host latency: 0.0287842 ms (enqueue 0.0020752 ms)
[08/27/2026-12:21:15] [I] Average on 10 runs - GPU latency: 0.0287354 ms - Host latency: 0.0287354 ms (enqueue 0.00209961 ms)
[08/27/2026-12:21:15] [I] Average on 10 runs - GPU latency: 0.0287598 ms - Host latency: 0.0287598 ms (enqueue 0.00209961 ms)
[08/27/2026-12:21:15] [I] Average on 10 runs - GPU latency: 0.0287598 ms - Host latency: 0.0287598 ms (enqueue 0.00209961 ms)
[08/27/2026-12:21:15] [I] Average on 10 runs - GPU latency: 0.0288086 ms - Host latency: 0.0288086 ms (enqueue 0.00202637 ms)
[08/27/2026-12:21:15] [I] Average on 10 runs - GPU latency: 0.0287598 ms - Host latency: 0.0287598 ms (enqueue 0.00212402 ms)
[08/27/2026-12:21:15] [I] Average on 10 runs - GPU latency: 0.0287109 ms - Host latency: 0.0287109 ms (enqueue 0.00202637 ms)
[08/27/2026-12:21:15] [I] Average on 10 runs - GPU latency: 0.0287598 ms - Host latency: 0.0287598 ms (enqueue 0.00205078 ms)
[08/27/2026-12:21:15] [I] Average on 10 runs - GPU latency: 0.0287842 ms - Host latency: 0.0287842 ms (enqueue 0.0020752 ms)
[08/27/2026-12:21:15] [I] Average on 10 runs - GPU latency: 0.0288086 ms - Host latency: 0.0288086 ms (enqueue 0.00200195 ms)
[08/27/2026-12:21:15] [I]
[08/27/2026-12:21:15] [I] === Performance summary ===
[08/27/2026-12:21:15] [I] Throughput: 33093.4 qps
[08/27/2026-12:21:15] [I] Latency: min = 0.0283203 ms, max = 0.129761 ms, mean = 0.0287721 ms, median = 0.0288086 ms, percentile(90%) = 0.0288696 ms, percentile(95%) = 0.0289307 ms, percentile(99%) = 0.0292969 ms
[08/27/2026-12:21:15] [I] Enqueue Time: min = 0.00146484 ms, max = 0.108154 ms, mean = 0.00195386 ms, median = 0.00195312 ms, percentile(90%) = 0.00219727 ms, percentile(95%) = 0.00219727 ms, percentile(99%) = 0.00268555 ms
[08/27/2026-12:21:15] [I] H2D Latency: min = 0 ms, max = 0 ms, mean = 0 ms, median = 0 ms, percentile(90%) = 0 ms, percentile(95%) = 0 ms, percentile(99%) = 0 ms
[08/27/2026-12:21:15] [I] GPU Compute Time: min = 0.0283203 ms, max = 0.129761 ms, mean = 0.0287721 ms, median = 0.0288086 ms, percentile(90%) = 0.0288696 ms, percentile(95%) = 0.0289307 ms, percentile(99%) = 0.0292969 ms
[08/27/2026-12:21:15] [I] D2H Latency: min = 0 ms, max = 0 ms, mean = 0 ms, median = 0 ms, percentile(90%) = 0 ms, percentile(95%) = 0 ms, percentile(99%) = 0 ms
[08/27/2026-12:21:15] [I] Total Host Walltime: 3.00006 s
[08/27/2026-12:21:15] [I] Total GPU Compute Time: 2.85655 s
[08/27/2026-12:21:15] [I] Explanations of the performance metrics are printed in the verbose logs.
[08/27/2026-12:21:15] [I]
&&&& PASSED TensorRT.trtexec [TensorRT v110100] [b106] # trtexec --onnx=/work/trt-samples-for-hackathon-cn-wili/cookbook/00-Data/model/model-trained.onnx --setBuildRoute=-conv_lowering=on -kgen:tiling=2 --saveEngine=/tmp/trtexec_tuning_79287_iterphase1_0.plan --tuningResultFile=/tmp/trtexec_tuning_79287_iter0.json
&&&& TASK_END [iter=0] BuildRoute = '-conv_lowering=on -kgen:tiling=2'


&&&& TASK_BEGIN [iter=1] BuildRoute = '-conv_lowering=on -kgen:tiling=0'
[08/27/2026-12:21:15] [I] Tuning iteration [1]: -conv_lowering=on -kgen:tiling=0
&&&& RUNNING TensorRT.trtexec [TensorRT v110100] [b106] # trtexec --onnx=/work/trt-samples-for-hackathon-cn-wili/cookbook/00-Data/model/model-trained.onnx --setBuildRoute=-conv_lowering=on -kgen:tiling=0 --saveEngine=/tmp/trtexec_tuning_79287_iterphase1_1.plan --tuningResultFile=/tmp/trtexec_tuning_79287_iter1.json
[08/27/2026-12:21:15] [I] === Model Options ===
[08/27/2026-12:21:15] [I] Format: ONNX
[08/27/2026-12:21:15] [I] Model: /work/trt-samples-for-hackathon-cn-wili/cookbook/00-Data/model/model-trained.onnx
[08/27/2026-12:21:15] [I] Output:
[08/27/2026-12:21:15] [I] === Build Options ===
[08/27/2026-12:21:15] [I] Memory Pools: workspace: default, dlaSRAM: default, dlaLocalDRAM: default, dlaGlobalDRAM: default, tacticSharedMem: default
[08/27/2026-12:21:15] [I] avgTiming: 8
[08/27/2026-12:21:15] [I] Precision: Strongly Typed
[08/27/2026-12:21:15] [I] Layer Device Types:
[08/27/2026-12:21:15] [I] Decomposable Attentions:
[08/27/2026-12:21:15] [I] Refit: Disabled
[08/27/2026-12:21:15] [I] Strip weights: Disabled
[08/27/2026-12:21:15] [I] Version Compatible: Disabled
[08/27/2026-12:21:15] [I] ONNX Plugin InstanceNorm: Disabled
[08/27/2026-12:21:15] [I] ONNX kENABLE_UINT8_AND_ASYMMETRIC_QUANTIZATION_DLA flag: Disabled
[08/27/2026-12:21:15] [I] ONNX kREPORT_CAPABILITY_DLA flag: Disabled
[08/27/2026-12:21:15] [I] ONNX kADJUST_FOR_DLA flag: Disabled
[08/27/2026-12:21:15] [I] ONNX kENABLE_PLUGIN_OVERRIDE flag: Disabled
[08/27/2026-12:21:15] [I] TensorRT runtime: full
[08/27/2026-12:21:15] [I] Lean DLL Path:
[08/27/2026-12:21:15] [I] Tempfile Controls: { in_memory: allow, temporary: allow }
[08/27/2026-12:21:15] [I] Exclude Lean Runtime: Disabled
[08/27/2026-12:21:15] [I] Sparsity: Disabled
[08/27/2026-12:21:15] [I] Safe mode: Disabled
[08/27/2026-12:21:15] [I] Build DLA standalone loadable: Disabled
[08/27/2026-12:21:15] [I] Allow GPU fallback for DLA: Disabled
[08/27/2026-12:21:15] [I] DirectIO mode: Disabled
[08/27/2026-12:21:15] [I] Skip inference: Disabled
[08/27/2026-12:21:15] [I] Save engine: /tmp/trtexec_tuning_79287_iterphase1_1.plan
[08/27/2026-12:21:15] [I] Load engine:
[08/27/2026-12:21:15] [I] Profiling verbosity: 0
[08/27/2026-12:21:15] [I] Tactic sources: Using default tactic sources
[08/27/2026-12:21:15] [I] timingCacheMode: local
[08/27/2026-12:21:15] [I] timingCacheFile:
[08/27/2026-12:21:15] [I] Enable Compilation Cache: Enabled
[08/27/2026-12:21:15] [I] Enable Monitor Memory: Disabled
[08/27/2026-12:21:15] [I] CPU Only Mode: Disabled
[08/27/2026-12:21:15] [I] errorOnTimingCacheMiss: Disabled
[08/27/2026-12:21:15] [I] Preview Features: Use default preview flags.
[08/27/2026-12:21:15] [I] MaxAuxStreams: -1
[08/27/2026-12:21:15] [I] BuilderOptimizationLevel: -1
[08/27/2026-12:21:15] [I] MaxTactics: -1
[08/27/2026-12:21:15] [I] Weight Streaming: Disabled
[08/27/2026-12:21:15] [I] Runtime Platform: Same As Build
[08/27/2026-12:21:15] [I] Debug Tensors:
[08/27/2026-12:21:15] [I] Distributive Independence: Disabled
[08/27/2026-12:21:15] [I] Mark Unfused Tensors As Debug Tensors: Disabled
[08/27/2026-12:21:15] [I] Input(s)s format: CHW
[08/27/2026-12:21:15] [I] Output(s)s format: CHW
[08/27/2026-12:21:15] [I] Input build shapes: model
[08/27/2026-12:21:15] [I] === System Options ===
[08/27/2026-12:21:15] [I] Device: 0
[08/27/2026-12:21:15] [I] DLACore:
[08/27/2026-12:21:15] [I] Loaded static plugins:
[08/27/2026-12:21:15] [I] setPluginsToSerialize:
[08/27/2026-12:21:15] [I] dynamicPlugins:
[08/27/2026-12:21:15] [I] ignoreParsedPluginLibs: 0
[08/27/2026-12:21:15] [I]
[08/27/2026-12:21:15] [I] === Inference Options ===
[08/27/2026-12:21:15] [I] Batch: Explicit
[08/27/2026-12:21:15] [I] Input inference shapes: model
[08/27/2026-12:21:15] [I] Iterations: 10
[08/27/2026-12:21:15] [I] Duration: 3s (+ 200ms warm up)
[08/27/2026-12:21:15] [I] Sleep time: 0ms
[08/27/2026-12:21:15] [I] Idle time: 0ms
[08/27/2026-12:21:15] [I] Inference Streams: 1
[08/27/2026-12:21:15] [I] ExposeDMA: Disabled
[08/27/2026-12:21:15] [I] Data transfers: Disabled
[08/27/2026-12:21:15] [I] Spin-wait: Enabled
[08/27/2026-12:21:15] [I] Multithreading: Disabled
[08/27/2026-12:21:15] [I] CUDA Graph: Enabled
[08/27/2026-12:21:15] [I] Time Deserialize: Disabled
[08/27/2026-12:21:15] [I] Time Refit: Disabled
[08/27/2026-12:21:15] [I] NVTX verbosity: 0
[08/27/2026-12:21:15] [I] Persistent Cache Ratio: 0
[08/27/2026-12:21:15] [I] Optimization Profile Index: 0
[08/27/2026-12:21:15] [I] Weight Streaming Budget: 100.000000%
[08/27/2026-12:21:15] [I] Accuracy Algorithm: L0
[08/27/2026-12:21:15] [I] Absolute Tolerance (atol): 1e-05
[08/27/2026-12:21:15] [I] Relative Tolerance (rtol): 1e-05
[08/27/2026-12:21:15] [I] Inputs:
[08/27/2026-12:21:15] [I] Debug Tensor Save Destinations:
[08/27/2026-12:21:15] [I] Dump All Debug Tensor in Formats:
[08/27/2026-12:21:15] [I] === Reporting Options ===
[08/27/2026-12:21:15] [I] Verbose: Disabled
[08/27/2026-12:21:15] [I] Averages: 10 inferences
[08/27/2026-12:21:15] [I] Percentiles: 90,95,99
[08/27/2026-12:21:15] [I] Dump refittable layers:Disabled
[08/27/2026-12:21:15] [I] Dump output: Disabled
[08/27/2026-12:21:15] [I] Profile: Disabled
[08/27/2026-12:21:15] [I] Export timing to JSON file:
[08/27/2026-12:21:15] [I] Export output to JSON file:
[08/27/2026-12:21:15] [I] Export profile to JSON file:
[08/27/2026-12:21:15] [I]
[08/27/2026-12:21:15] [I] === Device Information ===
[08/27/2026-12:21:15] [I] Available Devices:
[08/27/2026-12:21:15] [I]   Device 0: "NVIDIA H100 PCIe" UUID: GPU-6b95b656-4bfb-1c8a-789d-76d749d0fe65
[08/27/2026-12:21:16] [I] Selected Device: NVIDIA H100 PCIe
[08/27/2026-12:21:16] [I] Selected Device ID: 0
[08/27/2026-12:21:16] [I] Selected Device UUID: GPU-6b95b656-4bfb-1c8a-789d-76d749d0fe65
[08/27/2026-12:21:16] [I] Compute Capability: 9.0
[08/27/2026-12:21:16] [I] SMs: 114
[08/27/2026-12:21:16] [I] Device Global Memory: 81071 MiB
[08/27/2026-12:21:16] [I] Shared Memory per SM: 228 KiB
[08/27/2026-12:21:16] [I] Memory Bus Width: 5120 bits (ECC enabled)
[08/27/2026-12:21:16] [I] Application Compute Clock Rate: 1.755 GHz
[08/27/2026-12:21:16] [I] Application Memory Clock Rate: 1.593 GHz
[08/27/2026-12:21:16] [I]
[08/27/2026-12:21:16] [I] Note: The application clock rates do not reflect the actual clock rates that the GPU is currently running at.
[08/27/2026-12:21:16] [I]
[08/27/2026-12:21:16] [I] TensorRT version: 11.1.0
[08/27/2026-12:21:16] [I] Loading standard plugins
[08/27/2026-12:21:16] [I] [TRT] [MemUsageChange] Init CUDA: CPU +0, GPU +0, now: CPU 32, GPU 914 (MiB)
[08/27/2026-12:21:16] [I] Using tuning build route: -conv_lowering=on -kgen:tiling=0
[08/27/2026-12:21:16] [I] Start parsing network model.
[08/27/2026-12:21:16] [I] [TRT] ----------------------------------------------------------------
[08/27/2026-12:21:16] [I] [TRT] Input filename:   /work/trt-samples-for-hackathon-cn-wili/cookbook/00-Data/model/model-trained.onnx
[08/27/2026-12:21:16] [I] [TRT] ONNX IR version:  0.0.10
[08/27/2026-12:21:16] [I] [TRT] Opset version:    18
[08/27/2026-12:21:16] [I] [TRT] Producer name:    pytorch
[08/27/2026-12:21:16] [I] [TRT] Producer version: 2.11.0a0+a6c236b9fd.nv26.03.46836102
[08/27/2026-12:21:16] [I] [TRT] Domain:
[08/27/2026-12:21:16] [I] [TRT] Model version:    0
[08/27/2026-12:21:16] [I] [TRT] Doc string:
[08/27/2026-12:21:16] [I] [TRT] ----------------------------------------------------------------
[08/27/2026-12:21:16] [W] [TRT] ModelImporter.cpp:1047: Make sure output z has Int64 binding.
[08/27/2026-12:21:16] [I] Finished parsing network model. Parse time: 0.017478
[08/27/2026-12:21:16] [W] Dynamic dimensions required for input: x, but no shapes were provided. Automatically overriding shape to: 1x1x28x28
[08/27/2026-12:21:16] [I] Set shape of input tensor x for optimization profile 0 to: MIN=1x1x28x28 OPT=1x1x28x28 MAX=1x1x28x28
[08/27/2026-12:21:16] [I] [TRT] [MemUsageChange] Init builder kernel library: CPU +524, GPU +10, now: CPU 835, GPU 926 (MiB)
[08/27/2026-12:21:16] [I] [TRT] Local timing cache in use. Profiling results in this builder pass will not be stored.
[08/27/2026-12:21:18] [I] [TRT] Compiler backend is used during engine build.
[08/27/2026-12:21:18] [I] [TRT] [TuningBuildRoute] Using build route: -conv_lowering=on -kgen:tiling=0
[08/27/2026-12:21:24] [I] [TRT] Detected 1 inputs and 2 output network tensors.
[08/27/2026-12:21:24] [I] [TRT] Total Host Persistent Memory: 18896 bytes
[08/27/2026-12:21:24] [I] [TRT] Total Device Persistent Memory: 0 bytes
[08/27/2026-12:21:24] [I] [TRT] Max Scratch Memory: 4608 bytes
[08/27/2026-12:21:24] [I] [TRT] [BlockAssignment] Started assigning block shifts. This will take 5 steps to complete.
[08/27/2026-12:21:24] [I] [TRT] [BlockAssignment] Algorithm ShiftNTopDown took 0.01474ms to assign 2 blocks to 5 nodes requiring 125440 bytes.
[08/27/2026-12:21:24] [I] [TRT] Total Activation Memory: 125440 bytes
[08/27/2026-12:21:24] [I] [TRT] Total Weights Memory: 13100672 bytes
[08/27/2026-12:21:24] [I] [TRT] Compiler backend is used during engine execution.
[08/27/2026-12:21:24] [I] [TRT] Engine generation completed in 7.27115 seconds.
[08/27/2026-12:21:24] [I] [TRT] [MemUsageStats] Peak memory usage of TRT CPU/GPU memory allocators: CPU 0 MiB, GPU 13 MiB
[08/27/2026-12:21:24] [I] Created engine with size: 12.576 MiB
[08/27/2026-12:21:24] [I] Engine built in 7.96317 sec.
[08/27/2026-12:21:25] [I] Engine deserialized in 0.00806838 sec.
[08/27/2026-12:21:25] [I] [TRT] [MemUsageChange] TensorRT-managed allocation in IExecutionContext creation: CPU +0, GPU +0, now: CPU 0, GPU 12 (MiB)
[08/27/2026-12:21:25] [I] Setting persistentCacheLimit to 0 bytes.
[08/27/2026-12:21:25] [I] Created execution context with device memory size: 0.119629 MiB
[08/27/2026-12:21:25] [I] Using random values for input x
[08/27/2026-12:21:25] [I] Input binding for x with dimensions 1x1x28x28 and type fp32 is created.
[08/27/2026-12:21:25] [I] Output binding for y with dimensions 1x10 and type fp32 is created.
[08/27/2026-12:21:25] [I] Output binding for z with dimensions 1 and type int64 is created.
[08/27/2026-12:21:25] [I] Starting inference
[08/27/2026-12:21:25] [I] Capturing CUDA graph for the current execution context
[08/27/2026-12:21:25] [I] Successfully captured CUDA graph for the current execution context. When profiling with Nsight Systems, add "--cuda-graph-trace=node" to the nsys command to see per-kernel execution times.
[08/27/2026-12:21:28] [I] Warmup completed 6623 queries over 200 ms
[08/27/2026-12:21:28] [I] Timing trace has 100150 queries over 3.00008 s
[08/27/2026-12:21:28] [I]
[08/27/2026-12:21:28] [I] === Trace details ===
[08/27/2026-12:21:28] [I] Trace averages of 10 runs:
[08/27/2026-12:21:28] [I] Average on 10 runs - GPU latency: 0.0285202 ms - Host latency: 0.0285202 ms (enqueue 0.00187225 ms)
[08/27/2026-12:21:28] [I] Average on 10 runs - GPU latency: 0.0285553 ms - Host latency: 0.0285553 ms (enqueue 0.00189667 ms)
[08/27/2026-12:21:28] [I] Average on 10 runs - GPU latency: 0.0284943 ms - Host latency: 0.0284943 ms (enqueue 0.00191956 ms)
[08/27/2026-12:21:28] [I] Average on 10 runs - GPU latency: 0.0285553 ms - Host latency: 0.0285553 ms (enqueue 0.00265045 ms)
[08/27/2026-12:21:28] [I] Average on 10 runs - GPU latency: 0.0284576 ms - Host latency: 0.0284576 ms (enqueue 0.00200653 ms)
[08/27/2026-12:21:28] [I] Average on 10 runs - GPU latency: 0.028508 ms - Host latency: 0.028508 ms (enqueue 0.00184784 ms)
[08/27/2026-12:21:28] [I] Average on 10 runs - GPU latency: 0.0284836 ms - Host latency: 0.0284836 ms (enqueue 0.00186462 ms)
[08/27/2026-12:21:28] [I] Average on 10 runs - GPU latency: 0.028537 ms - Host latency: 0.028537 ms (enqueue 0.00192108 ms)
[08/27/2026-12:21:28] [I] Average on 10 runs - GPU latency: 0.0285019 ms - Host latency: 0.0285019 ms (enqueue 0.00195465 ms)
[08/27/2026-12:21:28] [I] Average on 10 runs - GPU latency: 0.0285172 ms - Host latency: 0.0285172 ms (enqueue 0.00187073 ms)
[08/27/2026-12:21:28] [I] Average on 10 runs - GPU latency: 0.0284958 ms - Host latency: 0.0284958 ms (enqueue 0.00187225 ms)
[08/27/2026-12:21:28] [I] Average on 10 runs - GPU latency: 0.0284927 ms - Host latency: 0.0284927 ms (enqueue 0.0018692 ms)
[08/27/2026-12:21:28] [I] Average on 10 runs - GPU latency: 0.0285278 ms - Host latency: 0.0285278 ms (enqueue 0.00206604 ms)
[08/27/2026-12:21:28] [I] Average on 10 runs - GPU latency: 0.0285233 ms - Host latency: 0.0285233 ms (enqueue 0.00189514 ms)
[08/27/2026-12:21:28] [I] Average on 10 runs - GPU latency: 0.0284851 ms - Host latency: 0.0284851 ms (enqueue 0.00192413 ms)
[08/27/2026-12:21:28] [I] Average on 10 runs - GPU latency: 0.0285309 ms - Host latency: 0.0285309 ms (enqueue 0.00190735 ms)
[08/27/2026-12:21:28] [I] Average on 10 runs - GPU latency: 0.0285049 ms - Host latency: 0.0285049 ms (enqueue 0.00185699 ms)
[08/27/2026-12:21:28] [I] Average on 10 runs - GPU latency: 0.028508 ms - Host latency: 0.028508 ms (enqueue 0.00187225 ms)
[08/27/2026-12:21:28] [I] Average on 10 runs - GPU latency: 0.0285172 ms - Host latency: 0.0285172 ms (enqueue 0.00193481 ms)
[08/27/2026-12:21:28] [I] Average on 10 runs - GPU latency: 0.0285629 ms - Host latency: 0.0285629 ms (enqueue 0.0019165 ms)
[08/27/2026-12:21:28] [I] Average on 10 runs - GPU latency: 0.0285538 ms - Host latency: 0.0285538 ms (enqueue 0.00189362 ms)
[08/27/2026-12:21:28] [I] Average on 10 runs - GPU latency: 0.0285355 ms - Host latency: 0.0285355 ms (enqueue 0.00190277 ms)
[08/27/2026-12:21:28] [I] Average on 10 runs - GPU latency: 0.0285431 ms - Host latency: 0.0285431 ms (enqueue 0.0019043 ms)
[08/27/2026-12:21:28] [I] Average on 10 runs - GPU latency: 0.0285049 ms - Host latency: 0.0285049 ms (enqueue 0.00195618 ms)
[08/27/2026-12:21:28] [I] Average on 10 runs - GPU latency: 0.0285355 ms - Host latency: 0.0285355 ms (enqueue 0.00183411 ms)
[08/27/2026-12:21:28] [I] Average on 10 runs - GPU latency: 0.0285538 ms - Host latency: 0.0285538 ms (enqueue 0.00188904 ms)
[08/27/2026-12:21:28] [I] Average on 10 runs - GPU latency: 0.0285416 ms - Host latency: 0.0285416 ms (enqueue 0.00239258 ms)
[08/27/2026-12:21:28] [I] Average on 10 runs - GPU latency: 0.0284836 ms - Host latency: 0.0284836 ms (enqueue 0.00187836 ms)
[08/27/2026-12:21:28] [I] Average on 10 runs - GPU latency: 0.028537 ms - Host latency: 0.028537 ms (enqueue 0.00188904 ms)
[08/27/2026-12:21:28] [I] Average on 10 runs - GPU latency: 0.02854 ms - Host latency: 0.02854 ms (enqueue 0.0019043 ms)
[08/27/2026-12:21:28] [I] Average on 10 runs - GPU latency: 0.0285461 ms - Host latency: 0.0285461 ms (enqueue 0.00190277 ms)
[08/27/2026-12:21:28] [I] Average on 10 runs - GPU latency: 0.0285522 ms - Host latency: 0.0285522 ms (enqueue 0.00183716 ms)
[08/27/2026-12:21:28] [I] Average on 10 runs - GPU latency: 0.0285385 ms - Host latency: 0.0285385 ms (enqueue 0.00187225 ms)
[08/27/2026-12:21:28] [I] Average on 10 runs - GPU latency: 0.0285126 ms - Host latency: 0.0285126 ms (enqueue 0.00192566 ms)
[08/27/2026-12:21:28] [I] Average on 10 runs - GPU latency: 0.0284821 ms - Host latency: 0.0284821 ms (enqueue 0.00188446 ms)
[08/27/2026-12:21:28] [I] Average on 10 runs - GPU latency: 0.0285385 ms - Host latency: 0.0285385 ms (enqueue 0.00185394 ms)
[08/27/2026-12:21:28] [I] Average on 10 runs - GPU latency: 0.0285675 ms - Host latency: 0.0285675 ms (enqueue 0.00184326 ms)
[08/27/2026-12:21:28] [I] Average on 10 runs - GPU latency: 0.0285324 ms - Host latency: 0.0285324 ms (enqueue 0.00196381 ms)
[08/27/2026-12:21:28] [I] Average on 10 runs - GPU latency: 0.0285095 ms - Host latency: 0.0285095 ms (enqueue 0.00192261 ms)
[08/27/2026-12:21:28] [I] Average on 10 runs - GPU latency: 0.0285431 ms - Host latency: 0.0285431 ms (enqueue 0.00189514 ms)
[08/27/2026-12:21:28] [I] Average on 10 runs - GPU latency: 0.0284866 ms - Host latency: 0.0284866 ms (enqueue 0.00192871 ms)
[08/27/2026-12:21:28] [I] Average on 10 runs - GPU latency: 0.028511 ms - Host latency: 0.028511 ms (enqueue 0.00191956 ms)
[08/27/2026-12:21:28] [I] Average on 10 runs - GPU latency: 0.0285156 ms - Host latency: 0.0285156 ms (enqueue 0.00187531 ms)
[08/27/2026-12:21:28] [I] Average on 10 runs - GPU latency: 0.028511 ms - Host latency: 0.028511 ms (enqueue 0.00188141 ms)
[08/27/2026-12:21:28] [I] Average on 10 runs - GPU latency: 0.0284912 ms - Host latency: 0.0284912 ms (enqueue 0.00189362 ms)
[08/27/2026-12:21:28] [I] Average on 10 runs - GPU latency: 0.0285126 ms - Host latency: 0.0285126 ms (enqueue 0.00193481 ms)
[08/27/2026-12:21:28] [I] Average on 10 runs - GPU latency: 0.0285904 ms - Host latency: 0.0285904 ms (enqueue 0.00187683 ms)
[08/27/2026-12:21:28] [I] Average on 10 runs - GPU latency: 0.0285446 ms - Host latency: 0.0285446 ms (enqueue 0.00186157 ms)
[08/27/2026-12:21:28] [I] Average on 10 runs - GPU latency: 0.0285568 ms - Host latency: 0.0285568 ms (enqueue 0.00190277 ms)
[08/27/2026-12:21:28] [I] Average on 10 runs - GPU latency: 0.028537 ms - Host latency: 0.028537 ms (enqueue 0.00190735 ms)
[08/27/2026-12:21:28] [I] Average on 10 runs - GPU latency: 0.0285477 ms - Host latency: 0.0285477 ms (enqueue 0.00184326 ms)
[08/27/2026-12:21:28] [I] Average on 10 runs - GPU latency: 0.0284515 ms - Host latency: 0.0284515 ms (enqueue 0.00189056 ms)
[08/27/2026-12:21:28] [I] Average on 10 runs - GPU latency: 0.0285263 ms - Host latency: 0.0285263 ms (enqueue 0.00193787 ms)
[08/27/2026-12:21:28] [I] Average on 10 runs - GPU latency: 0.0284927 ms - Host latency: 0.0284927 ms (enqueue 0.00200806 ms)
[08/27/2026-12:21:28] [I] Average on 10 runs - GPU latency: 0.0285339 ms - Host latency: 0.0285339 ms (enqueue 0.00187836 ms)
[08/27/2026-12:21:28] [I] Average on 10 runs - GPU latency: 0.0285278 ms - Host latency: 0.0285278 ms (enqueue 0.00193481 ms)
[08/27/2026-12:21:28] [I] Average on 10 runs - GPU latency: 0.0285126 ms - Host latency: 0.0285126 ms (enqueue 0.00198975 ms)
[08/27/2026-12:21:28] [I] Average on 10 runs - GPU latency: 0.0285889 ms - Host latency: 0.0285889 ms (enqueue 0.00184784 ms)
[08/27/2026-12:21:28] [I] Average on 10 runs - GPU latency: 0.0285202 ms - Host latency: 0.0285202 ms (enqueue 0.00186615 ms)
[08/27/2026-12:21:28] [I] Average on 10 runs - GPU latency: 0.0284851 ms - Host latency: 0.0284851 ms (enqueue 0.00188751 ms)
[08/27/2026-12:21:28] [I] Average on 10 runs - GPU latency: 0.0285583 ms - Host latency: 0.0285583 ms (enqueue 0.00212402 ms)
[08/27/2026-12:21:28] [I] Average on 10 runs - GPU latency: 0.0284943 ms - Host latency: 0.0284943 ms (enqueue 0.00181427 ms)
[08/27/2026-12:21:28] [I] Average on 10 runs - GPU latency: 0.0285538 ms - Host latency: 0.0285538 ms (enqueue 0.00187836 ms)
[08/27/2026-12:21:28] [I] Average on 10 runs - GPU latency: 0.0285522 ms - Host latency: 0.0285522 ms (enqueue 0.00192413 ms)
[08/27/2026-12:21:28] [I] Average on 10 runs - GPU latency: 0.0285126 ms - Host latency: 0.0285126 ms (enqueue 0.00189514 ms)
[08/27/2026-12:21:28] [I] Average on 10 runs - GPU latency: 0.0284744 ms - Host latency: 0.0284744 ms (enqueue 0.00181427 ms)
[08/27/2026-12:21:28] [I] Average on 10 runs - GPU latency: 0.0285446 ms - Host latency: 0.0285446 ms (enqueue 0.00193024 ms)
[08/27/2026-12:21:28] [I] Average on 10 runs - GPU latency: 0.0285049 ms - Host latency: 0.0285049 ms (enqueue 0.0020813 ms)
[08/27/2026-12:21:28] [I] Average on 10 runs - GPU latency: 0.0284668 ms - Host latency: 0.0284668 ms (enqueue 0.00187225 ms)
[08/27/2026-12:21:28] [I] Average on 10 runs - GPU latency: 0.0285446 ms - Host latency: 0.0285446 ms (enqueue 0.00184326 ms)
[08/27/2026-12:21:28] [I] Average on 10 runs - GPU latency: 0.0285202 ms - Host latency: 0.0285202 ms (enqueue 0.00191193 ms)
[08/27/2026-12:21:28] [I] Average on 10 runs - GPU latency: 0.0285248 ms - Host latency: 0.0285248 ms (enqueue 0.0019104 ms)
[08/27/2026-12:21:28] [I] Average on 10 runs - GPU latency: 0.02845 ms - Host latency: 0.02845 ms (enqueue 0.00190735 ms)
[08/27/2026-12:21:28] [I] Average on 10 runs - GPU latency: 0.0285721 ms - Host latency: 0.0285721 ms (enqueue 0.0019043 ms)
[08/27/2026-12:21:28] [I] Average on 10 runs - GPU latency: 0.0284378 ms - Host latency: 0.0284378 ms (enqueue 0.00185089 ms)
[08/27/2026-12:21:28] [I] Average on 10 runs - GPU latency: 0.0285309 ms - Host latency: 0.0285309 ms (enqueue 0.00191498 ms)
[08/27/2026-12:21:28] [I] Average on 10 runs - GPU latency: 0.0285431 ms - Host latency: 0.0285431 ms (enqueue 0.00190887 ms)
[08/27/2026-12:21:28] [I] Average on 10 runs - GPU latency: 0.0284805 ms - Host latency: 0.0284805 ms (enqueue 0.00189819 ms)
[08/27/2026-12:21:28] [I] Average on 10 runs - GPU latency: 0.028508 ms - Host latency: 0.028508 ms (enqueue 0.00185699 ms)
[08/27/2026-12:21:28] [I] Average on 10 runs - GPU latency: 0.0285248 ms - Host latency: 0.0285248 ms (enqueue 0.00196686 ms)
[08/27/2026-12:21:28] [I] Average on 10 runs - GPU latency: 0.0285385 ms - Host latency: 0.0285385 ms (enqueue 0.00185852 ms)
[08/27/2026-12:21:28] [I] Average on 10 runs - GPU latency: 0.0285416 ms - Host latency: 0.0285416 ms (enqueue 0.00187988 ms)
[08/27/2026-12:21:28] [I] Average on 10 runs - GPU latency: 0.0284912 ms - Host latency: 0.0284912 ms (enqueue 0.00181427 ms)
[08/27/2026-12:21:28] [I] Average on 10 runs - GPU latency: 0.0285294 ms - Host latency: 0.0285294 ms (enqueue 0.00188446 ms)
[08/27/2026-12:21:28] [I] Average on 10 runs - GPU latency: 0.0285339 ms - Host latency: 0.0285339 ms (enqueue 0.00190277 ms)
[08/27/2026-12:21:28] [I] Average on 10 runs - GPU latency: 0.0284836 ms - Host latency: 0.0284836 ms (enqueue 0.00189972 ms)
[08/27/2026-12:21:28] [I] Average on 10 runs - GPU latency: 0.02854 ms - Host latency: 0.02854 ms (enqueue 0.00184937 ms)
[08/27/2026-12:21:28] [I] Average on 10 runs - GPU latency: 0.0285614 ms - Host latency: 0.0285614 ms (enqueue 0.00193176 ms)
[08/27/2026-12:21:28] [I] Average on 10 runs - GPU latency: 0.0284988 ms - Host latency: 0.0284988 ms (enqueue 0.0019043 ms)
[08/27/2026-12:21:28] [I] Average on 10 runs - GPU latency: 0.02854 ms - Host latency: 0.02854 ms (enqueue 0.00182343 ms)
[08/27/2026-12:21:28] [I] Average on 10 runs - GPU latency: 0.0285355 ms - Host latency: 0.0285355 ms (enqueue 0.00196838 ms)
[08/27/2026-12:21:28] [I] Average on 10 runs - GPU latency: 0.0285538 ms - Host latency: 0.0285538 ms (enqueue 0.00185242 ms)
[08/27/2026-12:21:28] [I] Average on 10 runs - GPU latency: 0.0285492 ms - Host latency: 0.0285492 ms (enqueue 0.00194702 ms)
[08/27/2026-12:21:28] [I] Average on 10 runs - GPU latency: 0.0285156 ms - Host latency: 0.0285156 ms (enqueue 0.00187988 ms)
[08/27/2026-12:21:28] [I] Average on 10 runs - GPU latency: 0.0285706 ms - Host latency: 0.0285706 ms (enqueue 0.0018631 ms)
[08/27/2026-12:21:28] [I] Average on 10 runs - GPU latency: 0.0285522 ms - Host latency: 0.0285522 ms (enqueue 0.00204163 ms)
[08/27/2026-12:21:28] [I] Average on 10 runs - GPU latency: 0.0285217 ms - Host latency: 0.0285217 ms (enqueue 0.0019043 ms)
[08/27/2026-12:21:28] [I] Average on 10 runs - GPU latency: 0.0284988 ms - Host latency: 0.0284988 ms (enqueue 0.00189362 ms)
[08/27/2026-12:21:28] [I] Average on 10 runs - GPU latency: 0.0285156 ms - Host latency: 0.0285156 ms (enqueue 0.00184784 ms)
[08/27/2026-12:21:28] [I] Average on 10 runs - GPU latency: 0.0284714 ms - Host latency: 0.0284714 ms (enqueue 0.00187225 ms)
[08/27/2026-12:21:28] [I] Average on 10 runs - GPU latency: 0.0285416 ms - Host latency: 0.0285416 ms (enqueue 0.0019577 ms)
[08/27/2026-12:21:28] [I] Average on 10 runs - GPU latency: 0.0285736 ms - Host latency: 0.0285736 ms (enqueue 0.00187683 ms)
[08/27/2026-12:21:28] [I] Average on 10 runs - GPU latency: 0.0285202 ms - Host latency: 0.0285202 ms (enqueue 0.00183868 ms)
[08/27/2026-12:21:28] [I] Average on 10 runs - GPU latency: 0.0285156 ms - Host latency: 0.0285156 ms (enqueue 0.00196686 ms)
[08/27/2026-12:21:28] [I] Average on 10 runs - GPU latency: 0.0285629 ms - Host latency: 0.0285629 ms (enqueue 0.00187836 ms)
[08/27/2026-12:21:28] [I] Average on 10 runs - GPU latency: 0.0284866 ms - Host latency: 0.0284866 ms (enqueue 0.00189209 ms)
[08/27/2026-12:21:28] [I] Average on 10 runs - GPU latency: 0.0285797 ms - Host latency: 0.0285797 ms (enqueue 0.00237579 ms)
[08/27/2026-12:21:28] [I] Average on 10 runs - GPU latency: 0.0285385 ms - Host latency: 0.0285385 ms (enqueue 0.00193939 ms)
[08/27/2026-12:21:28] [I] Average on 10 runs - GPU latency: 0.0285461 ms - Host latency: 0.0285461 ms (enqueue 0.00198364 ms)
[08/27/2026-12:21:28] [I] Average on 10 runs - GPU latency: 0.0285568 ms - Host latency: 0.0285568 ms (enqueue 0.0019455 ms)
[08/27/2026-12:21:28] [I] Average on 10 runs - GPU latency: 0.0285233 ms - Host latency: 0.0285233 ms (enqueue 0.00187836 ms)
[08/27/2026-12:21:28] [I] Average on 10 runs - GPU latency: 0.0285522 ms - Host latency: 0.0285522 ms (enqueue 0.00192871 ms)
[08/27/2026-12:21:28] [I] Average on 10 runs - GPU latency: 0.0284866 ms - Host latency: 0.0284866 ms (enqueue 0.00190582 ms)
[08/27/2026-12:21:28] [I] Average on 10 runs - GPU latency: 0.028511 ms - Host latency: 0.028511 ms (enqueue 0.0018692 ms)
[08/27/2026-12:21:28] [I] Average on 10 runs - GPU latency: 0.0285217 ms - Host latency: 0.0285217 ms (enqueue 0.00184326 ms)
[08/27/2026-12:21:28] [I] Average on 10 runs - GPU latency: 0.028476 ms - Host latency: 0.028476 ms (enqueue 0.00190735 ms)
[08/27/2026-12:21:28] [I] Average on 10 runs - GPU latency: 0.0284958 ms - Host latency: 0.0284958 ms (enqueue 0.00188599 ms)
[08/27/2026-12:21:28] [I] Average on 10 runs - GPU latency: 0.0285049 ms - Host latency: 0.0285049 ms (enqueue 0.00195465 ms)
[08/27/2026-12:21:28] [I] Average on 10 runs - GPU latency: 0.0285568 ms - Host latency: 0.0285568 ms (enqueue 0.00187988 ms)
[08/27/2026-12:21:28] [I] Average on 10 runs - GPU latency: 0.0285446 ms - Host latency: 0.0285446 ms (enqueue 0.00190125 ms)
[08/27/2026-12:21:28] [I] Average on 10 runs - GPU latency: 0.0285706 ms - Host latency: 0.0285706 ms (enqueue 0.00195007 ms)
[08/27/2026-12:21:28] [I] Average on 10 runs - GPU latency: 0.0284943 ms - Host latency: 0.0284943 ms (enqueue 0.00190277 ms)
[08/27/2026-12:21:28] [I] Average on 10 runs - GPU latency: 0.0285568 ms - Host latency: 0.0285568 ms (enqueue 0.00185089 ms)
[08/27/2026-12:21:28] [I] Average on 10 runs - GPU latency: 0.0285294 ms - Host latency: 0.0285294 ms (enqueue 0.00182648 ms)
[08/27/2026-12:21:28] [I] Average on 10 runs - GPU latency: 0.0285172 ms - Host latency: 0.0285172 ms (enqueue 0.00193939 ms)
[08/27/2026-12:21:28] [I] Average on 10 runs - GPU latency: 0.0284943 ms - Host latency: 0.0284943 ms (enqueue 0.00186615 ms)
[08/27/2026-12:21:28] [I] Average on 10 runs - GPU latency: 0.0285416 ms - Host latency: 0.0285416 ms (enqueue 0.00190125 ms)
[08/27/2026-12:21:28] [I] Average on 10 runs - GPU latency: 0.0284714 ms - Host latency: 0.0284714 ms (enqueue 0.00192566 ms)
[08/27/2026-12:21:28] [I] Average on 10 runs - GPU latency: 0.0285309 ms - Host latency: 0.0285309 ms (enqueue 0.00190125 ms)
[08/27/2026-12:21:28] [I] Average on 10 runs - GPU latency: 0.0285034 ms - Host latency: 0.0285034 ms (enqueue 0.00193939 ms)
[08/27/2026-12:21:28] [I] Average on 10 runs - GPU latency: 0.0285385 ms - Host latency: 0.0285385 ms (enqueue 0.00218811 ms)
[08/27/2026-12:21:28] [I] Average on 10 runs - GPU latency: 0.0285034 ms - Host latency: 0.0285034 ms (enqueue 0.00191345 ms)
[08/27/2026-12:21:28] [I] Average on 10 runs - GPU latency: 0.0285156 ms - Host latency: 0.0285156 ms (enqueue 0.00194244 ms)
[08/27/2026-12:21:28] [I] Average on 10 runs - GPU latency: 0.0284988 ms - Host latency: 0.0284988 ms (enqueue 0.00190277 ms)
[08/27/2026-12:21:28] [I] Average on 10 runs - GPU latency: 0.0284912 ms - Host latency: 0.0284912 ms (enqueue 0.00187531 ms)
[08/27/2026-12:21:28] [I] Average on 10 runs - GPU latency: 0.0284973 ms - Host latency: 0.0284973 ms (enqueue 0.00186005 ms)
[08/27/2026-12:21:28] [I] Average on 10 runs - GPU latency: 0.0285858 ms - Host latency: 0.0285858 ms (enqueue 0.00189056 ms)
[08/27/2026-12:21:28] [I] Average on 10 runs - GPU latency: 0.0285248 ms - Host latency: 0.0285248 ms (enqueue 0.00187378 ms)
[08/27/2026-12:21:28] [I] Average on 10 runs - GPU latency: 0.0284348 ms - Host latency: 0.0284348 ms (enqueue 0.00188141 ms)
[08/27/2026-12:21:28] [I] Average on 10 runs - GPU latency: 0.0285385 ms - Host latency: 0.0285385 ms (enqueue 0.00187531 ms)
[08/27/2026-12:21:28] [I] Average on 10 runs - GPU latency: 0.0284866 ms - Host latency: 0.0284866 ms (enqueue 0.0019455 ms)
[08/27/2026-12:21:28] [I] Average on 10 runs - GPU latency: 0.0285049 ms - Host latency: 0.0285049 ms (enqueue 0.00188141 ms)
[08/27/2026-12:21:28] [I] Average on 10 runs - GPU latency: 0.0284576 ms - Host latency: 0.0284576 ms (enqueue 0.00186005 ms)
[08/27/2026-12:21:28] [I] Average on 10 runs - GPU latency: 0.0285034 ms - Host latency: 0.0285034 ms (enqueue 0.0019165 ms)
[08/27/2026-12:21:28] [I] Average on 10 runs - GPU latency: 0.0284943 ms - Host latency: 0.0284943 ms (enqueue 0.00191803 ms)
[08/27/2026-12:21:28] [I] Average on 10 runs - GPU latency: 0.0285172 ms - Host latency: 0.0285172 ms (enqueue 0.00190582 ms)
[08/27/2026-12:21:28] [I] Average on 10 runs - GPU latency: 0.0285553 ms - Host latency: 0.0285553 ms (enqueue 0.00190887 ms)
[08/27/2026-12:21:28] [I] Average on 10 runs - GPU latency: 0.02854 ms - Host latency: 0.02854 ms (enqueue 0.00195618 ms)
[08/27/2026-12:21:28] [I] Average on 10 runs - GPU latency: 0.028537 ms - Host latency: 0.028537 ms (enqueue 0.00185089 ms)
[08/27/2026-12:21:28] [I] Average on 10 runs - GPU latency: 0.0284943 ms - Host latency: 0.0284943 ms (enqueue 0.00193634 ms)
[08/27/2026-12:21:28] [I] Average on 10 runs - GPU latency: 0.028566 ms - Host latency: 0.028566 ms (enqueue 0.00184479 ms)
[08/27/2026-12:21:28] [I] Average on 10 runs - GPU latency: 0.0285599 ms - Host latency: 0.0285599 ms (enqueue 0.00187073 ms)
[08/27/2026-12:21:28] [I] Average on 10 runs - GPU latency: 0.028476 ms - Host latency: 0.028476 ms (enqueue 0.00191345 ms)
[08/27/2026-12:21:28] [I] Average on 10 runs - GPU latency: 0.0285034 ms - Host latency: 0.0285034 ms (enqueue 0.00191345 ms)
[08/27/2026-12:21:28] [I] Average on 10 runs - GPU latency: 0.0284698 ms - Host latency: 0.0284698 ms (enqueue 0.0018631 ms)
[08/27/2026-12:21:28] [I] Average on 10 runs - GPU latency: 0.028537 ms - Host latency: 0.028537 ms (enqueue 0.00186615 ms)
[08/27/2026-12:21:28] [I] Average on 10 runs - GPU latency: 0.028508 ms - Host latency: 0.028508 ms (enqueue 0.00192413 ms)
[08/27/2026-12:21:28] [I] Average on 10 runs - GPU latency: 0.0286636 ms - Host latency: 0.0286636 ms (enqueue 0.00199127 ms)
[08/27/2026-12:21:28] [I] Average on 10 runs - GPU latency: 0.0285141 ms - Host latency: 0.0285141 ms (enqueue 0.00185547 ms)
[08/27/2026-12:21:28] [I] Average on 10 runs - GPU latency: 0.0285431 ms - Host latency: 0.0285431 ms (enqueue 0.00189362 ms)
[08/27/2026-12:21:28] [I] Average on 10 runs - GPU latency: 0.0284988 ms - Host latency: 0.0284988 ms (enqueue 0.00193176 ms)
[08/27/2026-12:21:28] [I] Average on 10 runs - GPU latency: 0.0285294 ms - Host latency: 0.0285294 ms (enqueue 0.00189362 ms)
[08/27/2026-12:21:28] [I] Average on 10 runs - GPU latency: 0.0284821 ms - Host latency: 0.0284821 ms (enqueue 0.00188599 ms)
[08/27/2026-12:21:28] [I] Average on 10 runs - GPU latency: 0.0285278 ms - Host latency: 0.0285278 ms (enqueue 0.00187225 ms)
[08/27/2026-12:21:28] [I] Average on 10 runs - GPU latency: 0.0285385 ms - Host latency: 0.0285385 ms (enqueue 0.00193176 ms)
[08/27/2026-12:21:28] [I] Average on 10 runs - GPU latency: 0.0285629 ms - Host latency: 0.0285629 ms (enqueue 0.00193939 ms)
[08/27/2026-12:21:28] [I] Average on 10 runs - GPU latency: 0.0285004 ms - Host latency: 0.0285004 ms (enqueue 0.00193939 ms)
[08/27/2026-12:21:28] [I] Average on 10 runs - GPU latency: 0.0285187 ms - Host latency: 0.0285187 ms (enqueue 0.00188446 ms)
[08/27/2026-12:21:28] [I] Average on 10 runs - GPU latency: 0.0285385 ms - Host latency: 0.0285385 ms (enqueue 0.00187531 ms)
[08/27/2026-12:21:28] [I] Average on 10 runs - GPU latency: 0.0285126 ms - Host latency: 0.0285126 ms (enqueue 0.00213776 ms)
[08/27/2026-12:21:28] [I] Average on 10 runs - GPU latency: 0.0285263 ms - Host latency: 0.0285263 ms (enqueue 0.00186005 ms)
[08/27/2026-12:21:28] [I] Average on 10 runs - GPU latency: 0.028566 ms - Host latency: 0.028566 ms (enqueue 0.00184326 ms)
[08/27/2026-12:21:28] [I] Average on 10 runs - GPU latency: 0.0285675 ms - Host latency: 0.0285675 ms (enqueue 0.00216827 ms)
[08/27/2026-12:21:28] [I] Average on 10 runs - GPU latency: 0.0285416 ms - Host latency: 0.0285416 ms (enqueue 0.00202332 ms)
[08/27/2026-12:21:28] [I] Average on 10 runs - GPU latency: 0.0285248 ms - Host latency: 0.0285248 ms (enqueue 0.00187225 ms)
[08/27/2026-12:21:28] [I] Average on 10 runs - GPU latency: 0.0285736 ms - Host latency: 0.0285736 ms (enqueue 0.00217896 ms)
[08/27/2026-12:21:28] [I] Average on 10 runs - GPU latency: 0.028566 ms - Host latency: 0.028566 ms (enqueue 0.00187531 ms)
[08/27/2026-12:21:28] [I] Average on 10 runs - GPU latency: 0.028508 ms - Host latency: 0.028508 ms (enqueue 0.00188599 ms)
[08/27/2026-12:21:28] [I] Average on 10 runs - GPU latency: 0.0285568 ms - Host latency: 0.0285568 ms (enqueue 0.0019577 ms)
[08/27/2026-12:21:28] [I] Average on 10 runs - GPU latency: 0.0285187 ms - Host latency: 0.0285187 ms (enqueue 0.00192261 ms)
[08/27/2026-12:21:28] [I] Average on 10 runs - GPU latency: 0.0285217 ms - Host latency: 0.0285217 ms (enqueue 0.00186462 ms)
[08/27/2026-12:21:28] [I] Average on 10 runs - GPU latency: 0.0284744 ms - Host latency: 0.0284744 ms (enqueue 0.00188599 ms)
[08/27/2026-12:21:28] [I] Average on 10 runs - GPU latency: 0.0285416 ms - Host latency: 0.0285416 ms (enqueue 0.00189056 ms)
[08/27/2026-12:21:28] [I] Average on 10 runs - GPU latency: 0.0285278 ms - Host latency: 0.0285278 ms (enqueue 0.00187836 ms)
[08/27/2026-12:21:28] [I] Average on 10 runs - GPU latency: 0.0284866 ms - Host latency: 0.0284866 ms (enqueue 0.00183258 ms)
[08/27/2026-12:21:28] [I] Average on 10 runs - GPU latency: 0.0284958 ms - Host latency: 0.0284958 ms (enqueue 0.00189056 ms)
[08/27/2026-12:21:28] [I] Average on 10 runs - GPU latency: 0.0285324 ms - Host latency: 0.0285324 ms (enqueue 0.00197601 ms)
[08/27/2026-12:21:28] [I] Average on 10 runs - GPU latency: 0.0285309 ms - Host latency: 0.0285309 ms (enqueue 0.00187683 ms)
[08/27/2026-12:21:28] [I] Average on 10 runs - GPU latency: 0.0285278 ms - Host latency: 0.0285278 ms (enqueue 0.00203857 ms)
[08/27/2026-12:21:28] [I] Average on 10 runs - GPU latency: 0.0285736 ms - Host latency: 0.0285736 ms (enqueue 0.00190735 ms)
[08/27/2026-12:21:28] [I] Average on 10 runs - GPU latency: 0.0284882 ms - Host latency: 0.0284882 ms (enqueue 0.00187073 ms)
[08/27/2026-12:21:28] [I] Average on 10 runs - GPU latency: 0.0285004 ms - Host latency: 0.0285004 ms (enqueue 0.00198059 ms)
[08/27/2026-12:21:28] [I] Average on 10 runs - GPU latency: 0.0284882 ms - Host latency: 0.0284882 ms (enqueue 0.0019928 ms)
[08/27/2026-12:21:28] [I] Average on 10 runs - GPU latency: 0.028537 ms - Host latency: 0.028537 ms (enqueue 0.0019165 ms)
[08/27/2026-12:21:28] [I] Average on 10 runs - GPU latency: 0.0285095 ms - Host latency: 0.0285095 ms (enqueue 0.00183411 ms)
[08/27/2026-12:21:28] [I] Average on 10 runs - GPU latency: 0.0285095 ms - Host latency: 0.0285095 ms (enqueue 0.00185547 ms)
[08/27/2026-12:21:28] [I] Average on 10 runs - GPU latency: 0.028537 ms - Host latency: 0.028537 ms (enqueue 0.00189209 ms)
[08/27/2026-12:21:28] [I] Average on 10 runs - GPU latency: 0.0284851 ms - Host latency: 0.0284851 ms (enqueue 0.00187378 ms)
[08/27/2026-12:21:28] [I] Average on 10 runs - GPU latency: 0.0285553 ms - Host latency: 0.0285553 ms (enqueue 0.00188293 ms)
[08/27/2026-12:21:28] [I] Average on 10 runs - GPU latency: 0.0285461 ms - Host latency: 0.0285461 ms (enqueue 0.00184631 ms)
[08/27/2026-12:21:28] [I] ... Omitting 96150 lines
[08/27/2026-12:21:28] [I] Average on 10 runs - GPU latency: 0.0284668 ms - Host latency: 0.0284668 ms (enqueue 0.00214844 ms)
[08/27/2026-12:21:28] [I] Average on 10 runs - GPU latency: 0.0284668 ms - Host latency: 0.0284668 ms (enqueue 0.00227051 ms)
[08/27/2026-12:21:28] [I] Average on 10 runs - GPU latency: 0.0286133 ms - Host latency: 0.0286133 ms (enqueue 0.00222168 ms)
[08/27/2026-12:21:28] [I] Average on 10 runs - GPU latency: 0.0285645 ms - Host latency: 0.0285645 ms (enqueue 0.00202637 ms)
[08/27/2026-12:21:28] [I] Average on 10 runs - GPU latency: 0.0284912 ms - Host latency: 0.0284912 ms (enqueue 0.00197754 ms)
[08/27/2026-12:21:28] [I] Average on 10 runs - GPU latency: 0.0285889 ms - Host latency: 0.0285889 ms (enqueue 0.00219727 ms)
[08/27/2026-12:21:28] [I] Average on 10 runs - GPU latency: 0.028418 ms - Host latency: 0.028418 ms (enqueue 0.00217285 ms)
[08/27/2026-12:21:28] [I] Average on 10 runs - GPU latency: 0.0285156 ms - Host latency: 0.0285156 ms (enqueue 0.00205078 ms)
[08/27/2026-12:21:28] [I] Average on 10 runs - GPU latency: 0.0284424 ms - Host latency: 0.0284424 ms (enqueue 0.0020752 ms)
[08/27/2026-12:21:28] [I] Average on 10 runs - GPU latency: 0.0285889 ms - Host latency: 0.0285889 ms (enqueue 0.00209961 ms)
[08/27/2026-12:21:28] [I] Average on 10 runs - GPU latency: 0.02854 ms - Host latency: 0.02854 ms (enqueue 0.00202637 ms)
[08/27/2026-12:21:28] [I] Average on 10 runs - GPU latency: 0.0285156 ms - Host latency: 0.0285156 ms (enqueue 0.00197754 ms)
[08/27/2026-12:21:28] [I] Average on 10 runs - GPU latency: 0.0284912 ms - Host latency: 0.0284912 ms (enqueue 0.00209961 ms)
[08/27/2026-12:21:28] [I] Average on 10 runs - GPU latency: 0.0284912 ms - Host latency: 0.0284912 ms (enqueue 0.00205078 ms)
[08/27/2026-12:21:28] [I] Average on 10 runs - GPU latency: 0.028418 ms - Host latency: 0.028418 ms (enqueue 0.00205078 ms)
[08/27/2026-12:21:28] [I] Average on 10 runs - GPU latency: 0.0285889 ms - Host latency: 0.0285889 ms (enqueue 0.00227051 ms)
[08/27/2026-12:21:28] [I] Average on 10 runs - GPU latency: 0.0284668 ms - Host latency: 0.0284668 ms (enqueue 0.00212402 ms)
[08/27/2026-12:21:28] [I] Average on 10 runs - GPU latency: 0.0284424 ms - Host latency: 0.0284424 ms (enqueue 0.00212402 ms)
[08/27/2026-12:21:28] [I] Average on 10 runs - GPU latency: 0.0284912 ms - Host latency: 0.0284912 ms (enqueue 0.0020752 ms)
[08/27/2026-12:21:28] [I] Average on 10 runs - GPU latency: 0.0286133 ms - Host latency: 0.0286133 ms (enqueue 0.00195312 ms)
[08/27/2026-12:21:28] [I] Average on 10 runs - GPU latency: 0.0284912 ms - Host latency: 0.0284912 ms (enqueue 0.00212402 ms)
[08/27/2026-12:21:28] [I] Average on 10 runs - GPU latency: 0.0284668 ms - Host latency: 0.0284668 ms (enqueue 0.00205078 ms)
[08/27/2026-12:21:28] [I] Average on 10 runs - GPU latency: 0.02854 ms - Host latency: 0.02854 ms (enqueue 0.00202637 ms)
[08/27/2026-12:21:28] [I] Average on 10 runs - GPU latency: 0.0284668 ms - Host latency: 0.0284668 ms (enqueue 0.00197754 ms)
[08/27/2026-12:21:28] [I] Average on 10 runs - GPU latency: 0.0284668 ms - Host latency: 0.0284668 ms (enqueue 0.00212402 ms)
[08/27/2026-12:21:28] [I] Average on 10 runs - GPU latency: 0.0285156 ms - Host latency: 0.0285156 ms (enqueue 0.00217285 ms)
[08/27/2026-12:21:28] [I] Average on 10 runs - GPU latency: 0.0283936 ms - Host latency: 0.0283936 ms (enqueue 0.00205078 ms)
[08/27/2026-12:21:28] [I] Average on 10 runs - GPU latency: 0.0284668 ms - Host latency: 0.0284668 ms (enqueue 0.00202637 ms)
[08/27/2026-12:21:28] [I] Average on 10 runs - GPU latency: 0.0284912 ms - Host latency: 0.0284912 ms (enqueue 0.00202637 ms)
[08/27/2026-12:21:28] [I] Average on 10 runs - GPU latency: 0.0286133 ms - Host latency: 0.0286133 ms (enqueue 0.00212402 ms)
[08/27/2026-12:21:28] [I] Average on 10 runs - GPU latency: 0.0284668 ms - Host latency: 0.0284668 ms (enqueue 0.00219727 ms)
[08/27/2026-12:21:28] [I] Average on 10 runs - GPU latency: 0.0284912 ms - Host latency: 0.0284912 ms (enqueue 0.0020752 ms)
[08/27/2026-12:21:28] [I] Average on 10 runs - GPU latency: 0.0287354 ms - Host latency: 0.0287354 ms (enqueue 0.00227051 ms)
[08/27/2026-12:21:28] [I] Average on 10 runs - GPU latency: 0.0284912 ms - Host latency: 0.0284912 ms (enqueue 0.0020752 ms)
[08/27/2026-12:21:28] [I] Average on 10 runs - GPU latency: 0.0284912 ms - Host latency: 0.0284912 ms (enqueue 0.00224609 ms)
[08/27/2026-12:21:28] [I] Average on 10 runs - GPU latency: 0.028418 ms - Host latency: 0.028418 ms (enqueue 0.00214844 ms)
[08/27/2026-12:21:28] [I] Average on 10 runs - GPU latency: 0.028418 ms - Host latency: 0.028418 ms (enqueue 0.00197754 ms)
[08/27/2026-12:21:28] [I] Average on 10 runs - GPU latency: 0.0284424 ms - Host latency: 0.0284424 ms (enqueue 0.00202637 ms)
[08/27/2026-12:21:28] [I] Average on 10 runs - GPU latency: 0.0284912 ms - Host latency: 0.0284912 ms (enqueue 0.00205078 ms)
[08/27/2026-12:21:28] [I] Average on 10 runs - GPU latency: 0.0285645 ms - Host latency: 0.0285645 ms (enqueue 0.00212402 ms)
[08/27/2026-12:21:28] [I] Average on 10 runs - GPU latency: 0.0284668 ms - Host latency: 0.0284668 ms (enqueue 0.00202637 ms)
[08/27/2026-12:21:28] [I] Average on 10 runs - GPU latency: 0.0284912 ms - Host latency: 0.0284912 ms (enqueue 0.00212402 ms)
[08/27/2026-12:21:28] [I] Average on 10 runs - GPU latency: 0.0283936 ms - Host latency: 0.0283936 ms (enqueue 0.00268555 ms)
[08/27/2026-12:21:28] [I] Average on 10 runs - GPU latency: 0.028418 ms - Host latency: 0.028418 ms (enqueue 0.00205078 ms)
[08/27/2026-12:21:28] [I] Average on 10 runs - GPU latency: 0.0285156 ms - Host latency: 0.0285156 ms (enqueue 0.00209961 ms)
[08/27/2026-12:21:28] [I] Average on 10 runs - GPU latency: 0.0285156 ms - Host latency: 0.0285156 ms (enqueue 0.0020752 ms)
[08/27/2026-12:21:28] [I] Average on 10 runs - GPU latency: 0.0285156 ms - Host latency: 0.0285156 ms (enqueue 0.00209961 ms)
[08/27/2026-12:21:28] [I] Average on 10 runs - GPU latency: 0.02854 ms - Host latency: 0.02854 ms (enqueue 0.0020752 ms)
[08/27/2026-12:21:28] [I] Average on 10 runs - GPU latency: 0.0283936 ms - Host latency: 0.0283936 ms (enqueue 0.00205078 ms)
[08/27/2026-12:21:28] [I] Average on 10 runs - GPU latency: 0.0286377 ms - Host latency: 0.0286377 ms (enqueue 0.0020752 ms)
[08/27/2026-12:21:28] [I] Average on 10 runs - GPU latency: 0.0283691 ms - Host latency: 0.0283691 ms (enqueue 0.00212402 ms)
[08/27/2026-12:21:28] [I] Average on 10 runs - GPU latency: 0.0284912 ms - Host latency: 0.0284912 ms (enqueue 0.00227051 ms)
[08/27/2026-12:21:28] [I] Average on 10 runs - GPU latency: 0.028418 ms - Host latency: 0.028418 ms (enqueue 0.00202637 ms)
[08/27/2026-12:21:28] [I] Average on 10 runs - GPU latency: 0.0285156 ms - Host latency: 0.0285156 ms (enqueue 0.00205078 ms)
[08/27/2026-12:21:28] [I] Average on 10 runs - GPU latency: 0.0285156 ms - Host latency: 0.0285156 ms (enqueue 0.00214844 ms)
[08/27/2026-12:21:28] [I] Average on 10 runs - GPU latency: 0.0285156 ms - Host latency: 0.0285156 ms (enqueue 0.00214844 ms)
[08/27/2026-12:21:28] [I] Average on 10 runs - GPU latency: 0.0284912 ms - Host latency: 0.0284912 ms (enqueue 0.00205078 ms)
[08/27/2026-12:21:28] [I] Average on 10 runs - GPU latency: 0.0284668 ms - Host latency: 0.0284668 ms (enqueue 0.00209961 ms)
[08/27/2026-12:21:28] [I] Average on 10 runs - GPU latency: 0.0284424 ms - Host latency: 0.0284424 ms (enqueue 0.00202637 ms)
[08/27/2026-12:21:28] [I] Average on 10 runs - GPU latency: 0.0286377 ms - Host latency: 0.0286377 ms (enqueue 0.0020752 ms)
[08/27/2026-12:21:28] [I] Average on 10 runs - GPU latency: 0.0284668 ms - Host latency: 0.0284668 ms (enqueue 0.00202637 ms)
[08/27/2026-12:21:28] [I] Average on 10 runs - GPU latency: 0.0284912 ms - Host latency: 0.0284912 ms (enqueue 0.00197754 ms)
[08/27/2026-12:21:28] [I] Average on 10 runs - GPU latency: 0.02854 ms - Host latency: 0.02854 ms (enqueue 0.00200195 ms)
[08/27/2026-12:21:28] [I] Average on 10 runs - GPU latency: 0.0284668 ms - Host latency: 0.0284668 ms (enqueue 0.00214844 ms)
[08/27/2026-12:21:28] [I] Average on 10 runs - GPU latency: 0.0284912 ms - Host latency: 0.0284912 ms (enqueue 0.00209961 ms)
[08/27/2026-12:21:28] [I] Average on 10 runs - GPU latency: 0.0283447 ms - Host latency: 0.0283447 ms (enqueue 0.0020752 ms)
[08/27/2026-12:21:28] [I] Average on 10 runs - GPU latency: 0.02854 ms - Host latency: 0.02854 ms (enqueue 0.00205078 ms)
[08/27/2026-12:21:28] [I] Average on 10 runs - GPU latency: 0.028418 ms - Host latency: 0.028418 ms (enqueue 0.00209961 ms)
[08/27/2026-12:21:28] [I] Average on 10 runs - GPU latency: 0.0284668 ms - Host latency: 0.0284668 ms (enqueue 0.00217285 ms)
[08/27/2026-12:21:28] [I] Average on 10 runs - GPU latency: 0.0285156 ms - Host latency: 0.0285156 ms (enqueue 0.00217285 ms)
[08/27/2026-12:21:28] [I] Average on 10 runs - GPU latency: 0.0285156 ms - Host latency: 0.0285156 ms (enqueue 0.00217285 ms)
[08/27/2026-12:21:28] [I] Average on 10 runs - GPU latency: 0.0284668 ms - Host latency: 0.0284668 ms (enqueue 0.00222168 ms)
[08/27/2026-12:21:28] [I] Average on 10 runs - GPU latency: 0.028418 ms - Host latency: 0.028418 ms (enqueue 0.00219727 ms)
[08/27/2026-12:21:28] [I] Average on 10 runs - GPU latency: 0.0284424 ms - Host latency: 0.0284424 ms (enqueue 0.00222168 ms)
[08/27/2026-12:21:28] [I] Average on 10 runs - GPU latency: 0.0284668 ms - Host latency: 0.0284668 ms (enqueue 0.00209961 ms)
[08/27/2026-12:21:28] [I] Average on 10 runs - GPU latency: 0.0284912 ms - Host latency: 0.0284912 ms (enqueue 0.00212402 ms)
[08/27/2026-12:21:28] [I] Average on 10 runs - GPU latency: 0.0284912 ms - Host latency: 0.0284912 ms (enqueue 0.00205078 ms)
[08/27/2026-12:21:28] [I] Average on 10 runs - GPU latency: 0.0284668 ms - Host latency: 0.0284668 ms (enqueue 0.00202637 ms)
[08/27/2026-12:21:28] [I] Average on 10 runs - GPU latency: 0.028418 ms - Host latency: 0.028418 ms (enqueue 0.00214844 ms)
[08/27/2026-12:21:28] [I] Average on 10 runs - GPU latency: 0.0284424 ms - Host latency: 0.0284424 ms (enqueue 0.00214844 ms)
[08/27/2026-12:21:28] [I] Average on 10 runs - GPU latency: 0.0283936 ms - Host latency: 0.0283936 ms (enqueue 0.00202637 ms)
[08/27/2026-12:21:28] [I] Average on 10 runs - GPU latency: 0.0284912 ms - Host latency: 0.0284912 ms (enqueue 0.0020752 ms)
[08/27/2026-12:21:28] [I] Average on 10 runs - GPU latency: 0.0284424 ms - Host latency: 0.0284424 ms (enqueue 0.0020752 ms)
[08/27/2026-12:21:28] [I] Average on 10 runs - GPU latency: 0.0283691 ms - Host latency: 0.0283691 ms (enqueue 0.00209961 ms)
[08/27/2026-12:21:28] [I] Average on 10 runs - GPU latency: 0.0284668 ms - Host latency: 0.0284668 ms (enqueue 0.0020752 ms)
[08/27/2026-12:21:28] [I] Average on 10 runs - GPU latency: 0.0285645 ms - Host latency: 0.0285645 ms (enqueue 0.00219727 ms)
[08/27/2026-12:21:28] [I] Average on 10 runs - GPU latency: 0.028418 ms - Host latency: 0.028418 ms (enqueue 0.00214844 ms)
[08/27/2026-12:21:28] [I] Average on 10 runs - GPU latency: 0.0284668 ms - Host latency: 0.0284668 ms (enqueue 0.00209961 ms)
[08/27/2026-12:21:28] [I] Average on 10 runs - GPU latency: 0.0285645 ms - Host latency: 0.0285645 ms (enqueue 0.00200195 ms)
[08/27/2026-12:21:28] [I] Average on 10 runs - GPU latency: 0.02854 ms - Host latency: 0.02854 ms (enqueue 0.00202637 ms)
[08/27/2026-12:21:28] [I] Average on 10 runs - GPU latency: 0.0284912 ms - Host latency: 0.0284912 ms (enqueue 0.00202637 ms)
[08/27/2026-12:21:28] [I] Average on 10 runs - GPU latency: 0.0284912 ms - Host latency: 0.0284912 ms (enqueue 0.0020752 ms)
[08/27/2026-12:21:28] [I] Average on 10 runs - GPU latency: 0.0284912 ms - Host latency: 0.0284912 ms (enqueue 0.00214844 ms)
[08/27/2026-12:21:28] [I] Average on 10 runs - GPU latency: 0.02854 ms - Host latency: 0.02854 ms (enqueue 0.00214844 ms)
[08/27/2026-12:21:28] [I] Average on 10 runs - GPU latency: 0.0284668 ms - Host latency: 0.0284668 ms (enqueue 0.00214844 ms)
[08/27/2026-12:21:28] [I] Average on 10 runs - GPU latency: 0.0284668 ms - Host latency: 0.0284668 ms (enqueue 0.0020752 ms)
[08/27/2026-12:21:28] [I] Average on 10 runs - GPU latency: 0.0284668 ms - Host latency: 0.0284668 ms (enqueue 0.00200195 ms)
[08/27/2026-12:21:28] [I] Average on 10 runs - GPU latency: 0.0284668 ms - Host latency: 0.0284668 ms (enqueue 0.00205078 ms)
[08/27/2026-12:21:28] [I] Average on 10 runs - GPU latency: 0.02854 ms - Host latency: 0.02854 ms (enqueue 0.00209961 ms)
[08/27/2026-12:21:28] [I] Average on 10 runs - GPU latency: 0.0284912 ms - Host latency: 0.0284912 ms (enqueue 0.0020752 ms)
[08/27/2026-12:21:28] [I] Average on 10 runs - GPU latency: 0.0284668 ms - Host latency: 0.0284668 ms (enqueue 0.0020752 ms)
[08/27/2026-12:21:28] [I] Average on 10 runs - GPU latency: 0.028418 ms - Host latency: 0.028418 ms (enqueue 0.00209961 ms)
[08/27/2026-12:21:28] [I] Average on 10 runs - GPU latency: 0.02854 ms - Host latency: 0.02854 ms (enqueue 0.00202637 ms)
[08/27/2026-12:21:28] [I] Average on 10 runs - GPU latency: 0.028418 ms - Host latency: 0.028418 ms (enqueue 0.00205078 ms)
[08/27/2026-12:21:28] [I] Average on 10 runs - GPU latency: 0.0284424 ms - Host latency: 0.0284424 ms (enqueue 0.0020752 ms)
[08/27/2026-12:21:28] [I] Average on 10 runs - GPU latency: 0.0284668 ms - Host latency: 0.0284668 ms (enqueue 0.00212402 ms)
[08/27/2026-12:21:28] [I] Average on 10 runs - GPU latency: 0.0286133 ms - Host latency: 0.0286133 ms (enqueue 0.00217285 ms)
[08/27/2026-12:21:28] [I] Average on 10 runs - GPU latency: 0.028418 ms - Host latency: 0.028418 ms (enqueue 0.00209961 ms)
[08/27/2026-12:21:28] [I] Average on 10 runs - GPU latency: 0.028418 ms - Host latency: 0.028418 ms (enqueue 0.00200195 ms)
[08/27/2026-12:21:28] [I] Average on 10 runs - GPU latency: 0.0284912 ms - Host latency: 0.0284912 ms (enqueue 0.00246582 ms)
[08/27/2026-12:21:28] [I] Average on 10 runs - GPU latency: 0.0284668 ms - Host latency: 0.0284668 ms (enqueue 0.0020752 ms)
[08/27/2026-12:21:28] [I] Average on 10 runs - GPU latency: 0.0284912 ms - Host latency: 0.0284912 ms (enqueue 0.00197754 ms)
[08/27/2026-12:21:28] [I] Average on 10 runs - GPU latency: 0.0285156 ms - Host latency: 0.0285156 ms (enqueue 0.00217285 ms)
[08/27/2026-12:21:28] [I] Average on 10 runs - GPU latency: 0.02854 ms - Host latency: 0.02854 ms (enqueue 0.00205078 ms)
[08/27/2026-12:21:28] [I] Average on 10 runs - GPU latency: 0.0284668 ms - Host latency: 0.0284668 ms (enqueue 0.00209961 ms)
[08/27/2026-12:21:28] [I] Average on 10 runs - GPU latency: 0.0285156 ms - Host latency: 0.0285156 ms (enqueue 0.00209961 ms)
[08/27/2026-12:21:28] [I] Average on 10 runs - GPU latency: 0.0284912 ms - Host latency: 0.0284912 ms (enqueue 0.00202637 ms)
[08/27/2026-12:21:28] [I] Average on 10 runs - GPU latency: 0.0285889 ms - Host latency: 0.0285889 ms (enqueue 0.00209961 ms)
[08/27/2026-12:21:28] [I] Average on 10 runs - GPU latency: 0.0284424 ms - Host latency: 0.0284424 ms (enqueue 0.00212402 ms)
[08/27/2026-12:21:28] [I] Average on 10 runs - GPU latency: 0.0285156 ms - Host latency: 0.0285156 ms (enqueue 0.0020752 ms)
[08/27/2026-12:21:28] [I] Average on 10 runs - GPU latency: 0.02854 ms - Host latency: 0.02854 ms (enqueue 0.00205078 ms)
[08/27/2026-12:21:28] [I] Average on 10 runs - GPU latency: 0.0284668 ms - Host latency: 0.0284668 ms (enqueue 0.00217285 ms)
[08/27/2026-12:21:28] [I] Average on 10 runs - GPU latency: 0.0285156 ms - Host latency: 0.0285156 ms (enqueue 0.00224609 ms)
[08/27/2026-12:21:28] [I] Average on 10 runs - GPU latency: 0.0284424 ms - Host latency: 0.0284424 ms (enqueue 0.00217285 ms)
[08/27/2026-12:21:28] [I] Average on 10 runs - GPU latency: 0.0284912 ms - Host latency: 0.0284912 ms (enqueue 0.00229492 ms)
[08/27/2026-12:21:28] [I] Average on 10 runs - GPU latency: 0.0284912 ms - Host latency: 0.0284912 ms (enqueue 0.00205078 ms)
[08/27/2026-12:21:28] [I] Average on 10 runs - GPU latency: 0.0283936 ms - Host latency: 0.0283936 ms (enqueue 0.00200195 ms)
[08/27/2026-12:21:28] [I] Average on 10 runs - GPU latency: 0.0285156 ms - Host latency: 0.0285156 ms (enqueue 0.00205078 ms)
[08/27/2026-12:21:28] [I] Average on 10 runs - GPU latency: 0.0284424 ms - Host latency: 0.0284424 ms (enqueue 0.00205078 ms)
[08/27/2026-12:21:28] [I] Average on 10 runs - GPU latency: 0.0285156 ms - Host latency: 0.0285156 ms (enqueue 0.00209961 ms)
[08/27/2026-12:21:28] [I] Average on 10 runs - GPU latency: 0.0284424 ms - Host latency: 0.0284424 ms (enqueue 0.00219727 ms)
[08/27/2026-12:21:28] [I] Average on 10 runs - GPU latency: 0.0285645 ms - Host latency: 0.0285645 ms (enqueue 0.00212402 ms)
[08/27/2026-12:21:28] [I] Average on 10 runs - GPU latency: 0.02854 ms - Host latency: 0.02854 ms (enqueue 0.00197754 ms)
[08/27/2026-12:21:28] [I] Average on 10 runs - GPU latency: 0.0285645 ms - Host latency: 0.0285645 ms (enqueue 0.00214844 ms)
[08/27/2026-12:21:28] [I] Average on 10 runs - GPU latency: 0.0283936 ms - Host latency: 0.0283936 ms (enqueue 0.00205078 ms)
[08/27/2026-12:21:28] [I] Average on 10 runs - GPU latency: 0.0285889 ms - Host latency: 0.0285889 ms (enqueue 0.00200195 ms)
[08/27/2026-12:21:28] [I] Average on 10 runs - GPU latency: 0.0284912 ms - Host latency: 0.0284912 ms (enqueue 0.00202637 ms)
[08/27/2026-12:21:28] [I] Average on 10 runs - GPU latency: 0.0284668 ms - Host latency: 0.0284668 ms (enqueue 0.00212402 ms)
[08/27/2026-12:21:28] [I] Average on 10 runs - GPU latency: 0.0284668 ms - Host latency: 0.0284668 ms (enqueue 0.00209961 ms)
[08/27/2026-12:21:28] [I] Average on 10 runs - GPU latency: 0.0284668 ms - Host latency: 0.0284668 ms (enqueue 0.00212402 ms)
[08/27/2026-12:21:28] [I] Average on 10 runs - GPU latency: 0.0283936 ms - Host latency: 0.0283936 ms (enqueue 0.00205078 ms)
[08/27/2026-12:21:28] [I] Average on 10 runs - GPU latency: 0.0284912 ms - Host latency: 0.0284912 ms (enqueue 0.00209961 ms)
[08/27/2026-12:21:28] [I] Average on 10 runs - GPU latency: 0.0284424 ms - Host latency: 0.0284424 ms (enqueue 0.0020752 ms)
[08/27/2026-12:21:28] [I] Average on 10 runs - GPU latency: 0.0284912 ms - Host latency: 0.0284912 ms (enqueue 0.0020752 ms)
[08/27/2026-12:21:28] [I] Average on 10 runs - GPU latency: 0.028418 ms - Host latency: 0.028418 ms (enqueue 0.0020752 ms)
[08/27/2026-12:21:28] [I] Average on 10 runs - GPU latency: 0.02854 ms - Host latency: 0.02854 ms (enqueue 0.00212402 ms)
[08/27/2026-12:21:28] [I] Average on 10 runs - GPU latency: 0.0284912 ms - Host latency: 0.0284912 ms (enqueue 0.00222168 ms)
[08/27/2026-12:21:28] [I] Average on 10 runs - GPU latency: 0.0284912 ms - Host latency: 0.0284912 ms (enqueue 0.00214844 ms)
[08/27/2026-12:21:28] [I] Average on 10 runs - GPU latency: 0.0284424 ms - Host latency: 0.0284424 ms (enqueue 0.00214844 ms)
[08/27/2026-12:21:28] [I] Average on 10 runs - GPU latency: 0.0284912 ms - Host latency: 0.0284912 ms (enqueue 0.00214844 ms)
[08/27/2026-12:21:28] [I] Average on 10 runs - GPU latency: 0.0284912 ms - Host latency: 0.0284912 ms (enqueue 0.0020752 ms)
[08/27/2026-12:21:28] [I] Average on 10 runs - GPU latency: 0.0284668 ms - Host latency: 0.0284668 ms (enqueue 0.00202637 ms)
[08/27/2026-12:21:28] [I] Average on 10 runs - GPU latency: 0.028418 ms - Host latency: 0.028418 ms (enqueue 0.00202637 ms)
[08/27/2026-12:21:28] [I] Average on 10 runs - GPU latency: 0.0284668 ms - Host latency: 0.0284668 ms (enqueue 0.0020752 ms)
[08/27/2026-12:21:28] [I] Average on 10 runs - GPU latency: 0.0284424 ms - Host latency: 0.0284424 ms (enqueue 0.00209961 ms)
[08/27/2026-12:21:28] [I] Average on 10 runs - GPU latency: 0.0285156 ms - Host latency: 0.0285156 ms (enqueue 0.00209961 ms)
[08/27/2026-12:21:28] [I] Average on 10 runs - GPU latency: 0.0284912 ms - Host latency: 0.0284912 ms (enqueue 0.00214844 ms)
[08/27/2026-12:21:28] [I] Average on 10 runs - GPU latency: 0.0284424 ms - Host latency: 0.0284424 ms (enqueue 0.00209961 ms)
[08/27/2026-12:21:28] [I] Average on 10 runs - GPU latency: 0.0284912 ms - Host latency: 0.0284912 ms (enqueue 0.00209961 ms)
[08/27/2026-12:21:28] [I] Average on 10 runs - GPU latency: 0.0285156 ms - Host latency: 0.0285156 ms (enqueue 0.00209961 ms)
[08/27/2026-12:21:28] [I] Average on 10 runs - GPU latency: 0.028418 ms - Host latency: 0.028418 ms (enqueue 0.00217285 ms)
[08/27/2026-12:21:28] [I] Average on 10 runs - GPU latency: 0.0284424 ms - Host latency: 0.0284424 ms (enqueue 0.00217285 ms)
[08/27/2026-12:21:28] [I] Average on 10 runs - GPU latency: 0.0284912 ms - Host latency: 0.0284912 ms (enqueue 0.00212402 ms)
[08/27/2026-12:21:28] [I] Average on 10 runs - GPU latency: 0.028418 ms - Host latency: 0.028418 ms (enqueue 0.00217285 ms)
[08/27/2026-12:21:28] [I] Average on 10 runs - GPU latency: 0.0284424 ms - Host latency: 0.0284424 ms (enqueue 0.00205078 ms)
[08/27/2026-12:21:28] [I] Average on 10 runs - GPU latency: 0.0284912 ms - Host latency: 0.0284912 ms (enqueue 0.00222168 ms)
[08/27/2026-12:21:28] [I] Average on 10 runs - GPU latency: 0.0284668 ms - Host latency: 0.0284668 ms (enqueue 0.00209961 ms)
[08/27/2026-12:21:28] [I] Average on 10 runs - GPU latency: 0.0284912 ms - Host latency: 0.0284912 ms (enqueue 0.00202637 ms)
[08/27/2026-12:21:28] [I] Average on 10 runs - GPU latency: 0.0284912 ms - Host latency: 0.0284912 ms (enqueue 0.00214844 ms)
[08/27/2026-12:21:28] [I] Average on 10 runs - GPU latency: 0.02854 ms - Host latency: 0.02854 ms (enqueue 0.00214844 ms)
[08/27/2026-12:21:28] [I] Average on 10 runs - GPU latency: 0.0285156 ms - Host latency: 0.0285156 ms (enqueue 0.00197754 ms)
[08/27/2026-12:21:28] [I] Average on 10 runs - GPU latency: 0.0284912 ms - Host latency: 0.0284912 ms (enqueue 0.0020752 ms)
[08/27/2026-12:21:28] [I] Average on 10 runs - GPU latency: 0.0284912 ms - Host latency: 0.0284912 ms (enqueue 0.00214844 ms)
[08/27/2026-12:21:28] [I] Average on 10 runs - GPU latency: 0.028418 ms - Host latency: 0.028418 ms (enqueue 0.00209961 ms)
[08/27/2026-12:21:28] [I] Average on 10 runs - GPU latency: 0.0284424 ms - Host latency: 0.0284424 ms (enqueue 0.00209961 ms)
[08/27/2026-12:21:28] [I] Average on 10 runs - GPU latency: 0.0284912 ms - Host latency: 0.0284912 ms (enqueue 0.00209961 ms)
[08/27/2026-12:21:28] [I] Average on 10 runs - GPU latency: 0.0285889 ms - Host latency: 0.0285889 ms (enqueue 0.00263672 ms)
[08/27/2026-12:21:28] [I] Average on 10 runs - GPU latency: 0.0284668 ms - Host latency: 0.0284668 ms (enqueue 0.00212402 ms)
[08/27/2026-12:21:28] [I] Average on 10 runs - GPU latency: 0.028418 ms - Host latency: 0.028418 ms (enqueue 0.00205078 ms)
[08/27/2026-12:21:28] [I] Average on 10 runs - GPU latency: 0.0284424 ms - Host latency: 0.0284424 ms (enqueue 0.00224609 ms)
[08/27/2026-12:21:28] [I] Average on 10 runs - GPU latency: 0.0284424 ms - Host latency: 0.0284424 ms (enqueue 0.00205078 ms)
[08/27/2026-12:21:28] [I] Average on 10 runs - GPU latency: 0.0284668 ms - Host latency: 0.0284668 ms (enqueue 0.00205078 ms)
[08/27/2026-12:21:28] [I] Average on 10 runs - GPU latency: 0.0285645 ms - Host latency: 0.0285645 ms (enqueue 0.00253906 ms)
[08/27/2026-12:21:28] [I] Average on 10 runs - GPU latency: 0.0284424 ms - Host latency: 0.0284424 ms (enqueue 0.0020752 ms)
[08/27/2026-12:21:28] [I] Average on 10 runs - GPU latency: 0.0284424 ms - Host latency: 0.0284424 ms (enqueue 0.00212402 ms)
[08/27/2026-12:21:28] [I] Average on 10 runs - GPU latency: 0.028418 ms - Host latency: 0.028418 ms (enqueue 0.00212402 ms)
[08/27/2026-12:21:28] [I] Average on 10 runs - GPU latency: 0.0285156 ms - Host latency: 0.0285156 ms (enqueue 0.0020752 ms)
[08/27/2026-12:21:28] [I] Average on 10 runs - GPU latency: 0.0283936 ms - Host latency: 0.0283936 ms (enqueue 0.00202637 ms)
[08/27/2026-12:21:28] [I] Average on 10 runs - GPU latency: 0.0283936 ms - Host latency: 0.0283936 ms (enqueue 0.00217285 ms)
[08/27/2026-12:21:28] [I] Average on 10 runs - GPU latency: 0.0285156 ms - Host latency: 0.0285156 ms (enqueue 0.00219727 ms)
[08/27/2026-12:21:28] [I] Average on 10 runs - GPU latency: 0.028418 ms - Host latency: 0.028418 ms (enqueue 0.00202637 ms)
[08/27/2026-12:21:28] [I] Average on 10 runs - GPU latency: 0.0284668 ms - Host latency: 0.0284668 ms (enqueue 0.00202637 ms)
[08/27/2026-12:21:28] [I] Average on 10 runs - GPU latency: 0.0284912 ms - Host latency: 0.0284912 ms (enqueue 0.00205078 ms)
[08/27/2026-12:21:28] [I] Average on 10 runs - GPU latency: 0.0285156 ms - Host latency: 0.0285156 ms (enqueue 0.00209961 ms)
[08/27/2026-12:21:28] [I] Average on 10 runs - GPU latency: 0.0285156 ms - Host latency: 0.0285156 ms (enqueue 0.00214844 ms)
[08/27/2026-12:21:28] [I] Average on 10 runs - GPU latency: 0.0284668 ms - Host latency: 0.0284668 ms (enqueue 0.00212402 ms)
[08/27/2026-12:21:28] [I] Average on 10 runs - GPU latency: 0.0284912 ms - Host latency: 0.0284912 ms (enqueue 0.00212402 ms)
[08/27/2026-12:21:28] [I] Average on 10 runs - GPU latency: 0.0284668 ms - Host latency: 0.0284668 ms (enqueue 0.0020752 ms)
[08/27/2026-12:21:28] [I] Average on 10 runs - GPU latency: 0.0284668 ms - Host latency: 0.0284668 ms (enqueue 0.00197754 ms)
[08/27/2026-12:21:28] [I] Average on 10 runs - GPU latency: 0.0285156 ms - Host latency: 0.0285156 ms (enqueue 0.00212402 ms)
[08/27/2026-12:21:28] [I]
[08/27/2026-12:21:28] [I] === Performance summary ===
[08/27/2026-12:21:28] [I] Throughput: 33382.5 qps
[08/27/2026-12:21:28] [I] Latency: min = 0.0280762 ms, max = 0.129395 ms, mean = 0.0284962 ms, median = 0.0284729 ms, percentile(90%) = 0.0285645 ms, percentile(95%) = 0.0286255 ms, percentile(99%) = 0.0292969 ms
[08/27/2026-12:21:28] [I] Enqueue Time: min = 0.00158691 ms, max = 0.114746 ms, mean = 0.00206178 ms, median = 0.00201416 ms, percentile(90%) = 0.00219727 ms, percentile(95%) = 0.00244141 ms, percentile(99%) = 0.00268555 ms
[08/27/2026-12:21:28] [I] H2D Latency: min = 0 ms, max = 0 ms, mean = 0 ms, median = 0 ms, percentile(90%) = 0 ms, percentile(95%) = 0 ms, percentile(99%) = 0 ms
[08/27/2026-12:21:28] [I] GPU Compute Time: min = 0.0280762 ms, max = 0.129395 ms, mean = 0.0284962 ms, median = 0.0284729 ms, percentile(90%) = 0.0285645 ms, percentile(95%) = 0.0286255 ms, percentile(99%) = 0.0292969 ms
[08/27/2026-12:21:28] [I] D2H Latency: min = 0 ms, max = 0 ms, mean = 0 ms, median = 0 ms, percentile(90%) = 0 ms, percentile(95%) = 0 ms, percentile(99%) = 0 ms
[08/27/2026-12:21:28] [I] Total Host Walltime: 3.00008 s
[08/27/2026-12:21:28] [I] Total GPU Compute Time: 2.85389 s
[08/27/2026-12:21:28] [I] Explanations of the performance metrics are printed in the verbose logs.
[08/27/2026-12:21:28] [I]
&&&& PASSED TensorRT.trtexec [TensorRT v110100] [b106] # trtexec --onnx=/work/trt-samples-for-hackathon-cn-wili/cookbook/00-Data/model/model-trained.onnx --setBuildRoute=-conv_lowering=on -kgen:tiling=0 --saveEngine=/tmp/trtexec_tuning_79287_iterphase1_1.plan --tuningResultFile=/tmp/trtexec_tuning_79287_iter1.json
&&&& TASK_END [iter=1] BuildRoute = '-conv_lowering=on -kgen:tiling=0'


&&&& TASK_BEGIN [iter=2] BuildRoute = '-conv_lowering=on -kgen:tiling=1'
[08/27/2026-12:21:29] [I] Tuning iteration [2]: -conv_lowering=on -kgen:tiling=1
&&&& RUNNING TensorRT.trtexec [TensorRT v110100] [b106] # trtexec --onnx=/work/trt-samples-for-hackathon-cn-wili/cookbook/00-Data/model/model-trained.onnx --setBuildRoute=-conv_lowering=on -kgen:tiling=1 --saveEngine=/tmp/trtexec_tuning_79287_iterphase1_2.plan --tuningResultFile=/tmp/trtexec_tuning_79287_iter2.json
[08/27/2026-12:21:29] [I] === Model Options ===
[08/27/2026-12:21:29] [I] Format: ONNX
[08/27/2026-12:21:29] [I] Model: /work/trt-samples-for-hackathon-cn-wili/cookbook/00-Data/model/model-trained.onnx
[08/27/2026-12:21:29] [I] Output:
[08/27/2026-12:21:29] [I] === Build Options ===
[08/27/2026-12:21:29] [I] Memory Pools: workspace: default, dlaSRAM: default, dlaLocalDRAM: default, dlaGlobalDRAM: default, tacticSharedMem: default
[08/27/2026-12:21:29] [I] avgTiming: 8
[08/27/2026-12:21:29] [I] Precision: Strongly Typed
[08/27/2026-12:21:29] [I] Layer Device Types:
[08/27/2026-12:21:29] [I] Decomposable Attentions:
[08/27/2026-12:21:29] [I] Refit: Disabled
[08/27/2026-12:21:29] [I] Strip weights: Disabled
[08/27/2026-12:21:29] [I] Version Compatible: Disabled
[08/27/2026-12:21:29] [I] ONNX Plugin InstanceNorm: Disabled
[08/27/2026-12:21:29] [I] ONNX kENABLE_UINT8_AND_ASYMMETRIC_QUANTIZATION_DLA flag: Disabled
[08/27/2026-12:21:29] [I] ONNX kREPORT_CAPABILITY_DLA flag: Disabled
[08/27/2026-12:21:29] [I] ONNX kADJUST_FOR_DLA flag: Disabled
[08/27/2026-12:21:29] [I] ONNX kENABLE_PLUGIN_OVERRIDE flag: Disabled
[08/27/2026-12:21:29] [I] TensorRT runtime: full
[08/27/2026-12:21:29] [I] Lean DLL Path:
[08/27/2026-12:21:29] [I] Tempfile Controls: { in_memory: allow, temporary: allow }
[08/27/2026-12:21:29] [I] Exclude Lean Runtime: Disabled
[08/27/2026-12:21:29] [I] Sparsity: Disabled
[08/27/2026-12:21:29] [I] Safe mode: Disabled
[08/27/2026-12:21:29] [I] Build DLA standalone loadable: Disabled
[08/27/2026-12:21:29] [I] Allow GPU fallback for DLA: Disabled
[08/27/2026-12:21:29] [I] DirectIO mode: Disabled
[08/27/2026-12:21:29] [I] Skip inference: Disabled
[08/27/2026-12:21:29] [I] Save engine: /tmp/trtexec_tuning_79287_iterphase1_2.plan
[08/27/2026-12:21:29] [I] Load engine:
[08/27/2026-12:21:29] [I] Profiling verbosity: 0
[08/27/2026-12:21:29] [I] Tactic sources: Using default tactic sources
[08/27/2026-12:21:29] [I] timingCacheMode: local
[08/27/2026-12:21:29] [I] timingCacheFile:
[08/27/2026-12:21:29] [I] Enable Compilation Cache: Enabled
[08/27/2026-12:21:29] [I] Enable Monitor Memory: Disabled
[08/27/2026-12:21:29] [I] CPU Only Mode: Disabled
[08/27/2026-12:21:29] [I] errorOnTimingCacheMiss: Disabled
[08/27/2026-12:21:29] [I] Preview Features: Use default preview flags.
[08/27/2026-12:21:29] [I] MaxAuxStreams: -1
[08/27/2026-12:21:29] [I] BuilderOptimizationLevel: -1
[08/27/2026-12:21:29] [I] MaxTactics: -1
[08/27/2026-12:21:29] [I] Weight Streaming: Disabled
[08/27/2026-12:21:29] [I] Runtime Platform: Same As Build
[08/27/2026-12:21:29] [I] Debug Tensors:
[08/27/2026-12:21:29] [I] Distributive Independence: Disabled
[08/27/2026-12:21:29] [I] Mark Unfused Tensors As Debug Tensors: Disabled
[08/27/2026-12:21:29] [I] Input(s)s format: CHW
[08/27/2026-12:21:29] [I] Output(s)s format: CHW
[08/27/2026-12:21:29] [I] Input build shapes: model
[08/27/2026-12:21:29] [I] === System Options ===
[08/27/2026-12:21:29] [I] Device: 0
[08/27/2026-12:21:29] [I] DLACore:
[08/27/2026-12:21:29] [I] Loaded static plugins:
[08/27/2026-12:21:29] [I] setPluginsToSerialize:
[08/27/2026-12:21:29] [I] dynamicPlugins:
[08/27/2026-12:21:29] [I] ignoreParsedPluginLibs: 0
[08/27/2026-12:21:29] [I]
[08/27/2026-12:21:29] [I] === Inference Options ===
[08/27/2026-12:21:29] [I] Batch: Explicit
[08/27/2026-12:21:29] [I] Input inference shapes: model
[08/27/2026-12:21:29] [I] Iterations: 10
[08/27/2026-12:21:29] [I] Duration: 3s (+ 200ms warm up)
[08/27/2026-12:21:29] [I] Sleep time: 0ms
[08/27/2026-12:21:29] [I] Idle time: 0ms
[08/27/2026-12:21:29] [I] Inference Streams: 1
[08/27/2026-12:21:29] [I] ExposeDMA: Disabled
[08/27/2026-12:21:29] [I] Data transfers: Disabled
[08/27/2026-12:21:29] [I] Spin-wait: Enabled
[08/27/2026-12:21:29] [I] Multithreading: Disabled
[08/27/2026-12:21:29] [I] CUDA Graph: Enabled
[08/27/2026-12:21:29] [I] Time Deserialize: Disabled
[08/27/2026-12:21:29] [I] Time Refit: Disabled
[08/27/2026-12:21:29] [I] NVTX verbosity: 0
[08/27/2026-12:21:29] [I] Persistent Cache Ratio: 0
[08/27/2026-12:21:29] [I] Optimization Profile Index: 0
[08/27/2026-12:21:29] [I] Weight Streaming Budget: 100.000000%
[08/27/2026-12:21:29] [I] Accuracy Algorithm: L0
[08/27/2026-12:21:29] [I] Absolute Tolerance (atol): 1e-05
[08/27/2026-12:21:29] [I] Relative Tolerance (rtol): 1e-05
[08/27/2026-12:21:29] [I] Inputs:
[08/27/2026-12:21:29] [I] Debug Tensor Save Destinations:
[08/27/2026-12:21:29] [I] Dump All Debug Tensor in Formats:
[08/27/2026-12:21:29] [I] === Reporting Options ===
[08/27/2026-12:21:29] [I] Verbose: Disabled
[08/27/2026-12:21:29] [I] Averages: 10 inferences
[08/27/2026-12:21:29] [I] Percentiles: 90,95,99
[08/27/2026-12:21:29] [I] Dump refittable layers:Disabled
[08/27/2026-12:21:29] [I] Dump output: Disabled
[08/27/2026-12:21:29] [I] Profile: Disabled
[08/27/2026-12:21:29] [I] Export timing to JSON file:
[08/27/2026-12:21:29] [I] Export output to JSON file:
[08/27/2026-12:21:29] [I] Export profile to JSON file:
[08/27/2026-12:21:29] [I]
[08/27/2026-12:21:29] [I] === Device Information ===
[08/27/2026-12:21:29] [I] Available Devices:
[08/27/2026-12:21:29] [I]   Device 0: "NVIDIA H100 PCIe" UUID: GPU-6b95b656-4bfb-1c8a-789d-76d749d0fe65
[08/27/2026-12:21:29] [I] Selected Device: NVIDIA H100 PCIe
[08/27/2026-12:21:29] [I] Selected Device ID: 0
[08/27/2026-12:21:29] [I] Selected Device UUID: GPU-6b95b656-4bfb-1c8a-789d-76d749d0fe65
[08/27/2026-12:21:29] [I] Compute Capability: 9.0
[08/27/2026-12:21:29] [I] SMs: 114
[08/27/2026-12:21:29] [I] Device Global Memory: 81071 MiB
[08/27/2026-12:21:29] [I] Shared Memory per SM: 228 KiB
[08/27/2026-12:21:29] [I] Memory Bus Width: 5120 bits (ECC enabled)
[08/27/2026-12:21:29] [I] Application Compute Clock Rate: 1.755 GHz
[08/27/2026-12:21:29] [I] Application Memory Clock Rate: 1.593 GHz
[08/27/2026-12:21:29] [I]
[08/27/2026-12:21:29] [I] Note: The application clock rates do not reflect the actual clock rates that the GPU is currently running at.
[08/27/2026-12:21:29] [I]
[08/27/2026-12:21:29] [I] TensorRT version: 11.1.0
[08/27/2026-12:21:29] [I] Loading standard plugins
[08/27/2026-12:21:29] [I] [TRT] [MemUsageChange] Init CUDA: CPU +0, GPU +0, now: CPU 32, GPU 914 (MiB)
[08/27/2026-12:21:29] [I] Using tuning build route: -conv_lowering=on -kgen:tiling=1
[08/27/2026-12:21:29] [I] Start parsing network model.
[08/27/2026-12:21:29] [I] [TRT] ----------------------------------------------------------------
[08/27/2026-12:21:29] [I] [TRT] Input filename:   /work/trt-samples-for-hackathon-cn-wili/cookbook/00-Data/model/model-trained.onnx
[08/27/2026-12:21:29] [I] [TRT] ONNX IR version:  0.0.10
[08/27/2026-12:21:29] [I] [TRT] Opset version:    18
[08/27/2026-12:21:29] [I] [TRT] Producer name:    pytorch
[08/27/2026-12:21:29] [I] [TRT] Producer version: 2.11.0a0+a6c236b9fd.nv26.03.46836102
[08/27/2026-12:21:29] [I] [TRT] Domain:
[08/27/2026-12:21:29] [I] [TRT] Model version:    0
[08/27/2026-12:21:29] [I] [TRT] Doc string:
[08/27/2026-12:21:29] [I] [TRT] ----------------------------------------------------------------
[08/27/2026-12:21:29] [W] [TRT] ModelImporter.cpp:1047: Make sure output z has Int64 binding.
[08/27/2026-12:21:29] [I] Finished parsing network model. Parse time: 0.0170508
[08/27/2026-12:21:29] [W] Dynamic dimensions required for input: x, but no shapes were provided. Automatically overriding shape to: 1x1x28x28
[08/27/2026-12:21:29] [I] Set shape of input tensor x for optimization profile 0 to: MIN=1x1x28x28 OPT=1x1x28x28 MAX=1x1x28x28
[08/27/2026-12:21:30] [I] [TRT] [MemUsageChange] Init builder kernel library: CPU +524, GPU +10, now: CPU 835, GPU 926 (MiB)
[08/27/2026-12:21:30] [I] [TRT] Local timing cache in use. Profiling results in this builder pass will not be stored.
[08/27/2026-12:21:31] [I] [TRT] Compiler backend is used during engine build.
[08/27/2026-12:21:31] [I] [TRT] [TuningBuildRoute] Using build route: -conv_lowering=on -kgen:tiling=1
[08/27/2026-12:21:37] [I] [TRT] Detected 1 inputs and 2 output network tensors.
[08/27/2026-12:21:37] [I] [TRT] Total Host Persistent Memory: 18896 bytes
[08/27/2026-12:21:37] [I] [TRT] Total Device Persistent Memory: 0 bytes
[08/27/2026-12:21:37] [I] [TRT] Max Scratch Memory: 4608 bytes
[08/27/2026-12:21:37] [I] [TRT] [BlockAssignment] Started assigning block shifts. This will take 5 steps to complete.
[08/27/2026-12:21:37] [I] [TRT] [BlockAssignment] Algorithm ShiftNTopDown took 0.02037ms to assign 2 blocks to 5 nodes requiring 125440 bytes.
[08/27/2026-12:21:37] [I] [TRT] Total Activation Memory: 125440 bytes
[08/27/2026-12:21:37] [I] [TRT] Total Weights Memory: 13100672 bytes
[08/27/2026-12:21:37] [I] [TRT] Compiler backend is used during engine execution.
[08/27/2026-12:21:37] [I] [TRT] Engine generation completed in 7.23093 seconds.
[08/27/2026-12:21:37] [I] [TRT] [MemUsageStats] Peak memory usage of TRT CPU/GPU memory allocators: CPU 0 MiB, GPU 13 MiB
[08/27/2026-12:21:37] [I] Created engine with size: 12.5784 MiB
[08/27/2026-12:21:37] [I] Engine built in 7.92717 sec.
[08/27/2026-12:21:38] [I] Engine deserialized in 0.00771745 sec.
[08/27/2026-12:21:38] [I] [TRT] [MemUsageChange] TensorRT-managed allocation in IExecutionContext creation: CPU +0, GPU +0, now: CPU 0, GPU 12 (MiB)
[08/27/2026-12:21:38] [I] Setting persistentCacheLimit to 0 bytes.
[08/27/2026-12:21:38] [I] Created execution context with device memory size: 0.119629 MiB
[08/27/2026-12:21:38] [I] Using random values for input x
[08/27/2026-12:21:38] [I] Input binding for x with dimensions 1x1x28x28 and type fp32 is created.
[08/27/2026-12:21:38] [I] Output binding for y with dimensions 1x10 and type fp32 is created.
[08/27/2026-12:21:38] [I] Output binding for z with dimensions 1 and type int64 is created.
[08/27/2026-12:21:38] [I] Starting inference
[08/27/2026-12:21:38] [I] Capturing CUDA graph for the current execution context
[08/27/2026-12:21:38] [I] Successfully captured CUDA graph for the current execution context. When profiling with Nsight Systems, add "--cuda-graph-trace=node" to the nsys command to see per-kernel execution times.
[08/27/2026-12:21:41] [I] Warmup completed 6652 queries over 200 ms
[08/27/2026-12:21:41] [I] Timing trace has 100475 queries over 3.00006 s
[08/27/2026-12:21:41] [I]
[08/27/2026-12:21:41] [I] === Trace details ===
[08/27/2026-12:21:41] [I] Trace averages of 10 runs:
[08/27/2026-12:21:41] [I] Average on 10 runs - GPU latency: 0.0283844 ms - Host latency: 0.0283844 ms (enqueue 0.00183411 ms)
[08/27/2026-12:21:41] [I] Average on 10 runs - GPU latency: 0.0284363 ms - Host latency: 0.0284363 ms (enqueue 0.00187683 ms)
[08/27/2026-12:21:41] [I] Average on 10 runs - GPU latency: 0.0283524 ms - Host latency: 0.0283524 ms (enqueue 0.0019043 ms)
[08/27/2026-12:21:41] [I] Average on 10 runs - GPU latency: 0.028421 ms - Host latency: 0.028421 ms (enqueue 0.00191345 ms)
[08/27/2026-12:21:41] [I] Average on 10 runs - GPU latency: 0.0283737 ms - Host latency: 0.0283737 ms (enqueue 0.00182343 ms)
[08/27/2026-12:21:41] [I] Average on 10 runs - GPU latency: 0.0283722 ms - Host latency: 0.0283722 ms (enqueue 0.00189972 ms)
[08/27/2026-12:21:41] [I] Average on 10 runs - GPU latency: 0.0283218 ms - Host latency: 0.0283218 ms (enqueue 0.00191956 ms)
[08/27/2026-12:21:41] [I] Average on 10 runs - GPU latency: 0.0283936 ms - Host latency: 0.0283936 ms (enqueue 0.00188599 ms)
[08/27/2026-12:21:41] [I] Average on 10 runs - GPU latency: 0.0283829 ms - Host latency: 0.0283829 ms (enqueue 0.00187378 ms)
[08/27/2026-12:21:41] [I] Average on 10 runs - GPU latency: 0.0284225 ms - Host latency: 0.0284225 ms (enqueue 0.0020401 ms)
[08/27/2026-12:21:41] [I] Average on 10 runs - GPU latency: 0.0283188 ms - Host latency: 0.0283188 ms (enqueue 0.00190735 ms)
[08/27/2026-12:21:41] [I] Average on 10 runs - GPU latency: 0.02836 ms - Host latency: 0.02836 ms (enqueue 0.00186768 ms)
[08/27/2026-12:21:41] [I] Average on 10 runs - GPU latency: 0.028476 ms - Host latency: 0.028476 ms (enqueue 0.00188751 ms)
[08/27/2026-12:21:41] [I] Average on 10 runs - GPU latency: 0.0283508 ms - Host latency: 0.0283508 ms (enqueue 0.00202332 ms)
[08/27/2026-12:21:41] [I] Average on 10 runs - GPU latency: 0.0283798 ms - Host latency: 0.0283798 ms (enqueue 0.00193481 ms)
[08/27/2026-12:21:41] [I] Average on 10 runs - GPU latency: 0.0283707 ms - Host latency: 0.0283707 ms (enqueue 0.00266266 ms)
[08/27/2026-12:21:41] [I] Average on 10 runs - GPU latency: 0.0283691 ms - Host latency: 0.0283691 ms (enqueue 0.00184479 ms)
[08/27/2026-12:21:41] [I] Average on 10 runs - GPU latency: 0.0283966 ms - Host latency: 0.0283966 ms (enqueue 0.00189819 ms)
[08/27/2026-12:21:41] [I] Average on 10 runs - GPU latency: 0.0284027 ms - Host latency: 0.0284027 ms (enqueue 0.00189209 ms)
[08/27/2026-12:21:41] [I] Average on 10 runs - GPU latency: 0.0283859 ms - Host latency: 0.0283859 ms (enqueue 0.0019043 ms)
[08/27/2026-12:21:41] [I] Average on 10 runs - GPU latency: 0.0283615 ms - Host latency: 0.0283615 ms (enqueue 0.00190582 ms)
[08/27/2026-12:21:41] [I] Average on 10 runs - GPU latency: 0.0283035 ms - Host latency: 0.0283035 ms (enqueue 0.00196686 ms)
[08/27/2026-12:21:41] [I] Average on 10 runs - GPU latency: 0.0283813 ms - Host latency: 0.0283813 ms (enqueue 0.00188293 ms)
[08/27/2026-12:21:41] [I] Average on 10 runs - GPU latency: 0.0284149 ms - Host latency: 0.0284149 ms (enqueue 0.00192413 ms)
[08/27/2026-12:21:41] [I] Average on 10 runs - GPU latency: 0.0283615 ms - Host latency: 0.0283615 ms (enqueue 0.00189056 ms)
[08/27/2026-12:21:41] [I] Average on 10 runs - GPU latency: 0.0283676 ms - Host latency: 0.0283676 ms (enqueue 0.00186615 ms)
[08/27/2026-12:21:41] [I] Average on 10 runs - GPU latency: 0.0284042 ms - Host latency: 0.0284042 ms (enqueue 0.00191345 ms)
[08/27/2026-12:21:41] [I] Average on 10 runs - GPU latency: 0.0283768 ms - Host latency: 0.0283768 ms (enqueue 0.00188141 ms)
[08/27/2026-12:21:41] [I] Average on 10 runs - GPU latency: 0.0284042 ms - Host latency: 0.0284042 ms (enqueue 0.00184174 ms)
[08/27/2026-12:21:41] [I] Average on 10 runs - GPU latency: 0.0284134 ms - Host latency: 0.0284134 ms (enqueue 0.00184631 ms)
[08/27/2026-12:21:41] [I] Average on 10 runs - GPU latency: 0.0283325 ms - Host latency: 0.0283325 ms (enqueue 0.00191803 ms)
[08/27/2026-12:21:41] [I] Average on 10 runs - GPU latency: 0.0283554 ms - Host latency: 0.0283554 ms (enqueue 0.00188446 ms)
[08/27/2026-12:21:41] [I] Average on 10 runs - GPU latency: 0.0283737 ms - Host latency: 0.0283737 ms (enqueue 0.00184937 ms)
[08/27/2026-12:21:41] [I] Average on 10 runs - GPU latency: 0.0283356 ms - Host latency: 0.0283356 ms (enqueue 0.00186615 ms)
[08/27/2026-12:21:41] [I] Average on 10 runs - GPU latency: 0.0284027 ms - Host latency: 0.0284027 ms (enqueue 0.00197296 ms)
[08/27/2026-12:21:41] [I] Average on 10 runs - GPU latency: 0.0283951 ms - Host latency: 0.0283951 ms (enqueue 0.00200653 ms)
[08/27/2026-12:21:41] [I] Average on 10 runs - GPU latency: 0.02836 ms - Host latency: 0.02836 ms (enqueue 0.00189056 ms)
[08/27/2026-12:21:41] [I] Average on 10 runs - GPU latency: 0.0283524 ms - Host latency: 0.0283524 ms (enqueue 0.00191956 ms)
[08/27/2026-12:21:41] [I] Average on 10 runs - GPU latency: 0.0283722 ms - Host latency: 0.0283722 ms (enqueue 0.00195312 ms)
[08/27/2026-12:21:41] [I] Average on 10 runs - GPU latency: 0.0283737 ms - Host latency: 0.0283737 ms (enqueue 0.00187531 ms)
[08/27/2026-12:21:41] [I] Average on 10 runs - GPU latency: 0.0283569 ms - Host latency: 0.0283569 ms (enqueue 0.00215759 ms)
[08/27/2026-12:21:41] [I] Average on 10 runs - GPU latency: 0.0289093 ms - Host latency: 0.0289093 ms (enqueue 0.00271454 ms)
[08/27/2026-12:21:41] [I] Average on 10 runs - GPU latency: 0.0291199 ms - Host latency: 0.0291199 ms (enqueue 0.00281372 ms)
[08/27/2026-12:21:41] [I] Average on 10 runs - GPU latency: 0.0289993 ms - Host latency: 0.0289993 ms (enqueue 0.00278473 ms)
[08/27/2026-12:21:41] [I] Average on 10 runs - GPU latency: 0.0289993 ms - Host latency: 0.0289993 ms (enqueue 0.00272675 ms)
[08/27/2026-12:21:41] [I] Average on 10 runs - GPU latency: 0.0289795 ms - Host latency: 0.0289795 ms (enqueue 0.00278778 ms)
[08/27/2026-12:21:41] [I] Average on 10 runs - GPU latency: 0.0292603 ms - Host latency: 0.0292603 ms (enqueue 0.00280609 ms)
[08/27/2026-12:21:41] [I] Average on 10 runs - GPU latency: 0.0290405 ms - Host latency: 0.0290405 ms (enqueue 0.00269318 ms)
[08/27/2026-12:21:41] [I] Average on 10 runs - GPU latency: 0.029097 ms - Host latency: 0.029097 ms (enqueue 0.00274506 ms)
[08/27/2026-12:21:41] [I] Average on 10 runs - GPU latency: 0.0283386 ms - Host latency: 0.0283386 ms (enqueue 0.0019577 ms)
[08/27/2026-12:21:41] [I] Average on 10 runs - GPU latency: 0.028334 ms - Host latency: 0.028334 ms (enqueue 0.00188751 ms)
[08/27/2026-12:21:41] [I] Average on 10 runs - GPU latency: 0.0283951 ms - Host latency: 0.0283951 ms (enqueue 0.00190277 ms)
[08/27/2026-12:21:41] [I] Average on 10 runs - GPU latency: 0.0283463 ms - Host latency: 0.0283463 ms (enqueue 0.00267029 ms)
[08/27/2026-12:21:41] [I] Average on 10 runs - GPU latency: 0.0284134 ms - Host latency: 0.0284134 ms (enqueue 0.00190277 ms)
[08/27/2026-12:21:41] [I] Average on 10 runs - GPU latency: 0.0283585 ms - Host latency: 0.0283585 ms (enqueue 0.00188751 ms)
[08/27/2026-12:21:41] [I] Average on 10 runs - GPU latency: 0.0283691 ms - Host latency: 0.0283691 ms (enqueue 0.00191803 ms)
[08/27/2026-12:21:41] [I] Average on 10 runs - GPU latency: 0.0284164 ms - Host latency: 0.0284164 ms (enqueue 0.00192719 ms)
[08/27/2026-12:21:41] [I] Average on 10 runs - GPU latency: 0.0283859 ms - Host latency: 0.0283859 ms (enqueue 0.00192108 ms)
[08/27/2026-12:21:41] [I] Average on 10 runs - GPU latency: 0.0283463 ms - Host latency: 0.0283463 ms (enqueue 0.00190735 ms)
[08/27/2026-12:21:41] [I] Average on 10 runs - GPU latency: 0.028392 ms - Host latency: 0.028392 ms (enqueue 0.00184784 ms)
[08/27/2026-12:21:41] [I] Average on 10 runs - GPU latency: 0.0283768 ms - Host latency: 0.0283768 ms (enqueue 0.00193176 ms)
[08/27/2026-12:21:41] [I] Average on 10 runs - GPU latency: 0.0286072 ms - Host latency: 0.0286072 ms (enqueue 0.00230103 ms)
[08/27/2026-12:21:41] [I] Average on 10 runs - GPU latency: 0.0283966 ms - Host latency: 0.0283966 ms (enqueue 0.00194855 ms)
[08/27/2026-12:21:41] [I] Average on 10 runs - GPU latency: 0.0283707 ms - Host latency: 0.0283707 ms (enqueue 0.00188141 ms)
[08/27/2026-12:21:41] [I] Average on 10 runs - GPU latency: 0.0284027 ms - Host latency: 0.0284027 ms (enqueue 0.00188904 ms)
[08/27/2026-12:21:41] [I] Average on 10 runs - GPU latency: 0.0283936 ms - Host latency: 0.0283936 ms (enqueue 0.0019455 ms)
[08/27/2026-12:21:41] [I] Average on 10 runs - GPU latency: 0.028363 ms - Host latency: 0.028363 ms (enqueue 0.00193787 ms)
[08/27/2026-12:21:41] [I] Average on 10 runs - GPU latency: 0.0283081 ms - Host latency: 0.0283081 ms (enqueue 0.00184174 ms)
[08/27/2026-12:21:41] [I] Average on 10 runs - GPU latency: 0.0285217 ms - Host latency: 0.0285217 ms (enqueue 0.00208588 ms)
[08/27/2026-12:21:41] [I] Average on 10 runs - GPU latency: 0.0286484 ms - Host latency: 0.0286484 ms (enqueue 0.00222931 ms)
[08/27/2026-12:21:41] [I] Average on 10 runs - GPU latency: 0.0284409 ms - Host latency: 0.0284409 ms (enqueue 0.00210724 ms)
[08/27/2026-12:21:41] [I] Average on 10 runs - GPU latency: 0.0292496 ms - Host latency: 0.0292496 ms (enqueue 0.00285797 ms)
[08/27/2026-12:21:41] [I] Average on 10 runs - GPU latency: 0.0291794 ms - Host latency: 0.0291794 ms (enqueue 0.0028244 ms)
[08/27/2026-12:21:41] [I] Average on 10 runs - GPU latency: 0.028775 ms - Host latency: 0.028775 ms (enqueue 0.00216064 ms)
[08/27/2026-12:21:41] [I] Average on 10 runs - GPU latency: 0.0284454 ms - Host latency: 0.0284454 ms (enqueue 0.00197144 ms)
[08/27/2026-12:21:41] [I] Average on 10 runs - GPU latency: 0.0283981 ms - Host latency: 0.0283981 ms (enqueue 0.00189972 ms)
[08/27/2026-12:21:41] [I] Average on 10 runs - GPU latency: 0.0285568 ms - Host latency: 0.0285568 ms (enqueue 0.00216675 ms)
[08/27/2026-12:21:41] [I] Average on 10 runs - GPU latency: 0.0292191 ms - Host latency: 0.0292191 ms (enqueue 0.00263214 ms)
[08/27/2026-12:21:41] [I] Average on 10 runs - GPU latency: 0.0283905 ms - Host latency: 0.0283905 ms (enqueue 0.00191193 ms)
[08/27/2026-12:21:41] [I] Average on 10 runs - GPU latency: 0.0284302 ms - Host latency: 0.0284302 ms (enqueue 0.00192566 ms)
[08/27/2026-12:21:41] [I] Average on 10 runs - GPU latency: 0.0283722 ms - Host latency: 0.0283722 ms (enqueue 0.0018692 ms)
[08/27/2026-12:21:41] [I] Average on 10 runs - GPU latency: 0.0291367 ms - Host latency: 0.0291367 ms (enqueue 0.00266724 ms)
[08/27/2026-12:21:41] [I] Average on 10 runs - GPU latency: 0.0284683 ms - Host latency: 0.0284683 ms (enqueue 0.00196228 ms)
[08/27/2026-12:21:41] [I] Average on 10 runs - GPU latency: 0.0283264 ms - Host latency: 0.0283264 ms (enqueue 0.00189972 ms)
[08/27/2026-12:21:41] [I] Average on 10 runs - GPU latency: 0.0283676 ms - Host latency: 0.0283676 ms (enqueue 0.00186615 ms)
[08/27/2026-12:21:41] [I] Average on 10 runs - GPU latency: 0.0290421 ms - Host latency: 0.0290421 ms (enqueue 0.00243683 ms)
[08/27/2026-12:21:41] [I] Average on 10 runs - GPU latency: 0.0283463 ms - Host latency: 0.0283463 ms (enqueue 0.00192413 ms)
[08/27/2026-12:21:41] [I] Average on 10 runs - GPU latency: 0.0283432 ms - Host latency: 0.0283432 ms (enqueue 0.0019104 ms)
[08/27/2026-12:21:41] [I] Average on 10 runs - GPU latency: 0.028392 ms - Host latency: 0.028392 ms (enqueue 0.00192261 ms)
[08/27/2026-12:21:41] [I] Average on 10 runs - GPU latency: 0.0290619 ms - Host latency: 0.0290619 ms (enqueue 0.00245361 ms)
[08/27/2026-12:21:41] [I] Average on 10 runs - GPU latency: 0.0283707 ms - Host latency: 0.0283707 ms (enqueue 0.00200043 ms)
[08/27/2026-12:21:41] [I] Average on 10 runs - GPU latency: 0.0283539 ms - Host latency: 0.0283539 ms (enqueue 0.00192719 ms)
[08/27/2026-12:21:41] [I] Average on 10 runs - GPU latency: 0.0284622 ms - Host latency: 0.0284622 ms (enqueue 0.00196686 ms)
[08/27/2026-12:21:41] [I] Average on 10 runs - GPU latency: 0.0290146 ms - Host latency: 0.0290146 ms (enqueue 0.00235291 ms)
[08/27/2026-12:21:41] [I] Average on 10 runs - GPU latency: 0.0283142 ms - Host latency: 0.0283142 ms (enqueue 0.00189972 ms)
[08/27/2026-12:21:41] [I] Average on 10 runs - GPU latency: 0.0284653 ms - Host latency: 0.0284653 ms (enqueue 0.00189056 ms)
[08/27/2026-12:21:41] [I] Average on 10 runs - GPU latency: 0.0283371 ms - Host latency: 0.0283371 ms (enqueue 0.00195312 ms)
[08/27/2026-12:21:41] [I] Average on 10 runs - GPU latency: 0.0288422 ms - Host latency: 0.0288422 ms (enqueue 0.00241852 ms)
[08/27/2026-12:21:41] [I] Average on 10 runs - GPU latency: 0.0283569 ms - Host latency: 0.0283569 ms (enqueue 0.00192413 ms)
[08/27/2026-12:21:41] [I] Average on 10 runs - GPU latency: 0.0283844 ms - Host latency: 0.0283844 ms (enqueue 0.00193939 ms)
[08/27/2026-12:21:41] [I] Average on 10 runs - GPU latency: 0.0283951 ms - Host latency: 0.0283951 ms (enqueue 0.00189819 ms)
[08/27/2026-12:21:41] [I] Average on 10 runs - GPU latency: 0.0286484 ms - Host latency: 0.0286484 ms (enqueue 0.00232391 ms)
[08/27/2026-12:21:41] [I] Average on 10 runs - GPU latency: 0.0283493 ms - Host latency: 0.0283493 ms (enqueue 0.00193176 ms)
[08/27/2026-12:21:41] [I] Average on 10 runs - GPU latency: 0.0284073 ms - Host latency: 0.0284073 ms (enqueue 0.0019516 ms)
[08/27/2026-12:21:41] [I] Average on 10 runs - GPU latency: 0.0283768 ms - Host latency: 0.0283768 ms (enqueue 0.00184784 ms)
[08/27/2026-12:21:41] [I] Average on 10 runs - GPU latency: 0.0288483 ms - Host latency: 0.0288483 ms (enqueue 0.00226288 ms)
[08/27/2026-12:21:41] [I] Average on 10 runs - GPU latency: 0.0283722 ms - Host latency: 0.0283722 ms (enqueue 0.0019043 ms)
[08/27/2026-12:21:41] [I] Average on 10 runs - GPU latency: 0.0283447 ms - Host latency: 0.0283447 ms (enqueue 0.00185242 ms)
[08/27/2026-12:21:41] [I] Average on 10 runs - GPU latency: 0.0283417 ms - Host latency: 0.0283417 ms (enqueue 0.00186615 ms)
[08/27/2026-12:21:41] [I] Average on 10 runs - GPU latency: 0.0287598 ms - Host latency: 0.0287598 ms (enqueue 0.00239258 ms)
[08/27/2026-12:21:41] [I] Average on 10 runs - GPU latency: 0.0284164 ms - Host latency: 0.0284164 ms (enqueue 0.0019043 ms)
[08/27/2026-12:21:41] [I] Average on 10 runs - GPU latency: 0.0283569 ms - Host latency: 0.0283569 ms (enqueue 0.00192261 ms)
[08/27/2026-12:21:41] [I] Average on 10 runs - GPU latency: 0.0284653 ms - Host latency: 0.0284653 ms (enqueue 0.00206146 ms)
[08/27/2026-12:21:41] [I] Average on 10 runs - GPU latency: 0.0287109 ms - Host latency: 0.0287109 ms (enqueue 0.00233154 ms)
[08/27/2026-12:21:41] [I] Average on 10 runs - GPU latency: 0.0283615 ms - Host latency: 0.0283615 ms (enqueue 0.00198212 ms)
[08/27/2026-12:21:41] [I] Average on 10 runs - GPU latency: 0.028392 ms - Host latency: 0.028392 ms (enqueue 0.00196228 ms)
[08/27/2026-12:21:41] [I] Average on 10 runs - GPU latency: 0.0284561 ms - Host latency: 0.0284561 ms (enqueue 0.00219727 ms)
[08/27/2026-12:21:41] [I] Average on 10 runs - GPU latency: 0.0285599 ms - Host latency: 0.0285599 ms (enqueue 0.00199432 ms)
[08/27/2026-12:21:41] [I] Average on 10 runs - GPU latency: 0.0283401 ms - Host latency: 0.0283401 ms (enqueue 0.00183258 ms)
[08/27/2026-12:21:41] [I] Average on 10 runs - GPU latency: 0.0284042 ms - Host latency: 0.0284042 ms (enqueue 0.00202484 ms)
[08/27/2026-12:21:41] [I] Average on 10 runs - GPU latency: 0.0290482 ms - Host latency: 0.0290482 ms (enqueue 0.00259705 ms)
[08/27/2026-12:21:41] [I] Average on 10 runs - GPU latency: 0.0283829 ms - Host latency: 0.0283829 ms (enqueue 0.00189362 ms)
[08/27/2026-12:21:41] [I] Average on 10 runs - GPU latency: 0.0284103 ms - Host latency: 0.0284103 ms (enqueue 0.0019043 ms)
[08/27/2026-12:21:41] [I] Average on 10 runs - GPU latency: 0.0283905 ms - Host latency: 0.0283905 ms (enqueue 0.00189667 ms)
[08/27/2026-12:21:41] [I] Average on 10 runs - GPU latency: 0.0287994 ms - Host latency: 0.0287994 ms (enqueue 0.00226135 ms)
[08/27/2026-12:21:41] [I] Average on 10 runs - GPU latency: 0.0283524 ms - Host latency: 0.0283524 ms (enqueue 0.00189972 ms)
[08/27/2026-12:21:41] [I] Average on 10 runs - GPU latency: 0.0284088 ms - Host latency: 0.0284088 ms (enqueue 0.00183868 ms)
[08/27/2026-12:21:41] [I] Average on 10 runs - GPU latency: 0.0283737 ms - Host latency: 0.0283737 ms (enqueue 0.00188751 ms)
[08/27/2026-12:21:41] [I] Average on 10 runs - GPU latency: 0.028624 ms - Host latency: 0.028624 ms (enqueue 0.00233459 ms)
[08/27/2026-12:21:41] [I] Average on 10 runs - GPU latency: 0.0284119 ms - Host latency: 0.0284119 ms (enqueue 0.00185394 ms)
[08/27/2026-12:21:41] [I] Average on 10 runs - GPU latency: 0.0283539 ms - Host latency: 0.0283539 ms (enqueue 0.00189056 ms)
[08/27/2026-12:21:41] [I] Average on 10 runs - GPU latency: 0.0283386 ms - Host latency: 0.0283386 ms (enqueue 0.00189209 ms)
[08/27/2026-12:21:41] [I] Average on 10 runs - GPU latency: 0.0287354 ms - Host latency: 0.0287354 ms (enqueue 0.00233307 ms)
[08/27/2026-12:21:41] [I] Average on 10 runs - GPU latency: 0.0283813 ms - Host latency: 0.0283813 ms (enqueue 0.00190887 ms)
[08/27/2026-12:21:41] [I] Average on 10 runs - GPU latency: 0.0283661 ms - Host latency: 0.0283661 ms (enqueue 0.00191345 ms)
[08/27/2026-12:21:41] [I] Average on 10 runs - GPU latency: 0.0288513 ms - Host latency: 0.0288513 ms (enqueue 0.0026413 ms)
[08/27/2026-12:21:41] [I] Average on 10 runs - GPU latency: 0.0286682 ms - Host latency: 0.0286682 ms (enqueue 0.00213623 ms)
[08/27/2026-12:21:41] [I] Average on 10 runs - GPU latency: 0.0284439 ms - Host latency: 0.0284439 ms (enqueue 0.00185394 ms)
[08/27/2026-12:21:41] [I] Average on 10 runs - GPU latency: 0.0283264 ms - Host latency: 0.0283264 ms (enqueue 0.00192566 ms)
[08/27/2026-12:21:41] [I] Average on 10 runs - GPU latency: 0.0287216 ms - Host latency: 0.0287216 ms (enqueue 0.00235596 ms)
[08/27/2026-12:21:41] [I] Average on 10 runs - GPU latency: 0.0283737 ms - Host latency: 0.0283737 ms (enqueue 0.00190277 ms)
[08/27/2026-12:21:41] [I] Average on 10 runs - GPU latency: 0.0283508 ms - Host latency: 0.0283508 ms (enqueue 0.00184326 ms)
[08/27/2026-12:21:41] [I] Average on 10 runs - GPU latency: 0.0284668 ms - Host latency: 0.0284668 ms (enqueue 0.00197449 ms)
[08/27/2026-12:21:41] [I] Average on 10 runs - GPU latency: 0.0286011 ms - Host latency: 0.0286011 ms (enqueue 0.00218506 ms)
[08/27/2026-12:21:41] [I] Average on 10 runs - GPU latency: 0.0283783 ms - Host latency: 0.0283783 ms (enqueue 0.00189056 ms)
[08/27/2026-12:21:41] [I] Average on 10 runs - GPU latency: 0.0283981 ms - Host latency: 0.0283981 ms (enqueue 0.0019455 ms)
[08/27/2026-12:21:41] [I] Average on 10 runs - GPU latency: 0.0283936 ms - Host latency: 0.0283936 ms (enqueue 0.00193481 ms)
[08/27/2026-12:21:41] [I] Average on 10 runs - GPU latency: 0.0285919 ms - Host latency: 0.0285919 ms (enqueue 0.00227814 ms)
[08/27/2026-12:21:41] [I] Average on 10 runs - GPU latency: 0.02836 ms - Host latency: 0.02836 ms (enqueue 0.00183563 ms)
[08/27/2026-12:21:41] [I] Average on 10 runs - GPU latency: 0.0283646 ms - Host latency: 0.0283646 ms (enqueue 0.00190125 ms)
[08/27/2026-12:21:41] [I] Average on 10 runs - GPU latency: 0.0284073 ms - Host latency: 0.0284073 ms (enqueue 0.00187378 ms)
[08/27/2026-12:21:41] [I] Average on 10 runs - GPU latency: 0.0285675 ms - Host latency: 0.0285675 ms (enqueue 0.00230103 ms)
[08/27/2026-12:21:41] [I] Average on 10 runs - GPU latency: 0.0284042 ms - Host latency: 0.0284042 ms (enqueue 0.00187073 ms)
[08/27/2026-12:21:41] [I] Average on 10 runs - GPU latency: 0.0283463 ms - Host latency: 0.0283463 ms (enqueue 0.00187683 ms)
[08/27/2026-12:21:41] [I] Average on 10 runs - GPU latency: 0.0287857 ms - Host latency: 0.0287857 ms (enqueue 0.00240173 ms)
[08/27/2026-12:21:41] [I] Average on 10 runs - GPU latency: 0.0283432 ms - Host latency: 0.0283432 ms (enqueue 0.0019455 ms)
[08/27/2026-12:21:41] [I] Average on 10 runs - GPU latency: 0.028363 ms - Host latency: 0.028363 ms (enqueue 0.00191345 ms)
[08/27/2026-12:21:41] [I] Average on 10 runs - GPU latency: 0.0283768 ms - Host latency: 0.0283768 ms (enqueue 0.00198669 ms)
[08/27/2026-12:21:41] [I] Average on 10 runs - GPU latency: 0.0286453 ms - Host latency: 0.0286453 ms (enqueue 0.00220642 ms)
[08/27/2026-12:21:41] [I] Average on 10 runs - GPU latency: 0.0283417 ms - Host latency: 0.0283417 ms (enqueue 0.00186005 ms)
[08/27/2026-12:21:41] [I] Average on 10 runs - GPU latency: 0.0284119 ms - Host latency: 0.0284119 ms (enqueue 0.00184326 ms)
[08/27/2026-12:21:41] [I] Average on 10 runs - GPU latency: 0.0284348 ms - Host latency: 0.0284348 ms (enqueue 0.00201569 ms)
[08/27/2026-12:21:41] [I] Average on 10 runs - GPU latency: 0.028569 ms - Host latency: 0.028569 ms (enqueue 0.00205994 ms)
[08/27/2026-12:21:41] [I] Average on 10 runs - GPU latency: 0.0283417 ms - Host latency: 0.0283417 ms (enqueue 0.00186462 ms)
[08/27/2026-12:21:41] [I] Average on 10 runs - GPU latency: 0.0283005 ms - Host latency: 0.0283005 ms (enqueue 0.00188904 ms)
[08/27/2026-12:21:41] [I] Average on 10 runs - GPU latency: 0.0287369 ms - Host latency: 0.0287369 ms (enqueue 0.00218353 ms)
[08/27/2026-12:21:41] [I] Average on 10 runs - GPU latency: 0.0283463 ms - Host latency: 0.0283463 ms (enqueue 0.00188141 ms)
[08/27/2026-12:21:41] [I] Average on 10 runs - GPU latency: 0.0283905 ms - Host latency: 0.0283905 ms (enqueue 0.00185547 ms)
[08/27/2026-12:21:41] [I] Average on 10 runs - GPU latency: 0.0283722 ms - Host latency: 0.0283722 ms (enqueue 0.00194397 ms)
[08/27/2026-12:21:41] [I] Average on 10 runs - GPU latency: 0.0286453 ms - Host latency: 0.0286453 ms (enqueue 0.00230255 ms)
[08/27/2026-12:21:41] [I] Average on 10 runs - GPU latency: 0.0283875 ms - Host latency: 0.0283875 ms (enqueue 0.00191956 ms)
[08/27/2026-12:21:41] [I] Average on 10 runs - GPU latency: 0.02836 ms - Host latency: 0.02836 ms (enqueue 0.00191956 ms)
[08/27/2026-12:21:41] [I] Average on 10 runs - GPU latency: 0.0283661 ms - Host latency: 0.0283661 ms (enqueue 0.00185547 ms)
[08/27/2026-12:21:41] [I] Average on 10 runs - GPU latency: 0.0285461 ms - Host latency: 0.0285461 ms (enqueue 0.00216675 ms)
[08/27/2026-12:21:41] [I] Average on 10 runs - GPU latency: 0.0283691 ms - Host latency: 0.0283691 ms (enqueue 0.00188751 ms)
[08/27/2026-12:21:41] [I] Average on 10 runs - GPU latency: 0.0284027 ms - Host latency: 0.0284027 ms (enqueue 0.00196533 ms)
[08/27/2026-12:21:41] [I] Average on 10 runs - GPU latency: 0.028479 ms - Host latency: 0.028479 ms (enqueue 0.00207672 ms)
[08/27/2026-12:21:41] [I] Average on 10 runs - GPU latency: 0.0285248 ms - Host latency: 0.0285248 ms (enqueue 0.00203247 ms)
[08/27/2026-12:21:41] [I] Average on 10 runs - GPU latency: 0.0283737 ms - Host latency: 0.0283737 ms (enqueue 0.00190277 ms)
[08/27/2026-12:21:41] [I] Average on 10 runs - GPU latency: 0.0283844 ms - Host latency: 0.0283844 ms (enqueue 0.00186157 ms)
[08/27/2026-12:21:41] [I] Average on 10 runs - GPU latency: 0.0285446 ms - Host latency: 0.0285446 ms (enqueue 0.0021286 ms)
[08/27/2026-12:21:41] [I] Average on 10 runs - GPU latency: 0.0283798 ms - Host latency: 0.0283798 ms (enqueue 0.00186768 ms)
[08/27/2026-12:21:41] [I] Average on 10 runs - GPU latency: 0.0284012 ms - Host latency: 0.0284012 ms (enqueue 0.00185547 ms)
[08/27/2026-12:21:41] [I] Average on 10 runs - GPU latency: 0.0284149 ms - Host latency: 0.0284149 ms (enqueue 0.0019165 ms)
[08/27/2026-12:21:41] [I] Average on 10 runs - GPU latency: 0.0285843 ms - Host latency: 0.0285843 ms (enqueue 0.00226135 ms)
[08/27/2026-12:21:41] [I] Average on 10 runs - GPU latency: 0.0283127 ms - Host latency: 0.0283127 ms (enqueue 0.00193329 ms)
[08/27/2026-12:21:41] [I] Average on 10 runs - GPU latency: 0.028363 ms - Host latency: 0.028363 ms (enqueue 0.00181427 ms)
[08/27/2026-12:21:41] [I] Average on 10 runs - GPU latency: 0.0284149 ms - Host latency: 0.0284149 ms (enqueue 0.00193787 ms)
[08/27/2026-12:21:41] [I] Average on 10 runs - GPU latency: 0.0284271 ms - Host latency: 0.0284271 ms (enqueue 0.00229187 ms)
[08/27/2026-12:21:41] [I] Average on 10 runs - GPU latency: 0.0283813 ms - Host latency: 0.0283813 ms (enqueue 0.00187073 ms)
[08/27/2026-12:21:41] [I] Average on 10 runs - GPU latency: 0.0284393 ms - Host latency: 0.0284393 ms (enqueue 0.00195007 ms)
[08/27/2026-12:21:41] [I] Average on 10 runs - GPU latency: 0.0286224 ms - Host latency: 0.0286224 ms (enqueue 0.00236206 ms)
[08/27/2026-12:21:41] [I] Average on 10 runs - GPU latency: 0.0283783 ms - Host latency: 0.0283783 ms (enqueue 0.00189514 ms)
[08/27/2026-12:21:41] [I] Average on 10 runs - GPU latency: 0.0283173 ms - Host latency: 0.0283173 ms (enqueue 0.00186157 ms)
[08/27/2026-12:21:41] [I] Average on 10 runs - GPU latency: 0.0283752 ms - Host latency: 0.0283752 ms (enqueue 0.00194092 ms)
[08/27/2026-12:21:41] [I] Average on 10 runs - GPU latency: 0.0285889 ms - Host latency: 0.0285889 ms (enqueue 0.00203247 ms)
[08/27/2026-12:21:41] [I] Average on 10 runs - GPU latency: 0.0283936 ms - Host latency: 0.0283936 ms (enqueue 0.00188599 ms)
[08/27/2026-12:21:41] [I] Average on 10 runs - GPU latency: 0.0283356 ms - Host latency: 0.0283356 ms (enqueue 0.0019165 ms)
[08/27/2026-12:21:41] [I] Average on 10 runs - GPU latency: 0.0283539 ms - Host latency: 0.0283539 ms (enqueue 0.00188904 ms)
[08/27/2026-12:21:41] [I] Average on 10 runs - GPU latency: 0.0285278 ms - Host latency: 0.0285278 ms (enqueue 0.00216064 ms)
[08/27/2026-12:21:41] [I] ... Omitting 96475 lines
[08/27/2026-12:21:41] [I] Average on 10 runs - GPU latency: 0.0283691 ms - Host latency: 0.0283691 ms (enqueue 0.00217285 ms)
[08/27/2026-12:21:41] [I] Average on 10 runs - GPU latency: 0.0285156 ms - Host latency: 0.0285156 ms (enqueue 0.00217285 ms)
[08/27/2026-12:21:41] [I] Average on 10 runs - GPU latency: 0.0284424 ms - Host latency: 0.0284424 ms (enqueue 0.00217285 ms)
[08/27/2026-12:21:41] [I] Average on 10 runs - GPU latency: 0.0283691 ms - Host latency: 0.0283691 ms (enqueue 0.00212402 ms)
[08/27/2026-12:21:41] [I] Average on 10 runs - GPU latency: 0.028418 ms - Host latency: 0.028418 ms (enqueue 0.00222168 ms)
[08/27/2026-12:21:41] [I] Average on 10 runs - GPU latency: 0.0283936 ms - Host latency: 0.0283936 ms (enqueue 0.00209961 ms)
[08/27/2026-12:21:41] [I] Average on 10 runs - GPU latency: 0.0283447 ms - Host latency: 0.0283447 ms (enqueue 0.00222168 ms)
[08/27/2026-12:21:41] [I] Average on 10 runs - GPU latency: 0.0283936 ms - Host latency: 0.0283936 ms (enqueue 0.00222168 ms)
[08/27/2026-12:21:41] [I] Average on 10 runs - GPU latency: 0.0284424 ms - Host latency: 0.0284424 ms (enqueue 0.00217285 ms)
[08/27/2026-12:21:41] [I] Average on 10 runs - GPU latency: 0.0284912 ms - Host latency: 0.0284912 ms (enqueue 0.00217285 ms)
[08/27/2026-12:21:41] [I] Average on 10 runs - GPU latency: 0.0284424 ms - Host latency: 0.0284424 ms (enqueue 0.00222168 ms)
[08/27/2026-12:21:41] [I] Average on 10 runs - GPU latency: 0.0284668 ms - Host latency: 0.0284668 ms (enqueue 0.00219727 ms)
[08/27/2026-12:21:41] [I] Average on 10 runs - GPU latency: 0.0283936 ms - Host latency: 0.0283936 ms (enqueue 0.0020752 ms)
[08/27/2026-12:21:41] [I] Average on 10 runs - GPU latency: 0.028418 ms - Host latency: 0.028418 ms (enqueue 0.00222168 ms)
[08/27/2026-12:21:41] [I] Average on 10 runs - GPU latency: 0.0284424 ms - Host latency: 0.0284424 ms (enqueue 0.00212402 ms)
[08/27/2026-12:21:41] [I] Average on 10 runs - GPU latency: 0.0283203 ms - Host latency: 0.0283203 ms (enqueue 0.00212402 ms)
[08/27/2026-12:21:41] [I] Average on 10 runs - GPU latency: 0.0283691 ms - Host latency: 0.0283691 ms (enqueue 0.00205078 ms)
[08/27/2026-12:21:41] [I] Average on 10 runs - GPU latency: 0.0282959 ms - Host latency: 0.0282959 ms (enqueue 0.00217285 ms)
[08/27/2026-12:21:41] [I] Average on 10 runs - GPU latency: 0.0284912 ms - Host latency: 0.0284912 ms (enqueue 0.00219727 ms)
[08/27/2026-12:21:41] [I] Average on 10 runs - GPU latency: 0.0283203 ms - Host latency: 0.0283203 ms (enqueue 0.00217285 ms)
[08/27/2026-12:21:41] [I] Average on 10 runs - GPU latency: 0.0282959 ms - Host latency: 0.0282959 ms (enqueue 0.00227051 ms)
[08/27/2026-12:21:41] [I] Average on 10 runs - GPU latency: 0.028418 ms - Host latency: 0.028418 ms (enqueue 0.0020752 ms)
[08/27/2026-12:21:41] [I] Average on 10 runs - GPU latency: 0.0283936 ms - Host latency: 0.0283936 ms (enqueue 0.00209961 ms)
[08/27/2026-12:21:41] [I] Average on 10 runs - GPU latency: 0.0283936 ms - Host latency: 0.0283936 ms (enqueue 0.00214844 ms)
[08/27/2026-12:21:41] [I] Average on 10 runs - GPU latency: 0.028418 ms - Host latency: 0.028418 ms (enqueue 0.00229492 ms)
[08/27/2026-12:21:41] [I] Average on 10 runs - GPU latency: 0.0283691 ms - Host latency: 0.0283691 ms (enqueue 0.00219727 ms)
[08/27/2026-12:21:41] [I] Average on 10 runs - GPU latency: 0.0283691 ms - Host latency: 0.0283691 ms (enqueue 0.0020752 ms)
[08/27/2026-12:21:41] [I] Average on 10 runs - GPU latency: 0.0283447 ms - Host latency: 0.0283447 ms (enqueue 0.00212402 ms)
[08/27/2026-12:21:41] [I] Average on 10 runs - GPU latency: 0.0284912 ms - Host latency: 0.0284912 ms (enqueue 0.00217285 ms)
[08/27/2026-12:21:41] [I] Average on 10 runs - GPU latency: 0.0283447 ms - Host latency: 0.0283447 ms (enqueue 0.0020752 ms)
[08/27/2026-12:21:41] [I] Average on 10 runs - GPU latency: 0.0283203 ms - Host latency: 0.0283203 ms (enqueue 0.00212402 ms)
[08/27/2026-12:21:41] [I] Average on 10 runs - GPU latency: 0.02854 ms - Host latency: 0.02854 ms (enqueue 0.00219727 ms)
[08/27/2026-12:21:41] [I] Average on 10 runs - GPU latency: 0.0283447 ms - Host latency: 0.0283447 ms (enqueue 0.00214844 ms)
[08/27/2026-12:21:41] [I] Average on 10 runs - GPU latency: 0.0283936 ms - Host latency: 0.0283936 ms (enqueue 0.00212402 ms)
[08/27/2026-12:21:41] [I] Average on 10 runs - GPU latency: 0.0284424 ms - Host latency: 0.0284424 ms (enqueue 0.00217285 ms)
[08/27/2026-12:21:41] [I] Average on 10 runs - GPU latency: 0.0283691 ms - Host latency: 0.0283691 ms (enqueue 0.00227051 ms)
[08/27/2026-12:21:41] [I] Average on 10 runs - GPU latency: 0.0283691 ms - Host latency: 0.0283691 ms (enqueue 0.00209961 ms)
[08/27/2026-12:21:41] [I] Average on 10 runs - GPU latency: 0.028418 ms - Host latency: 0.028418 ms (enqueue 0.00212402 ms)
[08/27/2026-12:21:41] [I] Average on 10 runs - GPU latency: 0.0284424 ms - Host latency: 0.0284424 ms (enqueue 0.00219727 ms)
[08/27/2026-12:21:41] [I] Average on 10 runs - GPU latency: 0.0283447 ms - Host latency: 0.0283447 ms (enqueue 0.00222168 ms)
[08/27/2026-12:21:41] [I] Average on 10 runs - GPU latency: 0.0284424 ms - Host latency: 0.0284424 ms (enqueue 0.00217285 ms)
[08/27/2026-12:21:41] [I] Average on 10 runs - GPU latency: 0.0284668 ms - Host latency: 0.0284668 ms (enqueue 0.00209961 ms)
[08/27/2026-12:21:41] [I] Average on 10 runs - GPU latency: 0.0283203 ms - Host latency: 0.0283203 ms (enqueue 0.00217285 ms)
[08/27/2026-12:21:41] [I] Average on 10 runs - GPU latency: 0.0283447 ms - Host latency: 0.0283447 ms (enqueue 0.0020752 ms)
[08/27/2026-12:21:41] [I] Average on 10 runs - GPU latency: 0.0284668 ms - Host latency: 0.0284668 ms (enqueue 0.00214844 ms)
[08/27/2026-12:21:41] [I] Average on 10 runs - GPU latency: 0.0283691 ms - Host latency: 0.0283691 ms (enqueue 0.00217285 ms)
[08/27/2026-12:21:41] [I] Average on 10 runs - GPU latency: 0.0284424 ms - Host latency: 0.0284424 ms (enqueue 0.00212402 ms)
[08/27/2026-12:21:41] [I] Average on 10 runs - GPU latency: 0.0283447 ms - Host latency: 0.0283447 ms (enqueue 0.00212402 ms)
[08/27/2026-12:21:41] [I] Average on 10 runs - GPU latency: 0.0284668 ms - Host latency: 0.0284668 ms (enqueue 0.00209961 ms)
[08/27/2026-12:21:41] [I] Average on 10 runs - GPU latency: 0.0283936 ms - Host latency: 0.0283936 ms (enqueue 0.00212402 ms)
[08/27/2026-12:21:41] [I] Average on 10 runs - GPU latency: 0.0283203 ms - Host latency: 0.0283203 ms (enqueue 0.00209961 ms)
[08/27/2026-12:21:41] [I] Average on 10 runs - GPU latency: 0.0284912 ms - Host latency: 0.0284912 ms (enqueue 0.00214844 ms)
[08/27/2026-12:21:41] [I] Average on 10 runs - GPU latency: 0.0283936 ms - Host latency: 0.0283936 ms (enqueue 0.00202637 ms)
[08/27/2026-12:21:41] [I] Average on 10 runs - GPU latency: 0.0283936 ms - Host latency: 0.0283936 ms (enqueue 0.00231934 ms)
[08/27/2026-12:21:41] [I] Average on 10 runs - GPU latency: 0.0284912 ms - Host latency: 0.0284912 ms (enqueue 0.00219727 ms)
[08/27/2026-12:21:41] [I] Average on 10 runs - GPU latency: 0.0282959 ms - Host latency: 0.0282959 ms (enqueue 0.0020752 ms)
[08/27/2026-12:21:41] [I] Average on 10 runs - GPU latency: 0.0283447 ms - Host latency: 0.0283447 ms (enqueue 0.00212402 ms)
[08/27/2026-12:21:41] [I] Average on 10 runs - GPU latency: 0.0283203 ms - Host latency: 0.0283203 ms (enqueue 0.00219727 ms)
[08/27/2026-12:21:41] [I] Average on 10 runs - GPU latency: 0.0284668 ms - Host latency: 0.0284668 ms (enqueue 0.00268555 ms)
[08/27/2026-12:21:41] [I] Average on 10 runs - GPU latency: 0.0283447 ms - Host latency: 0.0283447 ms (enqueue 0.0020752 ms)
[08/27/2026-12:21:41] [I] Average on 10 runs - GPU latency: 0.028418 ms - Host latency: 0.028418 ms (enqueue 0.00217285 ms)
[08/27/2026-12:21:41] [I] Average on 10 runs - GPU latency: 0.0285645 ms - Host latency: 0.0285645 ms (enqueue 0.00217285 ms)
[08/27/2026-12:21:41] [I] Average on 10 runs - GPU latency: 0.0283936 ms - Host latency: 0.0283936 ms (enqueue 0.00212402 ms)
[08/27/2026-12:21:41] [I] Average on 10 runs - GPU latency: 0.0283691 ms - Host latency: 0.0283691 ms (enqueue 0.00224609 ms)
[08/27/2026-12:21:41] [I] Average on 10 runs - GPU latency: 0.0283447 ms - Host latency: 0.0283447 ms (enqueue 0.00209961 ms)
[08/27/2026-12:21:41] [I] Average on 10 runs - GPU latency: 0.0283447 ms - Host latency: 0.0283447 ms (enqueue 0.0020752 ms)
[08/27/2026-12:21:41] [I] Average on 10 runs - GPU latency: 0.028418 ms - Host latency: 0.028418 ms (enqueue 0.00219727 ms)
[08/27/2026-12:21:41] [I] Average on 10 runs - GPU latency: 0.0283691 ms - Host latency: 0.0283691 ms (enqueue 0.00217285 ms)
[08/27/2026-12:21:41] [I] Average on 10 runs - GPU latency: 0.0284912 ms - Host latency: 0.0284912 ms (enqueue 0.00212402 ms)
[08/27/2026-12:21:41] [I] Average on 10 runs - GPU latency: 0.0283447 ms - Host latency: 0.0283447 ms (enqueue 0.00212402 ms)
[08/27/2026-12:21:41] [I] Average on 10 runs - GPU latency: 0.0283447 ms - Host latency: 0.0283447 ms (enqueue 0.00214844 ms)
[08/27/2026-12:21:41] [I] Average on 10 runs - GPU latency: 0.0285156 ms - Host latency: 0.0285156 ms (enqueue 0.00224609 ms)
[08/27/2026-12:21:41] [I] Average on 10 runs - GPU latency: 0.0283691 ms - Host latency: 0.0283691 ms (enqueue 0.00212402 ms)
[08/27/2026-12:21:41] [I] Average on 10 runs - GPU latency: 0.028418 ms - Host latency: 0.028418 ms (enqueue 0.00209961 ms)
[08/27/2026-12:21:41] [I] Average on 10 runs - GPU latency: 0.0283936 ms - Host latency: 0.0283936 ms (enqueue 0.00209961 ms)
[08/27/2026-12:21:41] [I] Average on 10 runs - GPU latency: 0.0284668 ms - Host latency: 0.0284668 ms (enqueue 0.0020752 ms)
[08/27/2026-12:21:41] [I] Average on 10 runs - GPU latency: 0.0283936 ms - Host latency: 0.0283936 ms (enqueue 0.00219727 ms)
[08/27/2026-12:21:41] [I] Average on 10 runs - GPU latency: 0.0283936 ms - Host latency: 0.0283936 ms (enqueue 0.00217285 ms)
[08/27/2026-12:21:41] [I] Average on 10 runs - GPU latency: 0.0284424 ms - Host latency: 0.0284424 ms (enqueue 0.00214844 ms)
[08/27/2026-12:21:41] [I] Average on 10 runs - GPU latency: 0.0284424 ms - Host latency: 0.0284424 ms (enqueue 0.00209961 ms)
[08/27/2026-12:21:41] [I] Average on 10 runs - GPU latency: 0.0283447 ms - Host latency: 0.0283447 ms (enqueue 0.00209961 ms)
[08/27/2026-12:21:41] [I] Average on 10 runs - GPU latency: 0.0285156 ms - Host latency: 0.0285156 ms (enqueue 0.00217285 ms)
[08/27/2026-12:21:41] [I] Average on 10 runs - GPU latency: 0.0283447 ms - Host latency: 0.0283447 ms (enqueue 0.00224609 ms)
[08/27/2026-12:21:41] [I] Average on 10 runs - GPU latency: 0.0283447 ms - Host latency: 0.0283447 ms (enqueue 0.00202637 ms)
[08/27/2026-12:21:41] [I] Average on 10 runs - GPU latency: 0.0283691 ms - Host latency: 0.0283691 ms (enqueue 0.00209961 ms)
[08/27/2026-12:21:41] [I] Average on 10 runs - GPU latency: 0.0284912 ms - Host latency: 0.0284912 ms (enqueue 0.00205078 ms)
[08/27/2026-12:21:41] [I] Average on 10 runs - GPU latency: 0.028418 ms - Host latency: 0.028418 ms (enqueue 0.00214844 ms)
[08/27/2026-12:21:41] [I] Average on 10 runs - GPU latency: 0.0283691 ms - Host latency: 0.0283691 ms (enqueue 0.00205078 ms)
[08/27/2026-12:21:41] [I] Average on 10 runs - GPU latency: 0.0284912 ms - Host latency: 0.0284912 ms (enqueue 0.00222168 ms)
[08/27/2026-12:21:41] [I] Average on 10 runs - GPU latency: 0.0283936 ms - Host latency: 0.0283936 ms (enqueue 0.00214844 ms)
[08/27/2026-12:21:41] [I] Average on 10 runs - GPU latency: 0.0283691 ms - Host latency: 0.0283691 ms (enqueue 0.00205078 ms)
[08/27/2026-12:21:41] [I] Average on 10 runs - GPU latency: 0.0284912 ms - Host latency: 0.0284912 ms (enqueue 0.0020752 ms)
[08/27/2026-12:21:41] [I] Average on 10 runs - GPU latency: 0.0282715 ms - Host latency: 0.0282715 ms (enqueue 0.00217285 ms)
[08/27/2026-12:21:41] [I] Average on 10 runs - GPU latency: 0.0283447 ms - Host latency: 0.0283447 ms (enqueue 0.00214844 ms)
[08/27/2026-12:21:41] [I] Average on 10 runs - GPU latency: 0.028418 ms - Host latency: 0.028418 ms (enqueue 0.00212402 ms)
[08/27/2026-12:21:41] [I] Average on 10 runs - GPU latency: 0.0284424 ms - Host latency: 0.0284424 ms (enqueue 0.00205078 ms)
[08/27/2026-12:21:41] [I] Average on 10 runs - GPU latency: 0.0282959 ms - Host latency: 0.0282959 ms (enqueue 0.00214844 ms)
[08/27/2026-12:21:41] [I] Average on 10 runs - GPU latency: 0.0283203 ms - Host latency: 0.0283203 ms (enqueue 0.00212402 ms)
[08/27/2026-12:21:41] [I] Average on 10 runs - GPU latency: 0.0284912 ms - Host latency: 0.0284912 ms (enqueue 0.00212402 ms)
[08/27/2026-12:21:41] [I] Average on 10 runs - GPU latency: 0.0284424 ms - Host latency: 0.0284424 ms (enqueue 0.00209961 ms)
[08/27/2026-12:21:41] [I] Average on 10 runs - GPU latency: 0.0283447 ms - Host latency: 0.0283447 ms (enqueue 0.00219727 ms)
[08/27/2026-12:21:41] [I] Average on 10 runs - GPU latency: 0.0283936 ms - Host latency: 0.0283936 ms (enqueue 0.00212402 ms)
[08/27/2026-12:21:41] [I] Average on 10 runs - GPU latency: 0.0283691 ms - Host latency: 0.0283691 ms (enqueue 0.00214844 ms)
[08/27/2026-12:21:41] [I] Average on 10 runs - GPU latency: 0.0283691 ms - Host latency: 0.0283691 ms (enqueue 0.00217285 ms)
[08/27/2026-12:21:41] [I] Average on 10 runs - GPU latency: 0.0283691 ms - Host latency: 0.0283691 ms (enqueue 0.00212402 ms)
[08/27/2026-12:21:41] [I] Average on 10 runs - GPU latency: 0.0284424 ms - Host latency: 0.0284424 ms (enqueue 0.00217285 ms)
[08/27/2026-12:21:41] [I] Average on 10 runs - GPU latency: 0.0283447 ms - Host latency: 0.0283447 ms (enqueue 0.00205078 ms)
[08/27/2026-12:21:41] [I] Average on 10 runs - GPU latency: 0.0283691 ms - Host latency: 0.0283691 ms (enqueue 0.00222168 ms)
[08/27/2026-12:21:41] [I] Average on 10 runs - GPU latency: 0.0284668 ms - Host latency: 0.0284668 ms (enqueue 0.00224609 ms)
[08/27/2026-12:21:41] [I] Average on 10 runs - GPU latency: 0.0283936 ms - Host latency: 0.0283936 ms (enqueue 0.0020752 ms)
[08/27/2026-12:21:41] [I] Average on 10 runs - GPU latency: 0.0283203 ms - Host latency: 0.0283203 ms (enqueue 0.00222168 ms)
[08/27/2026-12:21:41] [I] Average on 10 runs - GPU latency: 0.0285889 ms - Host latency: 0.0285889 ms (enqueue 0.00222168 ms)
[08/27/2026-12:21:41] [I] Average on 10 runs - GPU latency: 0.0283936 ms - Host latency: 0.0283936 ms (enqueue 0.00209961 ms)
[08/27/2026-12:21:41] [I] Average on 10 runs - GPU latency: 0.028418 ms - Host latency: 0.028418 ms (enqueue 0.0020752 ms)
[08/27/2026-12:21:41] [I] Average on 10 runs - GPU latency: 0.028418 ms - Host latency: 0.028418 ms (enqueue 0.00219727 ms)
[08/27/2026-12:21:41] [I] Average on 10 runs - GPU latency: 0.0284424 ms - Host latency: 0.0284424 ms (enqueue 0.00290527 ms)
[08/27/2026-12:21:41] [I] Average on 10 runs - GPU latency: 0.0283936 ms - Host latency: 0.0283936 ms (enqueue 0.00214844 ms)
[08/27/2026-12:21:41] [I] Average on 10 runs - GPU latency: 0.0283203 ms - Host latency: 0.0283203 ms (enqueue 0.00222168 ms)
[08/27/2026-12:21:41] [I] Average on 10 runs - GPU latency: 0.0284424 ms - Host latency: 0.0284424 ms (enqueue 0.00217285 ms)
[08/27/2026-12:21:41] [I] Average on 10 runs - GPU latency: 0.0283203 ms - Host latency: 0.0283203 ms (enqueue 0.00214844 ms)
[08/27/2026-12:21:41] [I] Average on 10 runs - GPU latency: 0.0284668 ms - Host latency: 0.0284668 ms (enqueue 0.00217285 ms)
[08/27/2026-12:21:41] [I] Average on 10 runs - GPU latency: 0.0283936 ms - Host latency: 0.0283936 ms (enqueue 0.00217285 ms)
[08/27/2026-12:21:41] [I] Average on 10 runs - GPU latency: 0.0283936 ms - Host latency: 0.0283936 ms (enqueue 0.0020752 ms)
[08/27/2026-12:21:41] [I] Average on 10 runs - GPU latency: 0.028418 ms - Host latency: 0.028418 ms (enqueue 0.00214844 ms)
[08/27/2026-12:21:41] [I] Average on 10 runs - GPU latency: 0.0284912 ms - Host latency: 0.0284912 ms (enqueue 0.0020752 ms)
[08/27/2026-12:21:41] [I] Average on 10 runs - GPU latency: 0.02854 ms - Host latency: 0.02854 ms (enqueue 0.00205078 ms)
[08/27/2026-12:21:41] [I] Average on 10 runs - GPU latency: 0.0283936 ms - Host latency: 0.0283936 ms (enqueue 0.00227051 ms)
[08/27/2026-12:21:41] [I] Average on 10 runs - GPU latency: 0.0283936 ms - Host latency: 0.0283936 ms (enqueue 0.00212402 ms)
[08/27/2026-12:21:41] [I] Average on 10 runs - GPU latency: 0.0284424 ms - Host latency: 0.0284424 ms (enqueue 0.00209961 ms)
[08/27/2026-12:21:41] [I] Average on 10 runs - GPU latency: 0.0283447 ms - Host latency: 0.0283447 ms (enqueue 0.00214844 ms)
[08/27/2026-12:21:41] [I] Average on 10 runs - GPU latency: 0.0283203 ms - Host latency: 0.0283203 ms (enqueue 0.00212402 ms)
[08/27/2026-12:21:41] [I] Average on 10 runs - GPU latency: 0.0283936 ms - Host latency: 0.0283936 ms (enqueue 0.00209961 ms)
[08/27/2026-12:21:41] [I] Average on 10 runs - GPU latency: 0.0285645 ms - Host latency: 0.0285645 ms (enqueue 0.00219727 ms)
[08/27/2026-12:21:41] [I] Average on 10 runs - GPU latency: 0.0283691 ms - Host latency: 0.0283691 ms (enqueue 0.00212402 ms)
[08/27/2026-12:21:41] [I] Average on 10 runs - GPU latency: 0.0283691 ms - Host latency: 0.0283691 ms (enqueue 0.00219727 ms)
[08/27/2026-12:21:41] [I] Average on 10 runs - GPU latency: 0.0283936 ms - Host latency: 0.0283936 ms (enqueue 0.00222168 ms)
[08/27/2026-12:21:41] [I] Average on 10 runs - GPU latency: 0.0284424 ms - Host latency: 0.0284424 ms (enqueue 0.00219727 ms)
[08/27/2026-12:21:41] [I] Average on 10 runs - GPU latency: 0.0284668 ms - Host latency: 0.0284668 ms (enqueue 0.00212402 ms)
[08/27/2026-12:21:41] [I] Average on 10 runs - GPU latency: 0.0285645 ms - Host latency: 0.0285645 ms (enqueue 0.00219727 ms)
[08/27/2026-12:21:41] [I] Average on 10 runs - GPU latency: 0.029248 ms - Host latency: 0.029248 ms (enqueue 0.00214844 ms)
[08/27/2026-12:21:41] [I] Average on 10 runs - GPU latency: 0.0284668 ms - Host latency: 0.0284668 ms (enqueue 0.00212402 ms)
[08/27/2026-12:21:41] [I] Average on 10 runs - GPU latency: 0.0283936 ms - Host latency: 0.0283936 ms (enqueue 0.00212402 ms)
[08/27/2026-12:21:41] [I] Average on 10 runs - GPU latency: 0.028418 ms - Host latency: 0.028418 ms (enqueue 0.00212402 ms)
[08/27/2026-12:21:41] [I] Average on 10 runs - GPU latency: 0.0283447 ms - Host latency: 0.0283447 ms (enqueue 0.00212402 ms)
[08/27/2026-12:21:41] [I] Average on 10 runs - GPU latency: 0.028418 ms - Host latency: 0.028418 ms (enqueue 0.00205078 ms)
[08/27/2026-12:21:41] [I] Average on 10 runs - GPU latency: 0.0285156 ms - Host latency: 0.0285156 ms (enqueue 0.00217285 ms)
[08/27/2026-12:21:41] [I] Average on 10 runs - GPU latency: 0.0283447 ms - Host latency: 0.0283447 ms (enqueue 0.00212402 ms)
[08/27/2026-12:21:41] [I] Average on 10 runs - GPU latency: 0.0284424 ms - Host latency: 0.0284424 ms (enqueue 0.00212402 ms)
[08/27/2026-12:21:41] [I] Average on 10 runs - GPU latency: 0.0284424 ms - Host latency: 0.0284424 ms (enqueue 0.00219727 ms)
[08/27/2026-12:21:41] [I] Average on 10 runs - GPU latency: 0.0283447 ms - Host latency: 0.0283447 ms (enqueue 0.00217285 ms)
[08/27/2026-12:21:41] [I] Average on 10 runs - GPU latency: 0.0284424 ms - Host latency: 0.0284424 ms (enqueue 0.00209961 ms)
[08/27/2026-12:21:41] [I] Average on 10 runs - GPU latency: 0.0283936 ms - Host latency: 0.0283936 ms (enqueue 0.00209961 ms)
[08/27/2026-12:21:41] [I] Average on 10 runs - GPU latency: 0.028418 ms - Host latency: 0.028418 ms (enqueue 0.00209961 ms)
[08/27/2026-12:21:41] [I] Average on 10 runs - GPU latency: 0.0283691 ms - Host latency: 0.0283691 ms (enqueue 0.00219727 ms)
[08/27/2026-12:21:41] [I] Average on 10 runs - GPU latency: 0.0283691 ms - Host latency: 0.0283691 ms (enqueue 0.00209961 ms)
[08/27/2026-12:21:41] [I] Average on 10 runs - GPU latency: 0.0284424 ms - Host latency: 0.0284424 ms (enqueue 0.00222168 ms)
[08/27/2026-12:21:41] [I] Average on 10 runs - GPU latency: 0.0283203 ms - Host latency: 0.0283203 ms (enqueue 0.00212402 ms)
[08/27/2026-12:21:41] [I] Average on 10 runs - GPU latency: 0.0283691 ms - Host latency: 0.0283691 ms (enqueue 0.00214844 ms)
[08/27/2026-12:21:41] [I] Average on 10 runs - GPU latency: 0.0283936 ms - Host latency: 0.0283936 ms (enqueue 0.0020752 ms)
[08/27/2026-12:21:41] [I] Average on 10 runs - GPU latency: 0.0283691 ms - Host latency: 0.0283691 ms (enqueue 0.00205078 ms)
[08/27/2026-12:21:41] [I] Average on 10 runs - GPU latency: 0.0283691 ms - Host latency: 0.0283691 ms (enqueue 0.00209961 ms)
[08/27/2026-12:21:41] [I] Average on 10 runs - GPU latency: 0.028418 ms - Host latency: 0.028418 ms (enqueue 0.00214844 ms)
[08/27/2026-12:21:41] [I] Average on 10 runs - GPU latency: 0.0284668 ms - Host latency: 0.0284668 ms (enqueue 0.00219727 ms)
[08/27/2026-12:21:41] [I] Average on 10 runs - GPU latency: 0.0283203 ms - Host latency: 0.0283203 ms (enqueue 0.00217285 ms)
[08/27/2026-12:21:41] [I] Average on 10 runs - GPU latency: 0.0283936 ms - Host latency: 0.0283936 ms (enqueue 0.00219727 ms)
[08/27/2026-12:21:41] [I] Average on 10 runs - GPU latency: 0.0284912 ms - Host latency: 0.0284912 ms (enqueue 0.00212402 ms)
[08/27/2026-12:21:41] [I] Average on 10 runs - GPU latency: 0.0283447 ms - Host latency: 0.0283447 ms (enqueue 0.0020752 ms)
[08/27/2026-12:21:41] [I] Average on 10 runs - GPU latency: 0.0283203 ms - Host latency: 0.0283203 ms (enqueue 0.00222168 ms)
[08/27/2026-12:21:41] [I] Average on 10 runs - GPU latency: 0.0284424 ms - Host latency: 0.0284424 ms (enqueue 0.00217285 ms)
[08/27/2026-12:21:41] [I] Average on 10 runs - GPU latency: 0.028418 ms - Host latency: 0.028418 ms (enqueue 0.0020752 ms)
[08/27/2026-12:21:41] [I] Average on 10 runs - GPU latency: 0.0283691 ms - Host latency: 0.0283691 ms (enqueue 0.00219727 ms)
[08/27/2026-12:21:41] [I] Average on 10 runs - GPU latency: 0.0283936 ms - Host latency: 0.0283936 ms (enqueue 0.00214844 ms)
[08/27/2026-12:21:41] [I] Average on 10 runs - GPU latency: 0.0286133 ms - Host latency: 0.0286133 ms (enqueue 0.00285645 ms)
[08/27/2026-12:21:41] [I] Average on 10 runs - GPU latency: 0.0283447 ms - Host latency: 0.0283447 ms (enqueue 0.00212402 ms)
[08/27/2026-12:21:41] [I] Average on 10 runs - GPU latency: 0.0283691 ms - Host latency: 0.0283691 ms (enqueue 0.00217285 ms)
[08/27/2026-12:21:41] [I] Average on 10 runs - GPU latency: 0.0284912 ms - Host latency: 0.0284912 ms (enqueue 0.00214844 ms)
[08/27/2026-12:21:41] [I] Average on 10 runs - GPU latency: 0.0283936 ms - Host latency: 0.0283936 ms (enqueue 0.00212402 ms)
[08/27/2026-12:21:41] [I] Average on 10 runs - GPU latency: 0.0283447 ms - Host latency: 0.0283447 ms (enqueue 0.00212402 ms)
[08/27/2026-12:21:41] [I] Average on 10 runs - GPU latency: 0.0283936 ms - Host latency: 0.0283936 ms (enqueue 0.00214844 ms)
[08/27/2026-12:21:41] [I] Average on 10 runs - GPU latency: 0.0283447 ms - Host latency: 0.0283447 ms (enqueue 0.00214844 ms)
[08/27/2026-12:21:41] [I] Average on 10 runs - GPU latency: 0.0283936 ms - Host latency: 0.0283936 ms (enqueue 0.00209961 ms)
[08/27/2026-12:21:41] [I] Average on 10 runs - GPU latency: 0.0284668 ms - Host latency: 0.0284668 ms (enqueue 0.00219727 ms)
[08/27/2026-12:21:41] [I] Average on 10 runs - GPU latency: 0.0285645 ms - Host latency: 0.0285645 ms (enqueue 0.00224609 ms)
[08/27/2026-12:21:41] [I] Average on 10 runs - GPU latency: 0.0283203 ms - Host latency: 0.0283203 ms (enqueue 0.00222168 ms)
[08/27/2026-12:21:41] [I] Average on 10 runs - GPU latency: 0.0284424 ms - Host latency: 0.0284424 ms (enqueue 0.00209961 ms)
[08/27/2026-12:21:41] [I] Average on 10 runs - GPU latency: 0.0284668 ms - Host latency: 0.0284668 ms (enqueue 0.00227051 ms)
[08/27/2026-12:21:41] [I] Average on 10 runs - GPU latency: 0.0284424 ms - Host latency: 0.0284424 ms (enqueue 0.00214844 ms)
[08/27/2026-12:21:41] [I] Average on 10 runs - GPU latency: 0.0283203 ms - Host latency: 0.0283203 ms (enqueue 0.00224609 ms)
[08/27/2026-12:21:41] [I] Average on 10 runs - GPU latency: 0.0284668 ms - Host latency: 0.0284668 ms (enqueue 0.00285645 ms)
[08/27/2026-12:21:41] [I] Average on 10 runs - GPU latency: 0.0283691 ms - Host latency: 0.0283691 ms (enqueue 0.00231934 ms)
[08/27/2026-12:21:41] [I] Average on 10 runs - GPU latency: 0.0283691 ms - Host latency: 0.0283691 ms (enqueue 0.00212402 ms)
[08/27/2026-12:21:41] [I] Average on 10 runs - GPU latency: 0.0283691 ms - Host latency: 0.0283691 ms (enqueue 0.00214844 ms)
[08/27/2026-12:21:41] [I] Average on 10 runs - GPU latency: 0.02854 ms - Host latency: 0.02854 ms (enqueue 0.00222168 ms)
[08/27/2026-12:21:41] [I] Average on 10 runs - GPU latency: 0.0284912 ms - Host latency: 0.0284912 ms (enqueue 0.0020752 ms)
[08/27/2026-12:21:41] [I] Average on 10 runs - GPU latency: 0.0283447 ms - Host latency: 0.0283447 ms (enqueue 0.00214844 ms)
[08/27/2026-12:21:41] [I] Average on 10 runs - GPU latency: 0.0286865 ms - Host latency: 0.0286865 ms (enqueue 0.00290527 ms)
[08/27/2026-12:21:41] [I] Average on 10 runs - GPU latency: 0.0283447 ms - Host latency: 0.0283447 ms (enqueue 0.00217285 ms)
[08/27/2026-12:21:41] [I] Average on 10 runs - GPU latency: 0.0284668 ms - Host latency: 0.0284668 ms (enqueue 0.00209961 ms)
[08/27/2026-12:21:41] [I] Average on 10 runs - GPU latency: 0.0284912 ms - Host latency: 0.0284912 ms (enqueue 0.00214844 ms)
[08/27/2026-12:21:41] [I] Average on 10 runs - GPU latency: 0.0284424 ms - Host latency: 0.0284424 ms (enqueue 0.00217285 ms)
[08/27/2026-12:21:41] [I]
[08/27/2026-12:21:41] [I] === Performance summary ===
[08/27/2026-12:21:41] [I] Throughput: 33491 qps
[08/27/2026-12:21:41] [I] Latency: min = 0.0280762 ms, max = 0.0493164 ms, mean = 0.0283892 ms, median = 0.0283203 ms, percentile(90%) = 0.0285645 ms, percentile(95%) = 0.0285645 ms, percentile(99%) = 0.0293579 ms
[08/27/2026-12:21:41] [I] Enqueue Time: min = 0.00164795 ms, max = 0.0526123 ms, mean = 0.00208318 ms, median = 0.0020752 ms, percentile(90%) = 0.00219727 ms, percentile(95%) = 0.00244141 ms, percentile(99%) = 0.00289917 ms
[08/27/2026-12:21:41] [I] H2D Latency: min = 0 ms, max = 0 ms, mean = 0 ms, median = 0 ms, percentile(90%) = 0 ms, percentile(95%) = 0 ms, percentile(99%) = 0 ms
[08/27/2026-12:21:41] [I] GPU Compute Time: min = 0.0280762 ms, max = 0.0493164 ms, mean = 0.0283892 ms, median = 0.0283203 ms, percentile(90%) = 0.0285645 ms, percentile(95%) = 0.0285645 ms, percentile(99%) = 0.0293579 ms
[08/27/2026-12:21:41] [I] D2H Latency: min = 0 ms, max = 0 ms, mean = 0 ms, median = 0 ms, percentile(90%) = 0 ms, percentile(95%) = 0 ms, percentile(99%) = 0 ms
[08/27/2026-12:21:41] [I] Total Host Walltime: 3.00006 s
[08/27/2026-12:21:41] [I] Total GPU Compute Time: 2.85241 s
[08/27/2026-12:21:41] [I] Explanations of the performance metrics are printed in the verbose logs.
[08/27/2026-12:21:41] [I]
&&&& PASSED TensorRT.trtexec [TensorRT v110100] [b106] # trtexec --onnx=/work/trt-samples-for-hackathon-cn-wili/cookbook/00-Data/model/model-trained.onnx --setBuildRoute=-conv_lowering=on -kgen:tiling=1 --saveEngine=/tmp/trtexec_tuning_79287_iterphase1_2.plan --tuningResultFile=/tmp/trtexec_tuning_79287_iter2.json
&&&& TASK_END [iter=2] BuildRoute = '-conv_lowering=on -kgen:tiling=1'


&&&& TASK_BEGIN [iter=3] BuildRoute = '-conv_lowering=off -kgen:tiling=2'
[08/27/2026-12:21:42] [I] Tuning iteration [3]: -conv_lowering=off -kgen:tiling=2
&&&& RUNNING TensorRT.trtexec [TensorRT v110100] [b106] # trtexec --onnx=/work/trt-samples-for-hackathon-cn-wili/cookbook/00-Data/model/model-trained.onnx --setBuildRoute=-conv_lowering=off -kgen:tiling=2 --saveEngine=/tmp/trtexec_tuning_79287_iterphase1_3.plan --tuningResultFile=/tmp/trtexec_tuning_79287_iter3.json
[08/27/2026-12:21:42] [I] === Model Options ===
[08/27/2026-12:21:42] [I] Format: ONNX
[08/27/2026-12:21:42] [I] Model: /work/trt-samples-for-hackathon-cn-wili/cookbook/00-Data/model/model-trained.onnx
[08/27/2026-12:21:42] [I] Output:
[08/27/2026-12:21:42] [I] === Build Options ===
[08/27/2026-12:21:42] [I] Memory Pools: workspace: default, dlaSRAM: default, dlaLocalDRAM: default, dlaGlobalDRAM: default, tacticSharedMem: default
[08/27/2026-12:21:42] [I] avgTiming: 8
[08/27/2026-12:21:42] [I] Precision: Strongly Typed
[08/27/2026-12:21:42] [I] Layer Device Types:
[08/27/2026-12:21:42] [I] Decomposable Attentions:
[08/27/2026-12:21:42] [I] Refit: Disabled
[08/27/2026-12:21:42] [I] Strip weights: Disabled
[08/27/2026-12:21:42] [I] Version Compatible: Disabled
[08/27/2026-12:21:42] [I] ONNX Plugin InstanceNorm: Disabled
[08/27/2026-12:21:42] [I] ONNX kENABLE_UINT8_AND_ASYMMETRIC_QUANTIZATION_DLA flag: Disabled
[08/27/2026-12:21:42] [I] ONNX kREPORT_CAPABILITY_DLA flag: Disabled
[08/27/2026-12:21:42] [I] ONNX kADJUST_FOR_DLA flag: Disabled
[08/27/2026-12:21:42] [I] ONNX kENABLE_PLUGIN_OVERRIDE flag: Disabled
[08/27/2026-12:21:42] [I] TensorRT runtime: full
[08/27/2026-12:21:42] [I] Lean DLL Path:
[08/27/2026-12:21:42] [I] Tempfile Controls: { in_memory: allow, temporary: allow }
[08/27/2026-12:21:42] [I] Exclude Lean Runtime: Disabled
[08/27/2026-12:21:42] [I] Sparsity: Disabled
[08/27/2026-12:21:42] [I] Safe mode: Disabled
[08/27/2026-12:21:42] [I] Build DLA standalone loadable: Disabled
[08/27/2026-12:21:42] [I] Allow GPU fallback for DLA: Disabled
[08/27/2026-12:21:42] [I] DirectIO mode: Disabled
[08/27/2026-12:21:42] [I] Skip inference: Disabled
[08/27/2026-12:21:42] [I] Save engine: /tmp/trtexec_tuning_79287_iterphase1_3.plan
[08/27/2026-12:21:42] [I] Load engine:
[08/27/2026-12:21:42] [I] Profiling verbosity: 0
[08/27/2026-12:21:42] [I] Tactic sources: Using default tactic sources
[08/27/2026-12:21:42] [I] timingCacheMode: local
[08/27/2026-12:21:42] [I] timingCacheFile:
[08/27/2026-12:21:42] [I] Enable Compilation Cache: Enabled
[08/27/2026-12:21:42] [I] Enable Monitor Memory: Disabled
[08/27/2026-12:21:42] [I] CPU Only Mode: Disabled
[08/27/2026-12:21:42] [I] errorOnTimingCacheMiss: Disabled
[08/27/2026-12:21:42] [I] Preview Features: Use default preview flags.
[08/27/2026-12:21:42] [I] MaxAuxStreams: -1
[08/27/2026-12:21:42] [I] BuilderOptimizationLevel: -1
[08/27/2026-12:21:42] [I] MaxTactics: -1
[08/27/2026-12:21:42] [I] Weight Streaming: Disabled
[08/27/2026-12:21:42] [I] Runtime Platform: Same As Build
[08/27/2026-12:21:42] [I] Debug Tensors:
[08/27/2026-12:21:42] [I] Distributive Independence: Disabled
[08/27/2026-12:21:42] [I] Mark Unfused Tensors As Debug Tensors: Disabled
[08/27/2026-12:21:42] [I] Input(s)s format: CHW
[08/27/2026-12:21:42] [I] Output(s)s format: CHW
[08/27/2026-12:21:42] [I] Input build shapes: model
[08/27/2026-12:21:42] [I] === System Options ===
[08/27/2026-12:21:42] [I] Device: 0
[08/27/2026-12:21:42] [I] DLACore:
[08/27/2026-12:21:42] [I] Loaded static plugins:
[08/27/2026-12:21:42] [I] setPluginsToSerialize:
[08/27/2026-12:21:42] [I] dynamicPlugins:
[08/27/2026-12:21:42] [I] ignoreParsedPluginLibs: 0
[08/27/2026-12:21:42] [I]
[08/27/2026-12:21:42] [I] === Inference Options ===
[08/27/2026-12:21:42] [I] Batch: Explicit
[08/27/2026-12:21:42] [I] Input inference shapes: model
[08/27/2026-12:21:42] [I] Iterations: 10
[08/27/2026-12:21:42] [I] Duration: 3s (+ 200ms warm up)
[08/27/2026-12:21:42] [I] Sleep time: 0ms
[08/27/2026-12:21:42] [I] Idle time: 0ms
[08/27/2026-12:21:42] [I] Inference Streams: 1
[08/27/2026-12:21:42] [I] ExposeDMA: Disabled
[08/27/2026-12:21:42] [I] Data transfers: Disabled
[08/27/2026-12:21:42] [I] Spin-wait: Enabled
[08/27/2026-12:21:42] [I] Multithreading: Disabled
[08/27/2026-12:21:42] [I] CUDA Graph: Enabled
[08/27/2026-12:21:42] [I] Time Deserialize: Disabled
[08/27/2026-12:21:42] [I] Time Refit: Disabled
[08/27/2026-12:21:42] [I] NVTX verbosity: 0
[08/27/2026-12:21:42] [I] Persistent Cache Ratio: 0
[08/27/2026-12:21:42] [I] Optimization Profile Index: 0
[08/27/2026-12:21:42] [I] Weight Streaming Budget: 100.000000%
[08/27/2026-12:21:42] [I] Accuracy Algorithm: L0
[08/27/2026-12:21:42] [I] Absolute Tolerance (atol): 1e-05
[08/27/2026-12:21:42] [I] Relative Tolerance (rtol): 1e-05
[08/27/2026-12:21:42] [I] Inputs:
[08/27/2026-12:21:42] [I] Debug Tensor Save Destinations:
[08/27/2026-12:21:42] [I] Dump All Debug Tensor in Formats:
[08/27/2026-12:21:42] [I] === Reporting Options ===
[08/27/2026-12:21:42] [I] Verbose: Disabled
[08/27/2026-12:21:42] [I] Averages: 10 inferences
[08/27/2026-12:21:42] [I] Percentiles: 90,95,99
[08/27/2026-12:21:42] [I] Dump refittable layers:Disabled
[08/27/2026-12:21:42] [I] Dump output: Disabled
[08/27/2026-12:21:42] [I] Profile: Disabled
[08/27/2026-12:21:42] [I] Export timing to JSON file:
[08/27/2026-12:21:42] [I] Export output to JSON file:
[08/27/2026-12:21:42] [I] Export profile to JSON file:
[08/27/2026-12:21:42] [I]
[08/27/2026-12:21:42] [I] === Device Information ===
[08/27/2026-12:21:42] [I] Available Devices:
[08/27/2026-12:21:42] [I]   Device 0: "NVIDIA H100 PCIe" UUID: GPU-6b95b656-4bfb-1c8a-789d-76d749d0fe65
[08/27/2026-12:21:42] [I] Selected Device: NVIDIA H100 PCIe
[08/27/2026-12:21:42] [I] Selected Device ID: 0
[08/27/2026-12:21:42] [I] Selected Device UUID: GPU-6b95b656-4bfb-1c8a-789d-76d749d0fe65
[08/27/2026-12:21:42] [I] Compute Capability: 9.0
[08/27/2026-12:21:42] [I] SMs: 114
[08/27/2026-12:21:42] [I] Device Global Memory: 81071 MiB
[08/27/2026-12:21:42] [I] Shared Memory per SM: 228 KiB
[08/27/2026-12:21:42] [I] Memory Bus Width: 5120 bits (ECC enabled)
[08/27/2026-12:21:42] [I] Application Compute Clock Rate: 1.755 GHz
[08/27/2026-12:21:42] [I] Application Memory Clock Rate: 1.593 GHz
[08/27/2026-12:21:42] [I]
[08/27/2026-12:21:42] [I] Note: The application clock rates do not reflect the actual clock rates that the GPU is currently running at.
[08/27/2026-12:21:42] [I]
[08/27/2026-12:21:42] [I] TensorRT version: 11.1.0
[08/27/2026-12:21:42] [I] Loading standard plugins
[08/27/2026-12:21:42] [I] [TRT] [MemUsageChange] Init CUDA: CPU +0, GPU +0, now: CPU 32, GPU 914 (MiB)
[08/27/2026-12:21:42] [I] Using tuning build route: -conv_lowering=off -kgen:tiling=2
[08/27/2026-12:21:42] [I] Start parsing network model.
[08/27/2026-12:21:42] [I] [TRT] ----------------------------------------------------------------
[08/27/2026-12:21:42] [I] [TRT] Input filename:   /work/trt-samples-for-hackathon-cn-wili/cookbook/00-Data/model/model-trained.onnx
[08/27/2026-12:21:42] [I] [TRT] ONNX IR version:  0.0.10
[08/27/2026-12:21:42] [I] [TRT] Opset version:    18
[08/27/2026-12:21:42] [I] [TRT] Producer name:    pytorch
[08/27/2026-12:21:42] [I] [TRT] Producer version: 2.11.0a0+a6c236b9fd.nv26.03.46836102
[08/27/2026-12:21:42] [I] [TRT] Domain:
[08/27/2026-12:21:42] [I] [TRT] Model version:    0
[08/27/2026-12:21:42] [I] [TRT] Doc string:
[08/27/2026-12:21:42] [I] [TRT] ----------------------------------------------------------------
[08/27/2026-12:21:42] [W] [TRT] ModelImporter.cpp:1047: Make sure output z has Int64 binding.
[08/27/2026-12:21:42] [I] Finished parsing network model. Parse time: 0.0149293
[08/27/2026-12:21:42] [W] Dynamic dimensions required for input: x, but no shapes were provided. Automatically overriding shape to: 1x1x28x28
[08/27/2026-12:21:42] [I] Set shape of input tensor x for optimization profile 0 to: MIN=1x1x28x28 OPT=1x1x28x28 MAX=1x1x28x28
[08/27/2026-12:21:43] [I] [TRT] [MemUsageChange] Init builder kernel library: CPU +524, GPU +10, now: CPU 835, GPU 926 (MiB)
[08/27/2026-12:21:43] [I] [TRT] Local timing cache in use. Profiling results in this builder pass will not be stored.
[08/27/2026-12:21:44] [I] [TRT] Compiler backend is used during engine build.
[08/27/2026-12:21:44] [I] [TRT] [TuningBuildRoute] Using build route: -conv_lowering=off -kgen:tiling=2
[08/27/2026-12:21:50] [I] [TRT] Detected 1 inputs and 2 output network tensors.
[08/27/2026-12:21:50] [I] [TRT] Total Host Persistent Memory: 18896 bytes
[08/27/2026-12:21:50] [I] [TRT] Total Device Persistent Memory: 0 bytes
[08/27/2026-12:21:50] [I] [TRT] Max Scratch Memory: 4608 bytes
[08/27/2026-12:21:50] [I] [TRT] [BlockAssignment] Started assigning block shifts. This will take 5 steps to complete.
[08/27/2026-12:21:50] [I] [TRT] [BlockAssignment] Algorithm ShiftNTopDown took 0.01505ms to assign 2 blocks to 5 nodes requiring 125440 bytes.
[08/27/2026-12:21:50] [I] [TRT] Total Activation Memory: 125440 bytes
[08/27/2026-12:21:50] [I] [TRT] Total Weights Memory: 13100672 bytes
[08/27/2026-12:21:50] [I] [TRT] Compiler backend is used during engine execution.
[08/27/2026-12:21:50] [I] [TRT] Engine generation completed in 7.23979 seconds.
[08/27/2026-12:21:50] [I] [TRT] [MemUsageStats] Peak memory usage of TRT CPU/GPU memory allocators: CPU 0 MiB, GPU 13 MiB
[08/27/2026-12:21:50] [I] Created engine with size: 12.5785 MiB
[08/27/2026-12:21:50] [I] Engine built in 7.93572 sec.
[08/27/2026-12:21:51] [I] Engine deserialized in 0.00760542 sec.
[08/27/2026-12:21:51] [I] [TRT] [MemUsageChange] TensorRT-managed allocation in IExecutionContext creation: CPU +0, GPU +0, now: CPU 0, GPU 12 (MiB)
[08/27/2026-12:21:51] [I] Setting persistentCacheLimit to 0 bytes.
[08/27/2026-12:21:51] [I] Created execution context with device memory size: 0.119629 MiB
[08/27/2026-12:21:51] [I] Using random values for input x
[08/27/2026-12:21:51] [I] Input binding for x with dimensions 1x1x28x28 and type fp32 is created.
[08/27/2026-12:21:51] [I] Output binding for y with dimensions 1x10 and type fp32 is created.
[08/27/2026-12:21:51] [I] Output binding for z with dimensions 1 and type int64 is created.
[08/27/2026-12:21:51] [I] Starting inference
[08/27/2026-12:21:51] [I] Capturing CUDA graph for the current execution context
[08/27/2026-12:21:51] [I] Successfully captured CUDA graph for the current execution context. When profiling with Nsight Systems, add "--cuda-graph-trace=node" to the nsys command to see per-kernel execution times.
[08/27/2026-12:21:55] [I] Warmup completed 6675 queries over 200 ms
[08/27/2026-12:21:55] [I] Timing trace has 100576 queries over 3.00006 s
[08/27/2026-12:21:55] [I]
[08/27/2026-12:21:55] [I] === Trace details ===
[08/27/2026-12:21:55] [I] Trace averages of 10 runs:
[08/27/2026-12:21:55] [I] Average on 10 runs - GPU latency: 0.0283981 ms - Host latency: 0.0283981 ms (enqueue 0.00181274 ms)
[08/27/2026-12:21:55] [I] Average on 10 runs - GPU latency: 0.0284195 ms - Host latency: 0.0284195 ms (enqueue 0.00182648 ms)
[08/27/2026-12:21:55] [I] Average on 10 runs - GPU latency: 0.0283783 ms - Host latency: 0.0283783 ms (enqueue 0.00180817 ms)
[08/27/2026-12:21:55] [I] Average on 10 runs - GPU latency: 0.028421 ms - Host latency: 0.028421 ms (enqueue 0.00179138 ms)
[08/27/2026-12:21:55] [I] Average on 10 runs - GPU latency: 0.0283554 ms - Host latency: 0.0283554 ms (enqueue 0.00180817 ms)
[08/27/2026-12:21:55] [I] Average on 10 runs - GPU latency: 0.0284561 ms - Host latency: 0.0284561 ms (enqueue 0.00185394 ms)
[08/27/2026-12:21:55] [I] Average on 10 runs - GPU latency: 0.0284485 ms - Host latency: 0.0284485 ms (enqueue 0.00183258 ms)
[08/27/2026-12:21:55] [I] Average on 10 runs - GPU latency: 0.028421 ms - Host latency: 0.028421 ms (enqueue 0.00180359 ms)
[08/27/2026-12:21:55] [I] Average on 10 runs - GPU latency: 0.0283981 ms - Host latency: 0.0283981 ms (enqueue 0.00177612 ms)
[08/27/2026-12:21:55] [I] Average on 10 runs - GPU latency: 0.0285278 ms - Host latency: 0.0285278 ms (enqueue 0.00179901 ms)
[08/27/2026-12:21:55] [I] Average on 10 runs - GPU latency: 0.0284119 ms - Host latency: 0.0284119 ms (enqueue 0.00181885 ms)
[08/27/2026-12:21:55] [I] Average on 10 runs - GPU latency: 0.0283844 ms - Host latency: 0.0283844 ms (enqueue 0.00185852 ms)
[08/27/2026-12:21:55] [I] Average on 10 runs - GPU latency: 0.0284302 ms - Host latency: 0.0284302 ms (enqueue 0.00178986 ms)
[08/27/2026-12:21:55] [I] Average on 10 runs - GPU latency: 0.0283386 ms - Host latency: 0.0283386 ms (enqueue 0.00187073 ms)
[08/27/2026-12:21:55] [I] Average on 10 runs - GPU latency: 0.028447 ms - Host latency: 0.028447 ms (enqueue 0.00188751 ms)
[08/27/2026-12:21:55] [I] Average on 10 runs - GPU latency: 0.0284225 ms - Host latency: 0.0284225 ms (enqueue 0.00186157 ms)
[08/27/2026-12:21:55] [I] Average on 10 runs - GPU latency: 0.0284027 ms - Host latency: 0.0284027 ms (enqueue 0.00179749 ms)
[08/27/2026-12:21:55] [I] Average on 10 runs - GPU latency: 0.0284012 ms - Host latency: 0.0284012 ms (enqueue 0.00183563 ms)
[08/27/2026-12:21:55] [I] Average on 10 runs - GPU latency: 0.0284088 ms - Host latency: 0.0284088 ms (enqueue 0.00186157 ms)
[08/27/2026-12:21:55] [I] Average on 10 runs - GPU latency: 0.0283966 ms - Host latency: 0.0283966 ms (enqueue 0.00183563 ms)
[08/27/2026-12:21:55] [I] Average on 10 runs - GPU latency: 0.0283981 ms - Host latency: 0.0283981 ms (enqueue 0.0018158 ms)
[08/27/2026-12:21:55] [I] Average on 10 runs - GPU latency: 0.0284149 ms - Host latency: 0.0284149 ms (enqueue 0.00182495 ms)
[08/27/2026-12:21:55] [I] Average on 10 runs - GPU latency: 0.0284027 ms - Host latency: 0.0284027 ms (enqueue 0.00180817 ms)
[08/27/2026-12:21:55] [I] Average on 10 runs - GPU latency: 0.0284088 ms - Host latency: 0.0284088 ms (enqueue 0.00181732 ms)
[08/27/2026-12:21:55] [I] Average on 10 runs - GPU latency: 0.0284088 ms - Host latency: 0.0284088 ms (enqueue 0.00178375 ms)
[08/27/2026-12:21:55] [I] Average on 10 runs - GPU latency: 0.0283905 ms - Host latency: 0.0283905 ms (enqueue 0.00186462 ms)
[08/27/2026-12:21:55] [I] Average on 10 runs - GPU latency: 0.0284348 ms - Host latency: 0.0284348 ms (enqueue 0.00184937 ms)
[08/27/2026-12:21:55] [I] Average on 10 runs - GPU latency: 0.0284546 ms - Host latency: 0.0284546 ms (enqueue 0.00183411 ms)
[08/27/2026-12:21:55] [I] Average on 10 runs - GPU latency: 0.0283997 ms - Host latency: 0.0283997 ms (enqueue 0.00182495 ms)
[08/27/2026-12:21:55] [I] Average on 10 runs - GPU latency: 0.028389 ms - Host latency: 0.028389 ms (enqueue 0.00183868 ms)
[08/27/2026-12:21:55] [I] Average on 10 runs - GPU latency: 0.0284317 ms - Host latency: 0.0284317 ms (enqueue 0.00183563 ms)
[08/27/2026-12:21:55] [I] Average on 10 runs - GPU latency: 0.0283997 ms - Host latency: 0.0283997 ms (enqueue 0.00177307 ms)
[08/27/2026-12:21:55] [I] Average on 10 runs - GPU latency: 0.0283875 ms - Host latency: 0.0283875 ms (enqueue 0.00189056 ms)
[08/27/2026-12:21:55] [I] Average on 10 runs - GPU latency: 0.0284012 ms - Host latency: 0.0284012 ms (enqueue 0.00184784 ms)
[08/27/2026-12:21:55] [I] Average on 10 runs - GPU latency: 0.0284164 ms - Host latency: 0.0284164 ms (enqueue 0.00182953 ms)
[08/27/2026-12:21:55] [I] Average on 10 runs - GPU latency: 0.028392 ms - Host latency: 0.028392 ms (enqueue 0.00180817 ms)
[08/27/2026-12:21:55] [I] Average on 10 runs - GPU latency: 0.0283875 ms - Host latency: 0.0283875 ms (enqueue 0.00185394 ms)
[08/27/2026-12:21:55] [I] Average on 10 runs - GPU latency: 0.0284271 ms - Host latency: 0.0284271 ms (enqueue 0.00181122 ms)
[08/27/2026-12:21:55] [I] Average on 10 runs - GPU latency: 0.0283875 ms - Host latency: 0.0283875 ms (enqueue 0.00180359 ms)
[08/27/2026-12:21:55] [I] Average on 10 runs - GPU latency: 0.0284134 ms - Host latency: 0.0284134 ms (enqueue 0.00189209 ms)
[08/27/2026-12:21:55] [I] Average on 10 runs - GPU latency: 0.0284454 ms - Host latency: 0.0284454 ms (enqueue 0.00184784 ms)
[08/27/2026-12:21:55] [I] Average on 10 runs - GPU latency: 0.0283813 ms - Host latency: 0.0283813 ms (enqueue 0.00184174 ms)
[08/27/2026-12:21:55] [I] Average on 10 runs - GPU latency: 0.0283875 ms - Host latency: 0.0283875 ms (enqueue 0.00178986 ms)
[08/27/2026-12:21:55] [I] Average on 10 runs - GPU latency: 0.0283936 ms - Host latency: 0.0283936 ms (enqueue 0.00185242 ms)
[08/27/2026-12:21:55] [I] Average on 10 runs - GPU latency: 0.0284332 ms - Host latency: 0.0284332 ms (enqueue 0.00184021 ms)
[08/27/2026-12:21:55] [I] Average on 10 runs - GPU latency: 0.028363 ms - Host latency: 0.028363 ms (enqueue 0.00180054 ms)
[08/27/2026-12:21:55] [I] Average on 10 runs - GPU latency: 0.0284302 ms - Host latency: 0.0284302 ms (enqueue 0.00185242 ms)
[08/27/2026-12:21:55] [I] Average on 10 runs - GPU latency: 0.0284058 ms - Host latency: 0.0284058 ms (enqueue 0.0018219 ms)
[08/27/2026-12:21:55] [I] Average on 10 runs - GPU latency: 0.0284195 ms - Host latency: 0.0284195 ms (enqueue 0.00197449 ms)
[08/27/2026-12:21:55] [I] Average on 10 runs - GPU latency: 0.0284241 ms - Host latency: 0.0284241 ms (enqueue 0.00193481 ms)
[08/27/2026-12:21:55] [I] Average on 10 runs - GPU latency: 0.0284164 ms - Host latency: 0.0284164 ms (enqueue 0.00183105 ms)
[08/27/2026-12:21:55] [I] Average on 10 runs - GPU latency: 0.0284149 ms - Host latency: 0.0284149 ms (enqueue 0.00184021 ms)
[08/27/2026-12:21:55] [I] Average on 10 runs - GPU latency: 0.0284103 ms - Host latency: 0.0284103 ms (enqueue 0.00189056 ms)
[08/27/2026-12:21:55] [I] Average on 10 runs - GPU latency: 0.0284348 ms - Host latency: 0.0284348 ms (enqueue 0.00187988 ms)
[08/27/2026-12:21:55] [I] Average on 10 runs - GPU latency: 0.0284225 ms - Host latency: 0.0284225 ms (enqueue 0.00181122 ms)
[08/27/2026-12:21:55] [I] Average on 10 runs - GPU latency: 0.0283875 ms - Host latency: 0.0283875 ms (enqueue 0.00187531 ms)
[08/27/2026-12:21:55] [I] Average on 10 runs - GPU latency: 0.0283844 ms - Host latency: 0.0283844 ms (enqueue 0.00184021 ms)
[08/27/2026-12:21:55] [I] Average on 10 runs - GPU latency: 0.0284561 ms - Host latency: 0.0284561 ms (enqueue 0.00186005 ms)
[08/27/2026-12:21:55] [I] Average on 10 runs - GPU latency: 0.0283844 ms - Host latency: 0.0283844 ms (enqueue 0.00182648 ms)
[08/27/2026-12:21:55] [I] Average on 10 runs - GPU latency: 0.0284836 ms - Host latency: 0.0284836 ms (enqueue 0.00262146 ms)
[08/27/2026-12:21:55] [I] Average on 10 runs - GPU latency: 0.0284058 ms - Host latency: 0.0284058 ms (enqueue 0.00182648 ms)
[08/27/2026-12:21:55] [I] Average on 10 runs - GPU latency: 0.0283539 ms - Host latency: 0.0283539 ms (enqueue 0.00187378 ms)
[08/27/2026-12:21:55] [I] Average on 10 runs - GPU latency: 0.0283737 ms - Host latency: 0.0283737 ms (enqueue 0.0018692 ms)
[08/27/2026-12:21:55] [I] Average on 10 runs - GPU latency: 0.0283936 ms - Host latency: 0.0283936 ms (enqueue 0.00184479 ms)
[08/27/2026-12:21:55] [I] Average on 10 runs - GPU latency: 0.0284134 ms - Host latency: 0.0284134 ms (enqueue 0.00181122 ms)
[08/27/2026-12:21:55] [I] Average on 10 runs - GPU latency: 0.0283997 ms - Host latency: 0.0283997 ms (enqueue 0.00178833 ms)
[08/27/2026-12:21:55] [I] Average on 10 runs - GPU latency: 0.0284286 ms - Host latency: 0.0284286 ms (enqueue 0.0018158 ms)
[08/27/2026-12:21:55] [I] Average on 10 runs - GPU latency: 0.0283875 ms - Host latency: 0.0283875 ms (enqueue 0.00177307 ms)
[08/27/2026-12:21:55] [I] Average on 10 runs - GPU latency: 0.0284714 ms - Host latency: 0.0284714 ms (enqueue 0.00185394 ms)
[08/27/2026-12:21:55] [I] Average on 10 runs - GPU latency: 0.0285034 ms - Host latency: 0.0285034 ms (enqueue 0.00186462 ms)
[08/27/2026-12:21:55] [I] Average on 10 runs - GPU latency: 0.0284363 ms - Host latency: 0.0284363 ms (enqueue 0.0018158 ms)
[08/27/2026-12:21:55] [I] Average on 10 runs - GPU latency: 0.0283981 ms - Host latency: 0.0283981 ms (enqueue 0.00181427 ms)
[08/27/2026-12:21:55] [I] Average on 10 runs - GPU latency: 0.0284119 ms - Host latency: 0.0284119 ms (enqueue 0.00182037 ms)
[08/27/2026-12:21:55] [I] Average on 10 runs - GPU latency: 0.0284134 ms - Host latency: 0.0284134 ms (enqueue 0.0018158 ms)
[08/27/2026-12:21:55] [I] Average on 10 runs - GPU latency: 0.028389 ms - Host latency: 0.028389 ms (enqueue 0.00180359 ms)
[08/27/2026-12:21:55] [I] Average on 10 runs - GPU latency: 0.0283905 ms - Host latency: 0.0283905 ms (enqueue 0.00180817 ms)
[08/27/2026-12:21:55] [I] Average on 10 runs - GPU latency: 0.0284225 ms - Host latency: 0.0284225 ms (enqueue 0.00187531 ms)
[08/27/2026-12:21:55] [I] Average on 10 runs - GPU latency: 0.0284134 ms - Host latency: 0.0284134 ms (enqueue 0.00179443 ms)
[08/27/2026-12:21:55] [I] Average on 10 runs - GPU latency: 0.0283493 ms - Host latency: 0.0283493 ms (enqueue 0.00179901 ms)
[08/27/2026-12:21:55] [I] Average on 10 runs - GPU latency: 0.0284256 ms - Host latency: 0.0284256 ms (enqueue 0.00186005 ms)
[08/27/2026-12:21:55] [I] Average on 10 runs - GPU latency: 0.0284012 ms - Host latency: 0.0284012 ms (enqueue 0.00179901 ms)
[08/27/2026-12:21:55] [I] Average on 10 runs - GPU latency: 0.0284119 ms - Host latency: 0.0284119 ms (enqueue 0.0018158 ms)
[08/27/2026-12:21:55] [I] Average on 10 runs - GPU latency: 0.0284454 ms - Host latency: 0.0284454 ms (enqueue 0.00185852 ms)
[08/27/2026-12:21:55] [I] Average on 10 runs - GPU latency: 0.0283508 ms - Host latency: 0.0283508 ms (enqueue 0.00185699 ms)
[08/27/2026-12:21:55] [I] Average on 10 runs - GPU latency: 0.0284195 ms - Host latency: 0.0284195 ms (enqueue 0.00185699 ms)
[08/27/2026-12:21:55] [I] Average on 10 runs - GPU latency: 0.0284256 ms - Host latency: 0.0284256 ms (enqueue 0.0018631 ms)
[08/27/2026-12:21:55] [I] Average on 10 runs - GPU latency: 0.0284653 ms - Host latency: 0.0284653 ms (enqueue 0.00186005 ms)
[08/27/2026-12:21:55] [I] Average on 10 runs - GPU latency: 0.0283875 ms - Host latency: 0.0283875 ms (enqueue 0.00182495 ms)
[08/27/2026-12:21:55] [I] Average on 10 runs - GPU latency: 0.0283722 ms - Host latency: 0.0283722 ms (enqueue 0.00181885 ms)
[08/27/2026-12:21:55] [I] Average on 10 runs - GPU latency: 0.028418 ms - Host latency: 0.028418 ms (enqueue 0.00191956 ms)
[08/27/2026-12:21:55] [I] Average on 10 runs - GPU latency: 0.0283997 ms - Host latency: 0.0283997 ms (enqueue 0.00189819 ms)
[08/27/2026-12:21:55] [I] Average on 10 runs - GPU latency: 0.02854 ms - Host latency: 0.02854 ms (enqueue 0.00184174 ms)
[08/27/2026-12:21:55] [I] Average on 10 runs - GPU latency: 0.0284561 ms - Host latency: 0.0284561 ms (enqueue 0.0018631 ms)
[08/27/2026-12:21:55] [I] Average on 10 runs - GPU latency: 0.028447 ms - Host latency: 0.028447 ms (enqueue 0.00184479 ms)
[08/27/2026-12:21:55] [I] Average on 10 runs - GPU latency: 0.0284164 ms - Host latency: 0.0284164 ms (enqueue 0.00184937 ms)
[08/27/2026-12:21:55] [I] Average on 10 runs - GPU latency: 0.0284073 ms - Host latency: 0.0284073 ms (enqueue 0.00183411 ms)
[08/27/2026-12:21:55] [I] Average on 10 runs - GPU latency: 0.0284195 ms - Host latency: 0.0284195 ms (enqueue 0.00188904 ms)
[08/27/2026-12:21:55] [I] Average on 10 runs - GPU latency: 0.0283554 ms - Host latency: 0.0283554 ms (enqueue 0.00188293 ms)
[08/27/2026-12:21:55] [I] Average on 10 runs - GPU latency: 0.0284058 ms - Host latency: 0.0284058 ms (enqueue 0.00182953 ms)
[08/27/2026-12:21:55] [I] Average on 10 runs - GPU latency: 0.0283905 ms - Host latency: 0.0283905 ms (enqueue 0.00181274 ms)
[08/27/2026-12:21:55] [I] Average on 10 runs - GPU latency: 0.0283752 ms - Host latency: 0.0283752 ms (enqueue 0.00181427 ms)
[08/27/2026-12:21:55] [I] Average on 10 runs - GPU latency: 0.0284317 ms - Host latency: 0.0284317 ms (enqueue 0.00180664 ms)
[08/27/2026-12:21:55] [I] Average on 10 runs - GPU latency: 0.0284561 ms - Host latency: 0.0284561 ms (enqueue 0.00181122 ms)
[08/27/2026-12:21:55] [I] Average on 10 runs - GPU latency: 0.0284363 ms - Host latency: 0.0284363 ms (enqueue 0.00184021 ms)
[08/27/2026-12:21:55] [I] Average on 10 runs - GPU latency: 0.0284515 ms - Host latency: 0.0284515 ms (enqueue 0.00186005 ms)
[08/27/2026-12:21:55] [I] Average on 10 runs - GPU latency: 0.0284225 ms - Host latency: 0.0284225 ms (enqueue 0.00183258 ms)
[08/27/2026-12:21:55] [I] Average on 10 runs - GPU latency: 0.0284012 ms - Host latency: 0.0284012 ms (enqueue 0.00185089 ms)
[08/27/2026-12:21:55] [I] Average on 10 runs - GPU latency: 0.0283997 ms - Host latency: 0.0283997 ms (enqueue 0.00185089 ms)
[08/27/2026-12:21:55] [I] Average on 10 runs - GPU latency: 0.0284088 ms - Host latency: 0.0284088 ms (enqueue 0.00183563 ms)
[08/27/2026-12:21:55] [I] Average on 10 runs - GPU latency: 0.0284515 ms - Host latency: 0.0284515 ms (enqueue 0.00184174 ms)
[08/27/2026-12:21:55] [I] Average on 10 runs - GPU latency: 0.0284286 ms - Host latency: 0.0284286 ms (enqueue 0.00181732 ms)
[08/27/2026-12:21:55] [I] Average on 10 runs - GPU latency: 0.0284683 ms - Host latency: 0.0284683 ms (enqueue 0.00186615 ms)
[08/27/2026-12:21:55] [I] Average on 10 runs - GPU latency: 0.0284393 ms - Host latency: 0.0284393 ms (enqueue 0.00185394 ms)
[08/27/2026-12:21:55] [I] Average on 10 runs - GPU latency: 0.0284256 ms - Host latency: 0.0284256 ms (enqueue 0.00185547 ms)
[08/27/2026-12:21:55] [I] Average on 10 runs - GPU latency: 0.0284576 ms - Host latency: 0.0284576 ms (enqueue 0.00183411 ms)
[08/27/2026-12:21:55] [I] Average on 10 runs - GPU latency: 0.0284302 ms - Host latency: 0.0284302 ms (enqueue 0.00180054 ms)
[08/27/2026-12:21:55] [I] Average on 10 runs - GPU latency: 0.028392 ms - Host latency: 0.028392 ms (enqueue 0.0018631 ms)
[08/27/2026-12:21:55] [I] Average on 10 runs - GPU latency: 0.0284363 ms - Host latency: 0.0284363 ms (enqueue 0.00185394 ms)
[08/27/2026-12:21:55] [I] Average on 10 runs - GPU latency: 0.0283524 ms - Host latency: 0.0283524 ms (enqueue 0.0018219 ms)
[08/27/2026-12:21:55] [I] Average on 10 runs - GPU latency: 0.0284027 ms - Host latency: 0.0284027 ms (enqueue 0.00181885 ms)
[08/27/2026-12:21:55] [I] Average on 10 runs - GPU latency: 0.0284149 ms - Host latency: 0.0284149 ms (enqueue 0.00184326 ms)
[08/27/2026-12:21:55] [I] Average on 10 runs - GPU latency: 0.0283966 ms - Host latency: 0.0283966 ms (enqueue 0.00180969 ms)
[08/27/2026-12:21:55] [I] Average on 10 runs - GPU latency: 0.0283646 ms - Host latency: 0.0283646 ms (enqueue 0.00183563 ms)
[08/27/2026-12:21:55] [I] Average on 10 runs - GPU latency: 0.028363 ms - Host latency: 0.028363 ms (enqueue 0.00185394 ms)
[08/27/2026-12:21:55] [I] Average on 10 runs - GPU latency: 0.0283783 ms - Host latency: 0.0283783 ms (enqueue 0.00183411 ms)
[08/27/2026-12:21:55] [I] Average on 10 runs - GPU latency: 0.0283676 ms - Host latency: 0.0283676 ms (enqueue 0.00180511 ms)
[08/27/2026-12:21:55] [I] Average on 10 runs - GPU latency: 0.0283524 ms - Host latency: 0.0283524 ms (enqueue 0.00182953 ms)
[08/27/2026-12:21:55] [I] Average on 10 runs - GPU latency: 0.0283646 ms - Host latency: 0.0283646 ms (enqueue 0.00184174 ms)
[08/27/2026-12:21:55] [I] Average on 10 runs - GPU latency: 0.0283905 ms - Host latency: 0.0283905 ms (enqueue 0.00184326 ms)
[08/27/2026-12:21:55] [I] Average on 10 runs - GPU latency: 0.0283478 ms - Host latency: 0.0283478 ms (enqueue 0.00182037 ms)
[08/27/2026-12:21:55] [I] Average on 10 runs - GPU latency: 0.0284164 ms - Host latency: 0.0284164 ms (enqueue 0.00180969 ms)
[08/27/2026-12:21:55] [I] Average on 10 runs - GPU latency: 0.0283829 ms - Host latency: 0.0283829 ms (enqueue 0.0018158 ms)
[08/27/2026-12:21:55] [I] Average on 10 runs - GPU latency: 0.0283295 ms - Host latency: 0.0283295 ms (enqueue 0.0018219 ms)
[08/27/2026-12:21:55] [I] Average on 10 runs - GPU latency: 0.0283676 ms - Host latency: 0.0283676 ms (enqueue 0.00183105 ms)
[08/27/2026-12:21:55] [I] Average on 10 runs - GPU latency: 0.0283707 ms - Host latency: 0.0283707 ms (enqueue 0.0017807 ms)
[08/27/2026-12:21:55] [I] Average on 10 runs - GPU latency: 0.0283417 ms - Host latency: 0.0283417 ms (enqueue 0.00185547 ms)
[08/27/2026-12:21:55] [I] Average on 10 runs - GPU latency: 0.0284027 ms - Host latency: 0.0284027 ms (enqueue 0.00188751 ms)
[08/27/2026-12:21:55] [I] Average on 10 runs - GPU latency: 0.0283737 ms - Host latency: 0.0283737 ms (enqueue 0.00183563 ms)
[08/27/2026-12:21:55] [I] Average on 10 runs - GPU latency: 0.0283188 ms - Host latency: 0.0283188 ms (enqueue 0.00193176 ms)
[08/27/2026-12:21:55] [I] Average on 10 runs - GPU latency: 0.028392 ms - Host latency: 0.028392 ms (enqueue 0.00179443 ms)
[08/27/2026-12:21:55] [I] Average on 10 runs - GPU latency: 0.0283401 ms - Host latency: 0.0283401 ms (enqueue 0.00182343 ms)
[08/27/2026-12:21:55] [I] Average on 10 runs - GPU latency: 0.0284027 ms - Host latency: 0.0284027 ms (enqueue 0.00181274 ms)
[08/27/2026-12:21:55] [I] Average on 10 runs - GPU latency: 0.0284286 ms - Host latency: 0.0284286 ms (enqueue 0.0018631 ms)
[08/27/2026-12:21:55] [I] Average on 10 runs - GPU latency: 0.0283905 ms - Host latency: 0.0283905 ms (enqueue 0.00187073 ms)
[08/27/2026-12:21:55] [I] Average on 10 runs - GPU latency: 0.0284027 ms - Host latency: 0.0284027 ms (enqueue 0.00184174 ms)
[08/27/2026-12:21:55] [I] Average on 10 runs - GPU latency: 0.0283813 ms - Host latency: 0.0283813 ms (enqueue 0.00189362 ms)
[08/27/2026-12:21:55] [I] Average on 10 runs - GPU latency: 0.028421 ms - Host latency: 0.028421 ms (enqueue 0.00181427 ms)
[08/27/2026-12:21:55] [I] Average on 10 runs - GPU latency: 0.0283997 ms - Host latency: 0.0283997 ms (enqueue 0.00178986 ms)
[08/27/2026-12:21:55] [I] Average on 10 runs - GPU latency: 0.0283463 ms - Host latency: 0.0283463 ms (enqueue 0.00183258 ms)
[08/27/2026-12:21:55] [I] Average on 10 runs - GPU latency: 0.0283508 ms - Host latency: 0.0283508 ms (enqueue 0.00184937 ms)
[08/27/2026-12:21:55] [I] Average on 10 runs - GPU latency: 0.0284042 ms - Host latency: 0.0284042 ms (enqueue 0.00184174 ms)
[08/27/2026-12:21:55] [I] Average on 10 runs - GPU latency: 0.0284393 ms - Host latency: 0.0284393 ms (enqueue 0.00185089 ms)
[08/27/2026-12:21:55] [I] Average on 10 runs - GPU latency: 0.0283997 ms - Host latency: 0.0283997 ms (enqueue 0.00187683 ms)
[08/27/2026-12:21:55] [I] Average on 10 runs - GPU latency: 0.0283661 ms - Host latency: 0.0283661 ms (enqueue 0.00182495 ms)
[08/27/2026-12:21:55] [I] Average on 10 runs - GPU latency: 0.0283356 ms - Host latency: 0.0283356 ms (enqueue 0.00180664 ms)
[08/27/2026-12:21:55] [I] Average on 10 runs - GPU latency: 0.028363 ms - Host latency: 0.028363 ms (enqueue 0.00186768 ms)
[08/27/2026-12:21:55] [I] Average on 10 runs - GPU latency: 0.0283569 ms - Host latency: 0.0283569 ms (enqueue 0.00186005 ms)
[08/27/2026-12:21:55] [I] Average on 10 runs - GPU latency: 0.0283386 ms - Host latency: 0.0283386 ms (enqueue 0.00184631 ms)
[08/27/2026-12:21:55] [I] Average on 10 runs - GPU latency: 0.0283279 ms - Host latency: 0.0283279 ms (enqueue 0.00181732 ms)
[08/27/2026-12:21:55] [I] Average on 10 runs - GPU latency: 0.0283585 ms - Host latency: 0.0283585 ms (enqueue 0.00183868 ms)
[08/27/2026-12:21:55] [I] Average on 10 runs - GPU latency: 0.0283539 ms - Host latency: 0.0283539 ms (enqueue 0.00180817 ms)
[08/27/2026-12:21:55] [I] Average on 10 runs - GPU latency: 0.0283768 ms - Host latency: 0.0283768 ms (enqueue 0.00207367 ms)
[08/27/2026-12:21:55] [I] Average on 10 runs - GPU latency: 0.028363 ms - Host latency: 0.028363 ms (enqueue 0.00184174 ms)
[08/27/2026-12:21:55] [I] Average on 10 runs - GPU latency: 0.0283829 ms - Host latency: 0.0283829 ms (enqueue 0.00182648 ms)
[08/27/2026-12:21:55] [I] Average on 10 runs - GPU latency: 0.0283646 ms - Host latency: 0.0283646 ms (enqueue 0.0018631 ms)
[08/27/2026-12:21:55] [I] Average on 10 runs - GPU latency: 0.0283966 ms - Host latency: 0.0283966 ms (enqueue 0.00186768 ms)
[08/27/2026-12:21:55] [I] Average on 10 runs - GPU latency: 0.0284149 ms - Host latency: 0.0284149 ms (enqueue 0.00184631 ms)
[08/27/2026-12:21:55] [I] Average on 10 runs - GPU latency: 0.02836 ms - Host latency: 0.02836 ms (enqueue 0.00182495 ms)
[08/27/2026-12:21:55] [I] Average on 10 runs - GPU latency: 0.0283356 ms - Host latency: 0.0283356 ms (enqueue 0.00180969 ms)
[08/27/2026-12:21:55] [I] Average on 10 runs - GPU latency: 0.028389 ms - Host latency: 0.028389 ms (enqueue 0.00181427 ms)
[08/27/2026-12:21:55] [I] Average on 10 runs - GPU latency: 0.028363 ms - Host latency: 0.028363 ms (enqueue 0.00183716 ms)
[08/27/2026-12:21:55] [I] Average on 10 runs - GPU latency: 0.0283691 ms - Host latency: 0.0283691 ms (enqueue 0.00182037 ms)
[08/27/2026-12:21:55] [I] Average on 10 runs - GPU latency: 0.0284134 ms - Host latency: 0.0284134 ms (enqueue 0.00178223 ms)
[08/27/2026-12:21:55] [I] Average on 10 runs - GPU latency: 0.0283829 ms - Host latency: 0.0283829 ms (enqueue 0.00178986 ms)
[08/27/2026-12:21:55] [I] Average on 10 runs - GPU latency: 0.0283463 ms - Host latency: 0.0283463 ms (enqueue 0.00179138 ms)
[08/27/2026-12:21:55] [I] Average on 10 runs - GPU latency: 0.0283142 ms - Host latency: 0.0283142 ms (enqueue 0.00185852 ms)
[08/27/2026-12:21:55] [I] Average on 10 runs - GPU latency: 0.028389 ms - Host latency: 0.028389 ms (enqueue 0.00185394 ms)
[08/27/2026-12:21:55] [I] Average on 10 runs - GPU latency: 0.0283157 ms - Host latency: 0.0283157 ms (enqueue 0.00176544 ms)
[08/27/2026-12:21:55] [I] Average on 10 runs - GPU latency: 0.0283478 ms - Host latency: 0.0283478 ms (enqueue 0.00185699 ms)
[08/27/2026-12:21:55] [I] Average on 10 runs - GPU latency: 0.0284714 ms - Host latency: 0.0284714 ms (enqueue 0.00183563 ms)
[08/27/2026-12:21:55] [I] Average on 10 runs - GPU latency: 0.0283569 ms - Host latency: 0.0283569 ms (enqueue 0.00177765 ms)
[08/27/2026-12:21:55] [I] Average on 10 runs - GPU latency: 0.0284546 ms - Host latency: 0.0284546 ms (enqueue 0.00185699 ms)
[08/27/2026-12:21:55] [I] Average on 10 runs - GPU latency: 0.0283157 ms - Host latency: 0.0283157 ms (enqueue 0.00180511 ms)
[08/27/2026-12:21:55] [I] Average on 10 runs - GPU latency: 0.0283752 ms - Host latency: 0.0283752 ms (enqueue 0.00181274 ms)
[08/27/2026-12:21:55] [I] Average on 10 runs - GPU latency: 0.0283447 ms - Host latency: 0.0283447 ms (enqueue 0.00180054 ms)
[08/27/2026-12:21:55] [I] Average on 10 runs - GPU latency: 0.0283432 ms - Host latency: 0.0283432 ms (enqueue 0.00187531 ms)
[08/27/2026-12:21:55] [I] Average on 10 runs - GPU latency: 0.0283936 ms - Host latency: 0.0283936 ms (enqueue 0.00182343 ms)
[08/27/2026-12:21:55] [I] Average on 10 runs - GPU latency: 0.0282883 ms - Host latency: 0.0282883 ms (enqueue 0.00187988 ms)
[08/27/2026-12:21:55] [I] Average on 10 runs - GPU latency: 0.0283539 ms - Host latency: 0.0283539 ms (enqueue 0.0018158 ms)
[08/27/2026-12:21:55] [I] Average on 10 runs - GPU latency: 0.0283478 ms - Host latency: 0.0283478 ms (enqueue 0.00187988 ms)
[08/27/2026-12:21:55] [I] Average on 10 runs - GPU latency: 0.0283417 ms - Host latency: 0.0283417 ms (enqueue 0.0018158 ms)
[08/27/2026-12:21:55] [I] Average on 10 runs - GPU latency: 0.0283325 ms - Host latency: 0.0283325 ms (enqueue 0.00186768 ms)
[08/27/2026-12:21:55] [I] Average on 10 runs - GPU latency: 0.0283997 ms - Host latency: 0.0283997 ms (enqueue 0.00186157 ms)
[08/27/2026-12:21:55] [I] Average on 10 runs - GPU latency: 0.0283844 ms - Host latency: 0.0283844 ms (enqueue 0.00183716 ms)
[08/27/2026-12:21:55] [I] Average on 10 runs - GPU latency: 0.028418 ms - Host latency: 0.028418 ms (enqueue 0.00185242 ms)
[08/27/2026-12:21:55] [I] Average on 10 runs - GPU latency: 0.02836 ms - Host latency: 0.02836 ms (enqueue 0.00186768 ms)
[08/27/2026-12:21:55] [I] Average on 10 runs - GPU latency: 0.0283539 ms - Host latency: 0.0283539 ms (enqueue 0.00182495 ms)
[08/27/2026-12:21:55] [I] Average on 10 runs - GPU latency: 0.0283661 ms - Host latency: 0.0283661 ms (enqueue 0.00188293 ms)
[08/27/2026-12:21:55] [I] Average on 10 runs - GPU latency: 0.0283661 ms - Host latency: 0.0283661 ms (enqueue 0.00184937 ms)
[08/27/2026-12:21:55] [I] Average on 10 runs - GPU latency: 0.0283569 ms - Host latency: 0.0283569 ms (enqueue 0.0018158 ms)
[08/27/2026-12:21:55] [I] ... Omitting 96576 lines
[08/27/2026-12:21:55] [I] Average on 10 runs - GPU latency: 0.0283691 ms - Host latency: 0.0283691 ms (enqueue 0.00197754 ms)
[08/27/2026-12:21:55] [I] Average on 10 runs - GPU latency: 0.0283691 ms - Host latency: 0.0283691 ms (enqueue 0.00202637 ms)
[08/27/2026-12:21:55] [I] Average on 10 runs - GPU latency: 0.0283447 ms - Host latency: 0.0283447 ms (enqueue 0.00209961 ms)
[08/27/2026-12:21:55] [I] Average on 10 runs - GPU latency: 0.0284912 ms - Host latency: 0.0284912 ms (enqueue 0.00209961 ms)
[08/27/2026-12:21:55] [I] Average on 10 runs - GPU latency: 0.0283691 ms - Host latency: 0.0283691 ms (enqueue 0.00217285 ms)
[08/27/2026-12:21:55] [I] Average on 10 runs - GPU latency: 0.028418 ms - Host latency: 0.028418 ms (enqueue 0.00205078 ms)
[08/27/2026-12:21:55] [I] Average on 10 runs - GPU latency: 0.0283203 ms - Host latency: 0.0283203 ms (enqueue 0.0020752 ms)
[08/27/2026-12:21:55] [I] Average on 10 runs - GPU latency: 0.028418 ms - Host latency: 0.028418 ms (enqueue 0.00200195 ms)
[08/27/2026-12:21:55] [I] Average on 10 runs - GPU latency: 0.0283691 ms - Host latency: 0.0283691 ms (enqueue 0.00197754 ms)
[08/27/2026-12:21:55] [I] Average on 10 runs - GPU latency: 0.028418 ms - Host latency: 0.028418 ms (enqueue 0.00205078 ms)
[08/27/2026-12:21:55] [I] Average on 10 runs - GPU latency: 0.028418 ms - Host latency: 0.028418 ms (enqueue 0.00200195 ms)
[08/27/2026-12:21:55] [I] Average on 10 runs - GPU latency: 0.028418 ms - Host latency: 0.028418 ms (enqueue 0.00212402 ms)
[08/27/2026-12:21:55] [I] Average on 10 runs - GPU latency: 0.0283691 ms - Host latency: 0.0283691 ms (enqueue 0.00202637 ms)
[08/27/2026-12:21:55] [I] Average on 10 runs - GPU latency: 0.0283936 ms - Host latency: 0.0283936 ms (enqueue 0.00209961 ms)
[08/27/2026-12:21:55] [I] Average on 10 runs - GPU latency: 0.0284912 ms - Host latency: 0.0284912 ms (enqueue 0.00212402 ms)
[08/27/2026-12:21:55] [I] Average on 10 runs - GPU latency: 0.0283691 ms - Host latency: 0.0283691 ms (enqueue 0.00212402 ms)
[08/27/2026-12:21:55] [I] Average on 10 runs - GPU latency: 0.0283447 ms - Host latency: 0.0283447 ms (enqueue 0.00209961 ms)
[08/27/2026-12:21:55] [I] Average on 10 runs - GPU latency: 0.0282959 ms - Host latency: 0.0282959 ms (enqueue 0.00212402 ms)
[08/27/2026-12:21:55] [I] Average on 10 runs - GPU latency: 0.0284424 ms - Host latency: 0.0284424 ms (enqueue 0.0020752 ms)
[08/27/2026-12:21:55] [I] Average on 10 runs - GPU latency: 0.0282959 ms - Host latency: 0.0282959 ms (enqueue 0.00214844 ms)
[08/27/2026-12:21:55] [I] Average on 10 runs - GPU latency: 0.0283447 ms - Host latency: 0.0283447 ms (enqueue 0.00200195 ms)
[08/27/2026-12:21:55] [I] Average on 10 runs - GPU latency: 0.0283691 ms - Host latency: 0.0283691 ms (enqueue 0.00209961 ms)
[08/27/2026-12:21:55] [I] Average on 10 runs - GPU latency: 0.0284424 ms - Host latency: 0.0284424 ms (enqueue 0.0020752 ms)
[08/27/2026-12:21:55] [I] Average on 10 runs - GPU latency: 0.0283936 ms - Host latency: 0.0283936 ms (enqueue 0.0020752 ms)
[08/27/2026-12:21:55] [I] Average on 10 runs - GPU latency: 0.0284424 ms - Host latency: 0.0284424 ms (enqueue 0.00217285 ms)
[08/27/2026-12:21:55] [I] Average on 10 runs - GPU latency: 0.0283447 ms - Host latency: 0.0283447 ms (enqueue 0.0020752 ms)
[08/27/2026-12:21:55] [I] Average on 10 runs - GPU latency: 0.0283203 ms - Host latency: 0.0283203 ms (enqueue 0.00202637 ms)
[08/27/2026-12:21:55] [I] Average on 10 runs - GPU latency: 0.0283691 ms - Host latency: 0.0283691 ms (enqueue 0.00200195 ms)
[08/27/2026-12:21:55] [I] Average on 10 runs - GPU latency: 0.0284424 ms - Host latency: 0.0284424 ms (enqueue 0.00209961 ms)
[08/27/2026-12:21:55] [I] Average on 10 runs - GPU latency: 0.0283447 ms - Host latency: 0.0283447 ms (enqueue 0.00217285 ms)
[08/27/2026-12:21:55] [I] Average on 10 runs - GPU latency: 0.0283691 ms - Host latency: 0.0283691 ms (enqueue 0.00197754 ms)
[08/27/2026-12:21:55] [I] Average on 10 runs - GPU latency: 0.0282959 ms - Host latency: 0.0282959 ms (enqueue 0.00212402 ms)
[08/27/2026-12:21:55] [I] Average on 10 runs - GPU latency: 0.0283936 ms - Host latency: 0.0283936 ms (enqueue 0.00205078 ms)
[08/27/2026-12:21:55] [I] Average on 10 runs - GPU latency: 0.0284424 ms - Host latency: 0.0284424 ms (enqueue 0.00214844 ms)
[08/27/2026-12:21:55] [I] Average on 10 runs - GPU latency: 0.0284668 ms - Host latency: 0.0284668 ms (enqueue 0.0020752 ms)
[08/27/2026-12:21:55] [I] Average on 10 runs - GPU latency: 0.0283691 ms - Host latency: 0.0283691 ms (enqueue 0.0020752 ms)
[08/27/2026-12:21:55] [I] Average on 10 runs - GPU latency: 0.0283936 ms - Host latency: 0.0283936 ms (enqueue 0.0020752 ms)
[08/27/2026-12:21:55] [I] Average on 10 runs - GPU latency: 0.0283691 ms - Host latency: 0.0283691 ms (enqueue 0.00209961 ms)
[08/27/2026-12:21:55] [I] Average on 10 runs - GPU latency: 0.0283447 ms - Host latency: 0.0283447 ms (enqueue 0.00241699 ms)
[08/27/2026-12:21:55] [I] Average on 10 runs - GPU latency: 0.0282959 ms - Host latency: 0.0282959 ms (enqueue 0.00209961 ms)
[08/27/2026-12:21:55] [I] Average on 10 runs - GPU latency: 0.0283691 ms - Host latency: 0.0283691 ms (enqueue 0.00205078 ms)
[08/27/2026-12:21:55] [I] Average on 10 runs - GPU latency: 0.0283691 ms - Host latency: 0.0283691 ms (enqueue 0.00217285 ms)
[08/27/2026-12:21:55] [I] Average on 10 runs - GPU latency: 0.0283936 ms - Host latency: 0.0283936 ms (enqueue 0.00200195 ms)
[08/27/2026-12:21:55] [I] Average on 10 runs - GPU latency: 0.0283691 ms - Host latency: 0.0283691 ms (enqueue 0.00205078 ms)
[08/27/2026-12:21:55] [I] Average on 10 runs - GPU latency: 0.0284668 ms - Host latency: 0.0284668 ms (enqueue 0.00205078 ms)
[08/27/2026-12:21:55] [I] Average on 10 runs - GPU latency: 0.0283691 ms - Host latency: 0.0283691 ms (enqueue 0.00209961 ms)
[08/27/2026-12:21:55] [I] Average on 10 runs - GPU latency: 0.0283936 ms - Host latency: 0.0283936 ms (enqueue 0.0020752 ms)
[08/27/2026-12:21:55] [I] Average on 10 runs - GPU latency: 0.0283203 ms - Host latency: 0.0283203 ms (enqueue 0.00205078 ms)
[08/27/2026-12:21:55] [I] Average on 10 runs - GPU latency: 0.0283936 ms - Host latency: 0.0283936 ms (enqueue 0.00200195 ms)
[08/27/2026-12:21:55] [I] Average on 10 runs - GPU latency: 0.0283447 ms - Host latency: 0.0283447 ms (enqueue 0.00209961 ms)
[08/27/2026-12:21:55] [I] Average on 10 runs - GPU latency: 0.0283447 ms - Host latency: 0.0283447 ms (enqueue 0.00205078 ms)
[08/27/2026-12:21:55] [I] Average on 10 runs - GPU latency: 0.028418 ms - Host latency: 0.028418 ms (enqueue 0.0020752 ms)
[08/27/2026-12:21:55] [I] Average on 10 runs - GPU latency: 0.0283203 ms - Host latency: 0.0283203 ms (enqueue 0.00209961 ms)
[08/27/2026-12:21:55] [I] Average on 10 runs - GPU latency: 0.028418 ms - Host latency: 0.028418 ms (enqueue 0.00202637 ms)
[08/27/2026-12:21:55] [I] Average on 10 runs - GPU latency: 0.0282959 ms - Host latency: 0.0282959 ms (enqueue 0.00205078 ms)
[08/27/2026-12:21:55] [I] Average on 10 runs - GPU latency: 0.0283936 ms - Host latency: 0.0283936 ms (enqueue 0.0020752 ms)
[08/27/2026-12:21:55] [I] Average on 10 runs - GPU latency: 0.028418 ms - Host latency: 0.028418 ms (enqueue 0.00209961 ms)
[08/27/2026-12:21:55] [I] Average on 10 runs - GPU latency: 0.0283936 ms - Host latency: 0.0283936 ms (enqueue 0.00205078 ms)
[08/27/2026-12:21:55] [I] Average on 10 runs - GPU latency: 0.0283447 ms - Host latency: 0.0283447 ms (enqueue 0.00222168 ms)
[08/27/2026-12:21:55] [I] Average on 10 runs - GPU latency: 0.0283691 ms - Host latency: 0.0283691 ms (enqueue 0.00209961 ms)
[08/27/2026-12:21:55] [I] Average on 10 runs - GPU latency: 0.0284424 ms - Host latency: 0.0284424 ms (enqueue 0.00205078 ms)
[08/27/2026-12:21:55] [I] Average on 10 runs - GPU latency: 0.0284424 ms - Host latency: 0.0284424 ms (enqueue 0.00197754 ms)
[08/27/2026-12:21:55] [I] Average on 10 runs - GPU latency: 0.0283936 ms - Host latency: 0.0283936 ms (enqueue 0.0020752 ms)
[08/27/2026-12:21:55] [I] Average on 10 runs - GPU latency: 0.0283691 ms - Host latency: 0.0283691 ms (enqueue 0.00209961 ms)
[08/27/2026-12:21:55] [I] Average on 10 runs - GPU latency: 0.0283691 ms - Host latency: 0.0283691 ms (enqueue 0.00202637 ms)
[08/27/2026-12:21:55] [I] Average on 10 runs - GPU latency: 0.028418 ms - Host latency: 0.028418 ms (enqueue 0.00200195 ms)
[08/27/2026-12:21:55] [I] Average on 10 runs - GPU latency: 0.0284912 ms - Host latency: 0.0284912 ms (enqueue 0.00202637 ms)
[08/27/2026-12:21:55] [I] Average on 10 runs - GPU latency: 0.0282959 ms - Host latency: 0.0282959 ms (enqueue 0.00209961 ms)
[08/27/2026-12:21:55] [I] Average on 10 runs - GPU latency: 0.0284912 ms - Host latency: 0.0284912 ms (enqueue 0.00197754 ms)
[08/27/2026-12:21:55] [I] Average on 10 runs - GPU latency: 0.0283691 ms - Host latency: 0.0283691 ms (enqueue 0.0020752 ms)
[08/27/2026-12:21:55] [I] Average on 10 runs - GPU latency: 0.0283936 ms - Host latency: 0.0283936 ms (enqueue 0.00202637 ms)
[08/27/2026-12:21:55] [I] Average on 10 runs - GPU latency: 0.0283203 ms - Host latency: 0.0283203 ms (enqueue 0.00209961 ms)
[08/27/2026-12:21:55] [I] Average on 10 runs - GPU latency: 0.0283447 ms - Host latency: 0.0283447 ms (enqueue 0.0020752 ms)
[08/27/2026-12:21:55] [I] Average on 10 runs - GPU latency: 0.0283691 ms - Host latency: 0.0283691 ms (enqueue 0.0020752 ms)
[08/27/2026-12:21:55] [I] Average on 10 runs - GPU latency: 0.0283691 ms - Host latency: 0.0283691 ms (enqueue 0.00209961 ms)
[08/27/2026-12:21:55] [I] Average on 10 runs - GPU latency: 0.0284912 ms - Host latency: 0.0284912 ms (enqueue 0.00202637 ms)
[08/27/2026-12:21:55] [I] Average on 10 runs - GPU latency: 0.0283936 ms - Host latency: 0.0283936 ms (enqueue 0.00205078 ms)
[08/27/2026-12:21:55] [I] Average on 10 runs - GPU latency: 0.0283691 ms - Host latency: 0.0283691 ms (enqueue 0.00202637 ms)
[08/27/2026-12:21:55] [I] Average on 10 runs - GPU latency: 0.0283203 ms - Host latency: 0.0283203 ms (enqueue 0.00212402 ms)
[08/27/2026-12:21:55] [I] Average on 10 runs - GPU latency: 0.028418 ms - Host latency: 0.028418 ms (enqueue 0.00202637 ms)
[08/27/2026-12:21:55] [I] Average on 10 runs - GPU latency: 0.0283936 ms - Host latency: 0.0283936 ms (enqueue 0.0020752 ms)
[08/27/2026-12:21:55] [I] Average on 10 runs - GPU latency: 0.0289551 ms - Host latency: 0.0289551 ms (enqueue 0.00212402 ms)
[08/27/2026-12:21:55] [I] Average on 10 runs - GPU latency: 0.0283447 ms - Host latency: 0.0283447 ms (enqueue 0.00205078 ms)
[08/27/2026-12:21:55] [I] Average on 10 runs - GPU latency: 0.0283691 ms - Host latency: 0.0283691 ms (enqueue 0.00209961 ms)
[08/27/2026-12:21:55] [I] Average on 10 runs - GPU latency: 0.0283936 ms - Host latency: 0.0283936 ms (enqueue 0.00205078 ms)
[08/27/2026-12:21:55] [I] Average on 10 runs - GPU latency: 0.028418 ms - Host latency: 0.028418 ms (enqueue 0.00217285 ms)
[08/27/2026-12:21:55] [I] Average on 10 runs - GPU latency: 0.0283203 ms - Host latency: 0.0283203 ms (enqueue 0.0020752 ms)
[08/27/2026-12:21:55] [I] Average on 10 runs - GPU latency: 0.0283691 ms - Host latency: 0.0283691 ms (enqueue 0.00209961 ms)
[08/27/2026-12:21:55] [I] Average on 10 runs - GPU latency: 0.0284424 ms - Host latency: 0.0284424 ms (enqueue 0.0019043 ms)
[08/27/2026-12:21:55] [I] Average on 10 runs - GPU latency: 0.0283447 ms - Host latency: 0.0283447 ms (enqueue 0.00205078 ms)
[08/27/2026-12:21:55] [I] Average on 10 runs - GPU latency: 0.0283447 ms - Host latency: 0.0283447 ms (enqueue 0.0020752 ms)
[08/27/2026-12:21:55] [I] Average on 10 runs - GPU latency: 0.0284424 ms - Host latency: 0.0284424 ms (enqueue 0.00205078 ms)
[08/27/2026-12:21:55] [I] Average on 10 runs - GPU latency: 0.0283447 ms - Host latency: 0.0283447 ms (enqueue 0.00205078 ms)
[08/27/2026-12:21:55] [I] Average on 10 runs - GPU latency: 0.0283447 ms - Host latency: 0.0283447 ms (enqueue 0.0020752 ms)
[08/27/2026-12:21:55] [I] Average on 10 runs - GPU latency: 0.0283203 ms - Host latency: 0.0283203 ms (enqueue 0.0020752 ms)
[08/27/2026-12:21:55] [I] Average on 10 runs - GPU latency: 0.0293213 ms - Host latency: 0.0293213 ms (enqueue 0.0034668 ms)
[08/27/2026-12:21:55] [I] Average on 10 runs - GPU latency: 0.0283447 ms - Host latency: 0.0283447 ms (enqueue 0.00202637 ms)
[08/27/2026-12:21:55] [I] Average on 10 runs - GPU latency: 0.0283203 ms - Host latency: 0.0283203 ms (enqueue 0.0020752 ms)
[08/27/2026-12:21:55] [I] Average on 10 runs - GPU latency: 0.0285156 ms - Host latency: 0.0285156 ms (enqueue 0.00224609 ms)
[08/27/2026-12:21:55] [I] Average on 10 runs - GPU latency: 0.0284424 ms - Host latency: 0.0284424 ms (enqueue 0.00197754 ms)
[08/27/2026-12:21:55] [I] Average on 10 runs - GPU latency: 0.0283691 ms - Host latency: 0.0283691 ms (enqueue 0.00209961 ms)
[08/27/2026-12:21:55] [I] Average on 10 runs - GPU latency: 0.0284424 ms - Host latency: 0.0284424 ms (enqueue 0.00212402 ms)
[08/27/2026-12:21:55] [I] Average on 10 runs - GPU latency: 0.0282959 ms - Host latency: 0.0282959 ms (enqueue 0.00205078 ms)
[08/27/2026-12:21:55] [I] Average on 10 runs - GPU latency: 0.0284424 ms - Host latency: 0.0284424 ms (enqueue 0.00197754 ms)
[08/27/2026-12:21:55] [I] Average on 10 runs - GPU latency: 0.028418 ms - Host latency: 0.028418 ms (enqueue 0.00200195 ms)
[08/27/2026-12:21:55] [I] Average on 10 runs - GPU latency: 0.0285889 ms - Host latency: 0.0285889 ms (enqueue 0.00209961 ms)
[08/27/2026-12:21:55] [I] Average on 10 runs - GPU latency: 0.0283691 ms - Host latency: 0.0283691 ms (enqueue 0.00202637 ms)
[08/27/2026-12:21:55] [I] Average on 10 runs - GPU latency: 0.028418 ms - Host latency: 0.028418 ms (enqueue 0.00209961 ms)
[08/27/2026-12:21:55] [I] Average on 10 runs - GPU latency: 0.0284424 ms - Host latency: 0.0284424 ms (enqueue 0.00202637 ms)
[08/27/2026-12:21:55] [I] Average on 10 runs - GPU latency: 0.0282959 ms - Host latency: 0.0282959 ms (enqueue 0.0020752 ms)
[08/27/2026-12:21:55] [I] Average on 10 runs - GPU latency: 0.0283936 ms - Host latency: 0.0283936 ms (enqueue 0.00202637 ms)
[08/27/2026-12:21:55] [I] Average on 10 runs - GPU latency: 0.028418 ms - Host latency: 0.028418 ms (enqueue 0.00212402 ms)
[08/27/2026-12:21:55] [I] Average on 10 runs - GPU latency: 0.0283936 ms - Host latency: 0.0283936 ms (enqueue 0.00209961 ms)
[08/27/2026-12:21:55] [I] Average on 10 runs - GPU latency: 0.0282959 ms - Host latency: 0.0282959 ms (enqueue 0.00202637 ms)
[08/27/2026-12:21:55] [I] Average on 10 runs - GPU latency: 0.0284668 ms - Host latency: 0.0284668 ms (enqueue 0.00209961 ms)
[08/27/2026-12:21:55] [I] Average on 10 runs - GPU latency: 0.0283447 ms - Host latency: 0.0283447 ms (enqueue 0.00214844 ms)
[08/27/2026-12:21:55] [I] Average on 10 runs - GPU latency: 0.0283691 ms - Host latency: 0.0283691 ms (enqueue 0.00202637 ms)
[08/27/2026-12:21:55] [I] Average on 10 runs - GPU latency: 0.0283203 ms - Host latency: 0.0283203 ms (enqueue 0.00202637 ms)
[08/27/2026-12:21:55] [I] Average on 10 runs - GPU latency: 0.0283691 ms - Host latency: 0.0283691 ms (enqueue 0.0020752 ms)
[08/27/2026-12:21:55] [I] Average on 10 runs - GPU latency: 0.028418 ms - Host latency: 0.028418 ms (enqueue 0.00212402 ms)
[08/27/2026-12:21:55] [I] Average on 10 runs - GPU latency: 0.0283203 ms - Host latency: 0.0283203 ms (enqueue 0.0020752 ms)
[08/27/2026-12:21:55] [I] Average on 10 runs - GPU latency: 0.0283447 ms - Host latency: 0.0283447 ms (enqueue 0.00219727 ms)
[08/27/2026-12:21:55] [I] Average on 10 runs - GPU latency: 0.028418 ms - Host latency: 0.028418 ms (enqueue 0.00205078 ms)
[08/27/2026-12:21:55] [I] Average on 10 runs - GPU latency: 0.0283936 ms - Host latency: 0.0283936 ms (enqueue 0.0020752 ms)
[08/27/2026-12:21:55] [I] Average on 10 runs - GPU latency: 0.028418 ms - Host latency: 0.028418 ms (enqueue 0.00202637 ms)
[08/27/2026-12:21:55] [I] Average on 10 runs - GPU latency: 0.0283691 ms - Host latency: 0.0283691 ms (enqueue 0.0020752 ms)
[08/27/2026-12:21:55] [I] Average on 10 runs - GPU latency: 0.0283936 ms - Host latency: 0.0283936 ms (enqueue 0.00209961 ms)
[08/27/2026-12:21:55] [I] Average on 10 runs - GPU latency: 0.0283447 ms - Host latency: 0.0283447 ms (enqueue 0.00197754 ms)
[08/27/2026-12:21:55] [I] Average on 10 runs - GPU latency: 0.0285156 ms - Host latency: 0.0285156 ms (enqueue 0.0020752 ms)
[08/27/2026-12:21:55] [I] Average on 10 runs - GPU latency: 0.0282959 ms - Host latency: 0.0282959 ms (enqueue 0.00209961 ms)
[08/27/2026-12:21:55] [I] Average on 10 runs - GPU latency: 0.028418 ms - Host latency: 0.028418 ms (enqueue 0.00205078 ms)
[08/27/2026-12:21:55] [I] Average on 10 runs - GPU latency: 0.028418 ms - Host latency: 0.028418 ms (enqueue 0.00212402 ms)
[08/27/2026-12:21:55] [I] Average on 10 runs - GPU latency: 0.0284668 ms - Host latency: 0.0284668 ms (enqueue 0.00202637 ms)
[08/27/2026-12:21:55] [I] Average on 10 runs - GPU latency: 0.028418 ms - Host latency: 0.028418 ms (enqueue 0.00202637 ms)
[08/27/2026-12:21:55] [I] Average on 10 runs - GPU latency: 0.0283936 ms - Host latency: 0.0283936 ms (enqueue 0.0020752 ms)
[08/27/2026-12:21:55] [I] Average on 10 runs - GPU latency: 0.0283691 ms - Host latency: 0.0283691 ms (enqueue 0.00209961 ms)
[08/27/2026-12:21:55] [I] Average on 10 runs - GPU latency: 0.0282959 ms - Host latency: 0.0282959 ms (enqueue 0.00214844 ms)
[08/27/2026-12:21:55] [I] Average on 10 runs - GPU latency: 0.0284424 ms - Host latency: 0.0284424 ms (enqueue 0.00205078 ms)
[08/27/2026-12:21:55] [I] Average on 10 runs - GPU latency: 0.0283691 ms - Host latency: 0.0283691 ms (enqueue 0.00209961 ms)
[08/27/2026-12:21:55] [I] Average on 10 runs - GPU latency: 0.0283447 ms - Host latency: 0.0283447 ms (enqueue 0.00214844 ms)
[08/27/2026-12:21:55] [I] Average on 10 runs - GPU latency: 0.0283203 ms - Host latency: 0.0283203 ms (enqueue 0.0020752 ms)
[08/27/2026-12:21:55] [I] Average on 10 runs - GPU latency: 0.0283203 ms - Host latency: 0.0283203 ms (enqueue 0.00214844 ms)
[08/27/2026-12:21:55] [I] Average on 10 runs - GPU latency: 0.0283691 ms - Host latency: 0.0283691 ms (enqueue 0.00202637 ms)
[08/27/2026-12:21:55] [I] Average on 10 runs - GPU latency: 0.028418 ms - Host latency: 0.028418 ms (enqueue 0.00197754 ms)
[08/27/2026-12:21:55] [I] Average on 10 runs - GPU latency: 0.0283936 ms - Host latency: 0.0283936 ms (enqueue 0.00209961 ms)
[08/27/2026-12:21:55] [I] Average on 10 runs - GPU latency: 0.0284912 ms - Host latency: 0.0284912 ms (enqueue 0.00209961 ms)
[08/27/2026-12:21:55] [I] Average on 10 runs - GPU latency: 0.0283447 ms - Host latency: 0.0283447 ms (enqueue 0.00209961 ms)
[08/27/2026-12:21:55] [I] Average on 10 runs - GPU latency: 0.0283203 ms - Host latency: 0.0283203 ms (enqueue 0.00202637 ms)
[08/27/2026-12:21:55] [I] Average on 10 runs - GPU latency: 0.028418 ms - Host latency: 0.028418 ms (enqueue 0.00209961 ms)
[08/27/2026-12:21:55] [I] Average on 10 runs - GPU latency: 0.0283936 ms - Host latency: 0.0283936 ms (enqueue 0.0020752 ms)
[08/27/2026-12:21:55] [I] Average on 10 runs - GPU latency: 0.028418 ms - Host latency: 0.028418 ms (enqueue 0.00202637 ms)
[08/27/2026-12:21:55] [I] Average on 10 runs - GPU latency: 0.0283691 ms - Host latency: 0.0283691 ms (enqueue 0.0020752 ms)
[08/27/2026-12:21:55] [I] Average on 10 runs - GPU latency: 0.028418 ms - Host latency: 0.028418 ms (enqueue 0.00212402 ms)
[08/27/2026-12:21:55] [I] Average on 10 runs - GPU latency: 0.0283936 ms - Host latency: 0.0283936 ms (enqueue 0.00197754 ms)
[08/27/2026-12:21:55] [I] Average on 10 runs - GPU latency: 0.0283691 ms - Host latency: 0.0283691 ms (enqueue 0.0020752 ms)
[08/27/2026-12:21:55] [I] Average on 10 runs - GPU latency: 0.0286377 ms - Host latency: 0.0286377 ms (enqueue 0.00205078 ms)
[08/27/2026-12:21:55] [I] Average on 10 runs - GPU latency: 0.0283936 ms - Host latency: 0.0283936 ms (enqueue 0.00200195 ms)
[08/27/2026-12:21:55] [I] Average on 10 runs - GPU latency: 0.0283447 ms - Host latency: 0.0283447 ms (enqueue 0.0020752 ms)
[08/27/2026-12:21:55] [I] Average on 10 runs - GPU latency: 0.0283691 ms - Host latency: 0.0283691 ms (enqueue 0.00202637 ms)
[08/27/2026-12:21:55] [I] Average on 10 runs - GPU latency: 0.0284668 ms - Host latency: 0.0284668 ms (enqueue 0.00205078 ms)
[08/27/2026-12:21:55] [I] Average on 10 runs - GPU latency: 0.0283936 ms - Host latency: 0.0283936 ms (enqueue 0.00205078 ms)
[08/27/2026-12:21:55] [I] Average on 10 runs - GPU latency: 0.0283447 ms - Host latency: 0.0283447 ms (enqueue 0.0020752 ms)
[08/27/2026-12:21:55] [I] Average on 10 runs - GPU latency: 0.0284668 ms - Host latency: 0.0284668 ms (enqueue 0.00202637 ms)
[08/27/2026-12:21:55] [I] Average on 10 runs - GPU latency: 0.0283447 ms - Host latency: 0.0283447 ms (enqueue 0.00214844 ms)
[08/27/2026-12:21:55] [I] Average on 10 runs - GPU latency: 0.0283447 ms - Host latency: 0.0283447 ms (enqueue 0.0020752 ms)
[08/27/2026-12:21:55] [I] Average on 10 runs - GPU latency: 0.0284424 ms - Host latency: 0.0284424 ms (enqueue 0.00212402 ms)
[08/27/2026-12:21:55] [I] Average on 10 runs - GPU latency: 0.0284424 ms - Host latency: 0.0284424 ms (enqueue 0.00205078 ms)
[08/27/2026-12:21:55] [I] Average on 10 runs - GPU latency: 0.0283691 ms - Host latency: 0.0283691 ms (enqueue 0.0020752 ms)
[08/27/2026-12:21:55] [I] Average on 10 runs - GPU latency: 0.0284668 ms - Host latency: 0.0284668 ms (enqueue 0.00214844 ms)
[08/27/2026-12:21:55] [I] Average on 10 runs - GPU latency: 0.028418 ms - Host latency: 0.028418 ms (enqueue 0.00209961 ms)
[08/27/2026-12:21:55] [I] Average on 10 runs - GPU latency: 0.028418 ms - Host latency: 0.028418 ms (enqueue 0.00217285 ms)
[08/27/2026-12:21:55] [I] Average on 10 runs - GPU latency: 0.0283691 ms - Host latency: 0.0283691 ms (enqueue 0.00219727 ms)
[08/27/2026-12:21:55] [I] Average on 10 runs - GPU latency: 0.0283936 ms - Host latency: 0.0283936 ms (enqueue 0.00202637 ms)
[08/27/2026-12:21:55] [I] Average on 10 runs - GPU latency: 0.0283936 ms - Host latency: 0.0283936 ms (enqueue 0.00214844 ms)
[08/27/2026-12:21:55] [I] Average on 10 runs - GPU latency: 0.0283447 ms - Host latency: 0.0283447 ms (enqueue 0.00212402 ms)
[08/27/2026-12:21:55] [I] Average on 10 runs - GPU latency: 0.0283447 ms - Host latency: 0.0283447 ms (enqueue 0.00214844 ms)
[08/27/2026-12:21:55] [I] Average on 10 runs - GPU latency: 0.028418 ms - Host latency: 0.028418 ms (enqueue 0.00202637 ms)
[08/27/2026-12:21:55] [I] Average on 10 runs - GPU latency: 0.0284424 ms - Host latency: 0.0284424 ms (enqueue 0.00214844 ms)
[08/27/2026-12:21:55] [I] Average on 10 runs - GPU latency: 0.0282959 ms - Host latency: 0.0282959 ms (enqueue 0.0020752 ms)
[08/27/2026-12:21:55] [I] Average on 10 runs - GPU latency: 0.0284424 ms - Host latency: 0.0284424 ms (enqueue 0.00214844 ms)
[08/27/2026-12:21:55] [I] Average on 10 runs - GPU latency: 0.0283691 ms - Host latency: 0.0283691 ms (enqueue 0.00209961 ms)
[08/27/2026-12:21:55] [I] Average on 10 runs - GPU latency: 0.028418 ms - Host latency: 0.028418 ms (enqueue 0.00209961 ms)
[08/27/2026-12:21:55] [I] Average on 10 runs - GPU latency: 0.0284424 ms - Host latency: 0.0284424 ms (enqueue 0.00200195 ms)
[08/27/2026-12:21:55] [I] Average on 10 runs - GPU latency: 0.0284424 ms - Host latency: 0.0284424 ms (enqueue 0.0020752 ms)
[08/27/2026-12:21:55] [I] Average on 10 runs - GPU latency: 0.0284424 ms - Host latency: 0.0284424 ms (enqueue 0.00205078 ms)
[08/27/2026-12:21:55] [I] Average on 10 runs - GPU latency: 0.028418 ms - Host latency: 0.028418 ms (enqueue 0.00253906 ms)
[08/27/2026-12:21:55] [I] Average on 10 runs - GPU latency: 0.0283203 ms - Host latency: 0.0283203 ms (enqueue 0.00202637 ms)
[08/27/2026-12:21:55] [I] Average on 10 runs - GPU latency: 0.028418 ms - Host latency: 0.028418 ms (enqueue 0.00205078 ms)
[08/27/2026-12:21:55] [I] Average on 10 runs - GPU latency: 0.0282959 ms - Host latency: 0.0282959 ms (enqueue 0.0020752 ms)
[08/27/2026-12:21:55] [I] Average on 10 runs - GPU latency: 0.0283447 ms - Host latency: 0.0283447 ms (enqueue 0.0020752 ms)
[08/27/2026-12:21:55] [I] Average on 10 runs - GPU latency: 0.0283691 ms - Host latency: 0.0283691 ms (enqueue 0.0020752 ms)
[08/27/2026-12:21:55] [I] Average on 10 runs - GPU latency: 0.0283691 ms - Host latency: 0.0283691 ms (enqueue 0.00212402 ms)
[08/27/2026-12:21:55] [I] Average on 10 runs - GPU latency: 0.028418 ms - Host latency: 0.028418 ms (enqueue 0.00205078 ms)
[08/27/2026-12:21:55] [I] Average on 10 runs - GPU latency: 0.0283447 ms - Host latency: 0.0283447 ms (enqueue 0.00205078 ms)
[08/27/2026-12:21:55] [I] Average on 10 runs - GPU latency: 0.0283447 ms - Host latency: 0.0283447 ms (enqueue 0.00217285 ms)
[08/27/2026-12:21:55] [I] Average on 10 runs - GPU latency: 0.02854 ms - Host latency: 0.02854 ms (enqueue 0.00219727 ms)
[08/27/2026-12:21:55] [I] Average on 10 runs - GPU latency: 0.0283691 ms - Host latency: 0.0283691 ms (enqueue 0.00200195 ms)
[08/27/2026-12:21:55] [I] Average on 10 runs - GPU latency: 0.0282959 ms - Host latency: 0.0282959 ms (enqueue 0.00205078 ms)
[08/27/2026-12:21:55] [I] Average on 10 runs - GPU latency: 0.0294678 ms - Host latency: 0.0294678 ms (enqueue 0.00351562 ms)
[08/27/2026-12:21:55] [I] Average on 10 runs - GPU latency: 0.0283936 ms - Host latency: 0.0283936 ms (enqueue 0.00209961 ms)
[08/27/2026-12:21:55] [I]
[08/27/2026-12:21:55] [I] === Performance summary ===
[08/27/2026-12:21:55] [I] Throughput: 33524.7 qps
[08/27/2026-12:21:55] [I] Latency: min = 0.0280762 ms, max = 0.0492554 ms, mean = 0.028372 ms, median = 0.0283203 ms, percentile(90%) = 0.0285645 ms, percentile(95%) = 0.0285645 ms, percentile(99%) = 0.0288086 ms
[08/27/2026-12:21:55] [I] Enqueue Time: min = 0.00158691 ms, max = 0.0298462 ms, mean = 0.00200959 ms, median = 0.00195312 ms, percentile(90%) = 0.00219727 ms, percentile(95%) = 0.00219727 ms, percentile(99%) = 0.00244141 ms
[08/27/2026-12:21:55] [I] H2D Latency: min = 0 ms, max = 0 ms, mean = 0 ms, median = 0 ms, percentile(90%) = 0 ms, percentile(95%) = 0 ms, percentile(99%) = 0 ms
[08/27/2026-12:21:55] [I] GPU Compute Time: min = 0.0280762 ms, max = 0.0492554 ms, mean = 0.028372 ms, median = 0.0283203 ms, percentile(90%) = 0.0285645 ms, percentile(95%) = 0.0285645 ms, percentile(99%) = 0.0288086 ms
[08/27/2026-12:21:55] [I] D2H Latency: min = 0 ms, max = 0 ms, mean = 0 ms, median = 0 ms, percentile(90%) = 0 ms, percentile(95%) = 0 ms, percentile(99%) = 0 ms
[08/27/2026-12:21:55] [I] Total Host Walltime: 3.00006 s
[08/27/2026-12:21:55] [I] Total GPU Compute Time: 2.85354 s
[08/27/2026-12:21:55] [I] Explanations of the performance metrics are printed in the verbose logs.
[08/27/2026-12:21:55] [I]
&&&& PASSED TensorRT.trtexec [TensorRT v110100] [b106] # trtexec --onnx=/work/trt-samples-for-hackathon-cn-wili/cookbook/00-Data/model/model-trained.onnx --setBuildRoute=-conv_lowering=off -kgen:tiling=2 --saveEngine=/tmp/trtexec_tuning_79287_iterphase1_3.plan --tuningResultFile=/tmp/trtexec_tuning_79287_iter3.json
&&&& TASK_END [iter=3] BuildRoute = '-conv_lowering=off -kgen:tiling=2'

[08/27/2026-12:21:55] [I] Best iteration: -conv_lowering=off -kgen:tiling=2 (gpu_time_ms=0.0283833)
[08/27/2026-12:21:55] [I] Tuning summary: 4 / 4 iterations succeeded.
&&&& PASSED TensorRT.trtexec [TensorRT v110100] [b106] # trtexec --onnx=/work/trt-samples-for-hackathon-cn-wili/cookbook/00-Data/model/model-trained.onnx --tuneBuildRoutes=-conv_lowering=[on|off] -kgen:tiling=[0|1|2] --tuningSearch=fast --tuningCacheFile=./model-trained.TuningCache.json --tuningTimeOut=300 --saveEngine=model-trained-tuned.trt
tuner_version=2.19.45, search=fast, expression=-conv_lowering=[on|off] -kgen:tiling=[0|1|2]
default build route has 209 knobs
  iter 0: gpu_time=28.7771 us  route='-conv_lowering=on -kgen:tiling=2'
  iter 1: gpu_time=28.4928 us  route='-conv_lowering=on -kgen:tiling=0'
  iter 2: gpu_time=28.4010 us  route='-conv_lowering=on -kgen:tiling=1'
  iter 3: gpu_time=28.3833 us  route='-conv_lowering=off -kgen:tiling=2' <- best
spread between best and worst route: 1.39%
