&&&& RUNNING TensorRT.trtexec [TensorRT v110000] [b114] # trtexec --onnx=/work/trt-samples-for-hackathon-cn/cookbook/00-Data/model/model-trained.onnx --saveEngine=model-trained.trt --timingCacheFile=model-trained.TimingCache --minShapes=x:1x1x28x28 --optShapes=x:4x1x28x28 --maxShapes=x:16x1x28x28 --noTF32 --memPoolSize=workspace:1024MiB --builderOptimizationLevel=5 --maxAuxStreams=4 --skipInference --verbose
[07/22/2026-00:57:44] [I] === Model Options ===
[07/22/2026-00:57:44] [I] Format: ONNX
[07/22/2026-00:57:44] [I] Model: /work/trt-samples-for-hackathon-cn/cookbook/00-Data/model/model-trained.onnx
[07/22/2026-00:57:44] [I] Output:
[07/22/2026-00:57:44] [I] === Build Options ===
[07/22/2026-00:57:44] [I] Memory Pools: workspace: 0.000976562 MiB, dlaSRAM: default, dlaLocalDRAM: default, dlaGlobalDRAM: default, tacticSharedMem: default
[07/22/2026-00:57:44] [I] avgTiming: 8
[07/22/2026-00:57:44] [I] Precision: Strongly Typed
[07/22/2026-00:57:44] [I] Layer Device Types: 
[07/22/2026-00:57:44] [I] Decomposable Attentions: 
[07/22/2026-00:57:44] [I] Refit: Disabled
[07/22/2026-00:57:44] [I] Strip weights: Disabled
[07/22/2026-00:57:44] [I] Version Compatible: Disabled
[07/22/2026-00:57:44] [I] ONNX Plugin InstanceNorm: Disabled
[07/22/2026-00:57:44] [I] ONNX kENABLE_UINT8_AND_ASYMMETRIC_QUANTIZATION_DLA flag: Disabled
[07/22/2026-00:57:44] [I] ONNX kREPORT_CAPABILITY_DLA flag: Disabled
[07/22/2026-00:57:44] [I] ONNX kADJUST_FOR_DLA flag: Disabled
[07/22/2026-00:57:44] [I] ONNX kENABLE_PLUGIN_OVERRIDE flag: Disabled
[07/22/2026-00:57:44] [I] TensorRT runtime: full
[07/22/2026-00:57:44] [I] Lean DLL Path: 
[07/22/2026-00:57:44] [I] Tempfile Controls: { in_memory: allow, temporary: allow }
[07/22/2026-00:57:44] [I] Exclude Lean Runtime: Disabled
[07/22/2026-00:57:44] [I] Sparsity: Disabled
[07/22/2026-00:57:44] [I] Safe mode: Disabled
[07/22/2026-00:57:44] [I] Build DLA standalone loadable: Disabled
[07/22/2026-00:57:44] [I] Allow GPU fallback for DLA: Disabled
[07/22/2026-00:57:44] [I] DirectIO mode: Disabled
[07/22/2026-00:57:44] [I] Skip inference: Enabled
[07/22/2026-00:57:44] [I] Save engine: model-trained.trt
[07/22/2026-00:57:44] [I] Load engine: 
[07/22/2026-00:57:44] [I] Profiling verbosity: 0
[07/22/2026-00:57:44] [I] Tactic sources: Using default tactic sources
[07/22/2026-00:57:44] [I] timingCacheMode: global
[07/22/2026-00:57:44] [I] timingCacheFile: model-trained.TimingCache
[07/22/2026-00:57:44] [I] Enable Compilation Cache: Enabled
[07/22/2026-00:57:44] [I] Enable Monitor Memory: Disabled
[07/22/2026-00:57:44] [I] CPU Only Mode: Disabled
[07/22/2026-00:57:44] [I] errorOnTimingCacheMiss: Disabled
[07/22/2026-00:57:44] [I] Preview Features: Use default preview flags.
[07/22/2026-00:57:44] [I] MaxAuxStreams: 4
[07/22/2026-00:57:44] [I] BuilderOptimizationLevel: 5
[07/22/2026-00:57:44] [I] MaxTactics: -1
[07/22/2026-00:57:44] [I] Weight Streaming: Disabled
[07/22/2026-00:57:44] [I] Runtime Platform: Same As Build
[07/22/2026-00:57:44] [I] Debug Tensors: 
[07/22/2026-00:57:44] [I] Distributive Independence: Disabled
[07/22/2026-00:57:44] [I] Mark Unfused Tensors As Debug Tensors: Disabled
[07/22/2026-00:57:44] [I] Input(s)s format: CHW
[07/22/2026-00:57:44] [I] Output(s)s format: CHW
[07/22/2026-00:57:44] [I] Input build shape (profile 0): x=1x1x28x28+4x1x28x28+16x1x28x28
[07/22/2026-00:57:44] [I] === System Options ===
[07/22/2026-00:57:44] [I] Device: 0
[07/22/2026-00:57:44] [I] DLACore: 
[07/22/2026-00:57:44] [I] Loaded static plugins:
[07/22/2026-00:57:44] [I] setPluginsToSerialize:
[07/22/2026-00:57:44] [I] dynamicPlugins:
[07/22/2026-00:57:44] [I] ignoreParsedPluginLibs: 0
[07/22/2026-00:57:44] [I] 
[07/22/2026-00:57:44] [I] === Inference Options ===
[07/22/2026-00:57:44] [I] Batch: Explicit
[07/22/2026-00:57:44] [I] Input inference shape : x=4x1x28x28
[07/22/2026-00:57:44] [I] Iterations: 10
[07/22/2026-00:57:44] [I] Duration: 3s (+ 200ms warm up)
[07/22/2026-00:57:44] [I] Sleep time: 0ms
[07/22/2026-00:57:44] [I] Idle time: 0ms
[07/22/2026-00:57:44] [I] Inference Streams: 1
[07/22/2026-00:57:44] [I] ExposeDMA: Disabled
[07/22/2026-00:57:44] [I] Data transfers: Disabled
[07/22/2026-00:57:44] [I] Spin-wait: Enabled
[07/22/2026-00:57:44] [I] Multithreading: Disabled
[07/22/2026-00:57:44] [I] CUDA Graph: Enabled
[07/22/2026-00:57:44] [I] Time Deserialize: Disabled
[07/22/2026-00:57:44] [I] Time Refit: Disabled
[07/22/2026-00:57:44] [I] NVTX verbosity: 0
[07/22/2026-00:57:44] [I] Persistent Cache Ratio: 0
[07/22/2026-00:57:44] [I] Optimization Profile Index: 0
[07/22/2026-00:57:44] [I] Weight Streaming Budget: 100.000000%
[07/22/2026-00:57:44] [I] Inputs:
[07/22/2026-00:57:44] [I] Debug Tensor Save Destinations:
[07/22/2026-00:57:44] [I] Dump All Debug Tensor in Formats: 
[07/22/2026-00:57:44] [I] === Reporting Options ===
[07/22/2026-00:57:44] [I] Verbose: Enabled
[07/22/2026-00:57:44] [I] Averages: 10 inferences
[07/22/2026-00:57:44] [I] Percentiles: 90,95,99
[07/22/2026-00:57:44] [I] Dump refittable layers:Disabled
[07/22/2026-00:57:44] [I] Dump output: Disabled
[07/22/2026-00:57:44] [I] Profile: Disabled
[07/22/2026-00:57:44] [I] Export timing to JSON file: 
[07/22/2026-00:57:44] [I] Export output to JSON file: 
[07/22/2026-00:57:44] [I] Export profile to JSON file: 
[07/22/2026-00:57:44] [I] 
[07/22/2026-00:57:44] [I] === Device Information ===
[07/22/2026-00:57:45] [I] Available Devices: 
[07/22/2026-00:57:45] [I]   Device 0: "NVIDIA B200" UUID: GPU-9981c060-f42d-322d-04c6-c5e6c3adfe98
[07/22/2026-00:57:45] [I]   Device 1: "NVIDIA B200" UUID: GPU-3bec38ee-7c61-37c0-2c6b-a79e74fb69a3
[07/22/2026-00:57:45] [I]   Device 2: "NVIDIA B200" UUID: GPU-81eddf3c-ebe4-ac1c-9efa-8e6eb0650af6
[07/22/2026-00:57:45] [I]   Device 3: "NVIDIA B200" UUID: GPU-a1fe1032-f9c5-5051-43d7-f3a910796e4e
[07/22/2026-00:57:45] [I] Selected Device: NVIDIA B200
[07/22/2026-00:57:45] [I] Selected Device ID: 0
[07/22/2026-00:57:45] [I] Selected Device UUID: GPU-9981c060-f42d-322d-04c6-c5e6c3adfe98
[07/22/2026-00:57:45] [I] Compute Capability: 10.0
[07/22/2026-00:57:45] [I] SMs: 148
[07/22/2026-00:57:45] [I] Device Global Memory: 182624 MiB
[07/22/2026-00:57:45] [I] Shared Memory per SM: 228 KiB
[07/22/2026-00:57:45] [I] Memory Bus Width: 7680 bits (ECC enabled)
[07/22/2026-00:57:45] [I] Application Compute Clock Rate: 1.965 GHz
[07/22/2026-00:57:45] [I] Application Memory Clock Rate: 3.996 GHz
[07/22/2026-00:57:45] [I] 
[07/22/2026-00:57:45] [I] Note: The application clock rates do not reflect the actual clock rates that the GPU is currently running at.
[07/22/2026-00:57:45] [I] 
[07/22/2026-00:57:45] [I] TensorRT version: 11.0.0
[07/22/2026-00:57:45] [I] Loading standard plugins
[07/22/2026-00:57:45] [V] [TRT] Registered plugin creator - ::ROIAlign_TRT version 2
[07/22/2026-00:57:45] [V] [TRT] Registered plugin creator - ::CropAndResizeDynamic version 2
[07/22/2026-00:57:45] [V] [TRT] Registered plugin creator - ::InstanceNormalization_TRT version 3
[07/22/2026-00:57:45] [V] [TRT] Registered plugin creator - ::ScatterElements version 2
[07/22/2026-00:57:45] [V] [TRT] Registered plugin creator - ::MultiscaleDeformableAttnPlugin_TRT version 2
[07/22/2026-00:57:45] [V] [TRT] Registered plugin creator - ::ModulatedDeformConv2d version 2
[07/22/2026-00:57:45] [V] [TRT] Registered plugin creator - ::DecodeBbox3DPlugin version 1
[07/22/2026-00:57:45] [V] [TRT] Registered plugin creator - ::DetectionLayer_TRT version 1
[07/22/2026-00:57:45] [V] [TRT] Registered plugin creator - ::EfficientNMS_Explicit_TF_TRT version 1
[07/22/2026-00:57:45] [V] [TRT] Registered plugin creator - ::EfficientNMS_Implicit_TF_TRT version 1
[07/22/2026-00:57:45] [V] [TRT] Registered plugin creator - ::EfficientNMS_TRT version 1
[07/22/2026-00:57:45] [V] [TRT] Registered plugin creator - ::FlattenConcat_TRT version 1
[07/22/2026-00:57:45] [V] [TRT] Registered plugin creator - ::GenerateDetection_TRT version 1
[07/22/2026-00:57:45] [V] [TRT] Registered plugin creator - ::GridAnchor_TRT version 1
[07/22/2026-00:57:45] [V] [TRT] Registered plugin creator - ::GridAnchorRect_TRT version 1
[07/22/2026-00:57:45] [V] [TRT] Registered plugin creator - ::InstanceNormalization_TRT version 1
[07/22/2026-00:57:45] [V] [TRT] Registered plugin creator - ::InstanceNormalization_TRT version 2
[07/22/2026-00:57:45] [V] [TRT] Registered plugin creator - ::ModulatedDeformConv2d version 1
[07/22/2026-00:57:45] [V] [TRT] Registered plugin creator - ::MultilevelCropAndResize_TRT version 1
[07/22/2026-00:57:45] [V] [TRT] Registered plugin creator - ::MultilevelProposeROI_TRT version 1
[07/22/2026-00:57:45] [V] [TRT] Registered plugin creator - ::MultiscaleDeformableAttnPlugin_TRT version 1
[07/22/2026-00:57:45] [V] [TRT] Registered plugin creator - ::PillarScatterPlugin version 1
[07/22/2026-00:57:45] [V] [TRT] Registered plugin creator - ::PriorBox_TRT version 1
[07/22/2026-00:57:45] [V] [TRT] Registered plugin creator - ::ProposalLayer_TRT version 1
[07/22/2026-00:57:45] [V] [TRT] Registered plugin creator - ::PyramidROIAlign_TRT version 1
[07/22/2026-00:57:45] [V] [TRT] Registered plugin creator - ::Region_TRT version 1
[07/22/2026-00:57:45] [V] [TRT] Registered plugin creator - ::Reorg_TRT version 2
[07/22/2026-00:57:45] [V] [TRT] Registered plugin creator - ::Reorg_TRT version 1
[07/22/2026-00:57:45] [V] [TRT] Registered plugin creator - ::ResizeNearest_TRT version 1
[07/22/2026-00:57:45] [V] [TRT] Registered plugin creator - ::ROIAlign_TRT version 1
[07/22/2026-00:57:45] [V] [TRT] Registered plugin creator - ::RPROI_TRT version 1
[07/22/2026-00:57:45] [V] [TRT] Registered plugin creator - ::ScatterElements version 1
[07/22/2026-00:57:45] [V] [TRT] Registered plugin creator - ::ScatterND version 1
[07/22/2026-00:57:45] [V] [TRT] Registered plugin creator - ::TopkLastDim version 1
[07/22/2026-00:57:45] [V] [TRT] Registered plugin creator - ::VoxelGeneratorPlugin version 1
[07/22/2026-00:57:45] [I] [TRT] [MemUsageChange] Init CUDA: CPU +0, GPU +0, now: CPU 59, GPU 627 (MiB)
[07/22/2026-00:57:45] [V] [TRT] Trying to load shared library libnvinfer_builder_resource_sm100.so.11.0.0
[07/22/2026-00:57:45] [V] [TRT] Loaded shared library libnvinfer_builder_resource_sm100.so.11.0.0
[07/22/2026-00:57:45] [V] [TRT] CUDA lazy loading is enabled.
[07/22/2026-00:57:45] [I] Start parsing network model.
[07/22/2026-00:57:46] [I] [TRT] ----------------------------------------------------------------
[07/22/2026-00:57:46] [I] [TRT] Input filename:   /work/trt-samples-for-hackathon-cn/cookbook/00-Data/model/model-trained.onnx
[07/22/2026-00:57:46] [I] [TRT] ONNX IR version:  0.0.10
[07/22/2026-00:57:46] [I] [TRT] Opset version:    18
[07/22/2026-00:57:46] [I] [TRT] Producer name:    pytorch
[07/22/2026-00:57:46] [I] [TRT] Producer version: 2.11.0a0+a6c236b9fd.nv26.03.46836102
[07/22/2026-00:57:46] [I] [TRT] Domain:           
[07/22/2026-00:57:46] [I] [TRT] Model version:    0
[07/22/2026-00:57:46] [I] [TRT] Doc string:       
[07/22/2026-00:57:46] [I] [TRT] ----------------------------------------------------------------
[07/22/2026-00:57:46] [V] [TRT] Adding network input: x with dtype: float32, dimensions: (-1, 1, 28, 28)
[07/22/2026-00:57:46] [V] [TRT] Registering tensor: x for ONNX tensor: x
[07/22/2026-00:57:46] [V] [TRT] Importing initializer: conv1.weight
[07/22/2026-00:57:46] [V] [TRT] Importing initializer: conv1.bias
[07/22/2026-00:57:46] [V] [TRT] Importing initializer: conv2.weight
[07/22/2026-00:57:46] [V] [TRT] Importing initializer: conv2.bias
[07/22/2026-00:57:46] [V] [TRT] Importing initializer: gemm1.weight
[07/22/2026-00:57:46] [V] [TRT] Importing initializer: gemm1.bias
[07/22/2026-00:57:46] [V] [TRT] Importing initializer: gemm2.weight
[07/22/2026-00:57:46] [V] [TRT] Importing initializer: gemm2.bias
[07/22/2026-00:57:46] [V] [TRT] Importing initializer: val_5
[07/22/2026-00:57:46] [V] [TRT] Static check for parsing node: node_conv2d [Conv]
[07/22/2026-00:57:46] [V] [TRT] Parsing node: node_conv2d [Conv]
[07/22/2026-00:57:46] [V] [TRT] Searching for input: x
[07/22/2026-00:57:46] [V] [TRT] Searching for input: conv1.weight
[07/22/2026-00:57:46] [V] [TRT] Searching for input: conv1.bias
[07/22/2026-00:57:46] [V] [TRT] node_conv2d [Conv] inputs: [x -> (-1, 1, 28, 28)[FLOAT]], [conv1.weight -> (32, 1, 5, 5)[FLOAT]], [conv1.bias -> (32)[FLOAT]], 
[07/22/2026-00:57:46] [V] [TRT] Convolution input dimensions: (-1, 1, 28, 28)
[07/22/2026-00:57:46] [V] [TRT] Registering layer: node_conv2d for ONNX node: node_conv2d
[07/22/2026-00:57:46] [V] [TRT] Using kernel: (5, 5), strides: (1, 1), prepadding: (2, 2), postpadding: (2, 2), dilations: (1, 1), numOutputs: 32, nbGroups: 1
[07/22/2026-00:57:46] [V] [TRT] Convolution output dimensions: (-1, 32, 28, 28)
[07/22/2026-00:57:46] [V] [TRT] Registering tensor: conv2d for ONNX tensor: conv2d
[07/22/2026-00:57:46] [V] [TRT] node_conv2d [Conv] outputs: [conv2d -> (-1, 32, 28, 28)[FLOAT]], 
[07/22/2026-00:57:46] [V] [TRT] Static check for parsing node: node_relu [Relu]
[07/22/2026-00:57:46] [V] [TRT] Parsing node: node_relu [Relu]
[07/22/2026-00:57:46] [V] [TRT] Searching for input: conv2d
[07/22/2026-00:57:46] [V] [TRT] node_relu [Relu] inputs: [conv2d -> (-1, 32, 28, 28)[FLOAT]], 
[07/22/2026-00:57:46] [V] [TRT] Registering layer: node_relu for ONNX node: node_relu
[07/22/2026-00:57:46] [V] [TRT] Registering tensor: relu for ONNX tensor: relu
[07/22/2026-00:57:46] [V] [TRT] node_relu [Relu] outputs: [relu -> (-1, 32, 28, 28)[FLOAT]], 
[07/22/2026-00:57:46] [V] [TRT] Static check for parsing node: node_max_pool2d [MaxPool]
[07/22/2026-00:57:46] [V] [TRT] Parsing node: node_max_pool2d [MaxPool]
[07/22/2026-00:57:46] [V] [TRT] Searching for input: relu
[07/22/2026-00:57:46] [V] [TRT] node_max_pool2d [MaxPool] inputs: [relu -> (-1, 32, 28, 28)[FLOAT]], 
[07/22/2026-00:57:46] [V] [TRT] Registering layer: node_max_pool2d for ONNX node: node_max_pool2d
[07/22/2026-00:57:46] [V] [TRT] Registering tensor: max_pool2d for ONNX tensor: max_pool2d
[07/22/2026-00:57:46] [V] [TRT] node_max_pool2d [MaxPool] outputs: [max_pool2d -> (-1, 32, 14, 14)[FLOAT]], 
[07/22/2026-00:57:46] [V] [TRT] Static check for parsing node: node_conv2d_1 [Conv]
[07/22/2026-00:57:46] [V] [TRT] Parsing node: node_conv2d_1 [Conv]
[07/22/2026-00:57:46] [V] [TRT] Searching for input: max_pool2d
[07/22/2026-00:57:46] [V] [TRT] Searching for input: conv2.weight
[07/22/2026-00:57:46] [V] [TRT] Searching for input: conv2.bias
[07/22/2026-00:57:46] [V] [TRT] node_conv2d_1 [Conv] inputs: [max_pool2d -> (-1, 32, 14, 14)[FLOAT]], [conv2.weight -> (64, 32, 5, 5)[FLOAT]], [conv2.bias -> (64)[FLOAT]], 
[07/22/2026-00:57:46] [V] [TRT] Convolution input dimensions: (-1, 32, 14, 14)
[07/22/2026-00:57:46] [V] [TRT] Registering layer: node_conv2d_1 for ONNX node: node_conv2d_1
[07/22/2026-00:57:46] [V] [TRT] Using kernel: (5, 5), strides: (1, 1), prepadding: (2, 2), postpadding: (2, 2), dilations: (1, 1), numOutputs: 64, nbGroups: 1
[07/22/2026-00:57:46] [V] [TRT] Convolution output dimensions: (-1, 64, 14, 14)
[07/22/2026-00:57:46] [V] [TRT] Registering tensor: conv2d_1 for ONNX tensor: conv2d_1
[07/22/2026-00:57:46] [V] [TRT] node_conv2d_1 [Conv] outputs: [conv2d_1 -> (-1, 64, 14, 14)[FLOAT]], 
[07/22/2026-00:57:46] [V] [TRT] Static check for parsing node: node_relu_1 [Relu]
[07/22/2026-00:57:46] [V] [TRT] Parsing node: node_relu_1 [Relu]
[07/22/2026-00:57:46] [V] [TRT] Searching for input: conv2d_1
[07/22/2026-00:57:46] [V] [TRT] node_relu_1 [Relu] inputs: [conv2d_1 -> (-1, 64, 14, 14)[FLOAT]], 
[07/22/2026-00:57:46] [V] [TRT] Registering layer: node_relu_1 for ONNX node: node_relu_1
[07/22/2026-00:57:46] [V] [TRT] Registering tensor: relu_1 for ONNX tensor: relu_1
[07/22/2026-00:57:46] [V] [TRT] node_relu_1 [Relu] outputs: [relu_1 -> (-1, 64, 14, 14)[FLOAT]], 
[07/22/2026-00:57:46] [V] [TRT] Static check for parsing node: node_max_pool2d_1 [MaxPool]
[07/22/2026-00:57:46] [V] [TRT] Parsing node: node_max_pool2d_1 [MaxPool]
[07/22/2026-00:57:46] [V] [TRT] Searching for input: relu_1
[07/22/2026-00:57:46] [V] [TRT] node_max_pool2d_1 [MaxPool] inputs: [relu_1 -> (-1, 64, 14, 14)[FLOAT]], 
[07/22/2026-00:57:46] [V] [TRT] Registering layer: node_max_pool2d_1 for ONNX node: node_max_pool2d_1
[07/22/2026-00:57:46] [V] [TRT] Registering tensor: max_pool2d_1 for ONNX tensor: max_pool2d_1
[07/22/2026-00:57:46] [V] [TRT] node_max_pool2d_1 [MaxPool] outputs: [max_pool2d_1 -> (-1, 64, 7, 7)[FLOAT]], 
[07/22/2026-00:57:46] [V] [TRT] Static check for parsing node: node_view [Reshape]
[07/22/2026-00:57:46] [V] [TRT] Parsing node: node_view [Reshape]
[07/22/2026-00:57:46] [V] [TRT] Searching for input: max_pool2d_1
[07/22/2026-00:57:46] [V] [TRT] Searching for input: val_5
[07/22/2026-00:57:46] [V] [TRT] node_view [Reshape] inputs: [max_pool2d_1 -> (-1, 64, 7, 7)[FLOAT]], [val_5 -> (2)[INT64]], 
[07/22/2026-00:57:46] [V] [TRT] Registering layer: ONNXTRT_ShapeShuffle required by ONNX-TRT
[07/22/2026-00:57:46] [V] [TRT] Registering layer: node_view for ONNX node: node_view
[07/22/2026-00:57:46] [V] [TRT] Registering tensor: view for ONNX tensor: view
[07/22/2026-00:57:46] [V] [TRT] node_view [Reshape] outputs: [view -> (-1, 3136)[FLOAT]], 
[07/22/2026-00:57:46] [V] [TRT] Static check for parsing node: node_linear [Gemm]
[07/22/2026-00:57:46] [V] [TRT] Parsing node: node_linear [Gemm]
[07/22/2026-00:57:46] [V] [TRT] Searching for input: view
[07/22/2026-00:57:46] [V] [TRT] Searching for input: gemm1.weight
[07/22/2026-00:57:46] [V] [TRT] Searching for input: gemm1.bias
[07/22/2026-00:57:46] [V] [TRT] node_linear [Gemm] inputs: [view -> (-1, 3136)[FLOAT]], [gemm1.weight -> (1024, 3136)[FLOAT]], [gemm1.bias -> (1024)[FLOAT]], 
[07/22/2026-00:57:46] [V] [TRT] Registering layer: gemm1.weight required by ONNX-TRT
[07/22/2026-00:57:46] [V] [TRT] Using opA: 0 opB: 1
[07/22/2026-00:57:46] [V] [TRT] Registering layer: node_linear for ONNX node: node_linear
[07/22/2026-00:57:46] [V] [TRT] Registering layer: gemm1.bias required by ONNX-TRT
[07/22/2026-00:57:46] [V] [TRT] Registering layer: ONNXTRT_ShapeShuffle_0 required by ONNX-TRT
[07/22/2026-00:57:46] [V] [TRT] Registering layer: ONNXTRT_Broadcast required by ONNX-TRT
[07/22/2026-00:57:46] [V] [TRT] Registering layer: node_linear_1 for ONNX node: node_linear
[07/22/2026-00:57:46] [V] [TRT] Registering tensor: linear for ONNX tensor: linear
[07/22/2026-00:57:46] [V] [TRT] node_linear [Gemm] outputs: [linear -> (-1, 1024)[FLOAT]], 
[07/22/2026-00:57:46] [V] [TRT] Static check for parsing node: node_relu_2 [Relu]
[07/22/2026-00:57:46] [V] [TRT] Parsing node: node_relu_2 [Relu]
[07/22/2026-00:57:46] [V] [TRT] Searching for input: linear
[07/22/2026-00:57:46] [V] [TRT] node_relu_2 [Relu] inputs: [linear -> (-1, 1024)[FLOAT]], 
[07/22/2026-00:57:46] [V] [TRT] Registering layer: node_relu_2 for ONNX node: node_relu_2
[07/22/2026-00:57:46] [V] [TRT] Registering tensor: relu_2 for ONNX tensor: relu_2
[07/22/2026-00:57:46] [V] [TRT] node_relu_2 [Relu] outputs: [relu_2 -> (-1, 1024)[FLOAT]], 
[07/22/2026-00:57:46] [V] [TRT] Static check for parsing node: node_linear_1 [Gemm]
[07/22/2026-00:57:46] [V] [TRT] Parsing node: node_linear_1 [Gemm]
[07/22/2026-00:57:46] [V] [TRT] Searching for input: relu_2
[07/22/2026-00:57:46] [V] [TRT] Searching for input: gemm2.weight
[07/22/2026-00:57:46] [V] [TRT] Searching for input: gemm2.bias
[07/22/2026-00:57:46] [V] [TRT] node_linear_1 [Gemm] inputs: [relu_2 -> (-1, 1024)[FLOAT]], [gemm2.weight -> (10, 1024)[FLOAT]], [gemm2.bias -> (10)[FLOAT]], 
[07/22/2026-00:57:46] [V] [TRT] Registering layer: gemm2.weight required by ONNX-TRT
[07/22/2026-00:57:46] [V] [TRT] Using opA: 0 opB: 1
[07/22/2026-00:57:46] [V] [TRT] Registering layer: node_linear_1_2 for ONNX node: node_linear_1
[07/22/2026-00:57:46] [V] [TRT] Registering layer: gemm2.bias required by ONNX-TRT
[07/22/2026-00:57:46] [V] [TRT] Registering layer: ONNXTRT_ShapeShuffle_3 required by ONNX-TRT
[07/22/2026-00:57:46] [V] [TRT] Registering layer: ONNXTRT_Broadcast_4 required by ONNX-TRT
[07/22/2026-00:57:46] [V] [TRT] Registering layer: node_linear_1_5 for ONNX node: node_linear_1
[07/22/2026-00:57:46] [V] [TRT] Registering tensor: y_6 for ONNX tensor: y
[07/22/2026-00:57:46] [V] [TRT] node_linear_1 [Gemm] outputs: [y -> (-1, 10)[FLOAT]], 
[07/22/2026-00:57:46] [V] [TRT] Static check for parsing node: node_softmax [Softmax]
[07/22/2026-00:57:46] [V] [TRT] Parsing node: node_softmax [Softmax]
[07/22/2026-00:57:46] [V] [TRT] Searching for input: y
[07/22/2026-00:57:46] [V] [TRT] node_softmax [Softmax] inputs: [y -> (-1, 10)[FLOAT]], 
[07/22/2026-00:57:46] [V] [TRT] Registering layer: node_softmax for ONNX node: node_softmax
[07/22/2026-00:57:46] [V] [TRT] Registering layer: ONNXTRT_ShapeTensor required by ONNX-TRT
[07/22/2026-00:57:46] [V] [TRT] Registering layer: ONNXTRT_castHelper required by ONNX-TRT
[07/22/2026-00:57:46] [V] [TRT] Registering layer: ONNXTRT_ShapeShuffle_7 required by ONNX-TRT
[07/22/2026-00:57:46] [V] [TRT] Registering tensor: softmax for ONNX tensor: softmax
[07/22/2026-00:57:46] [V] [TRT] node_softmax [Softmax] outputs: [softmax -> (-1, 10)[FLOAT]], 
[07/22/2026-00:57:46] [V] [TRT] Static check for parsing node: node_argmax [ArgMax]
[07/22/2026-00:57:46] [V] [TRT] Parsing node: node_argmax [ArgMax]
[07/22/2026-00:57:46] [V] [TRT] Searching for input: softmax
[07/22/2026-00:57:46] [V] [TRT] node_argmax [ArgMax] inputs: [softmax -> (-1, 10)[FLOAT]], 
[07/22/2026-00:57:46] [V] [TRT] Registering layer: node_argmax for ONNX node: node_argmax
[07/22/2026-00:57:46] [V] [TRT] Registering layer: ONNXTRT_castHelper_8 required by ONNX-TRT
[07/22/2026-00:57:46] [V] [TRT] Original shape: (_, 1), squeezing to: (_,)
[07/22/2026-00:57:46] [V] [TRT] Registering layer: ONNXTRT_squeezeTensor required by ONNX-TRT
[07/22/2026-00:57:46] [V] [TRT] Registering layer: ONNXTRT_castHelper_9 required by ONNX-TRT
[07/22/2026-00:57:46] [V] [TRT] Registering tensor: z_10 for ONNX tensor: z
[07/22/2026-00:57:46] [V] [TRT] node_argmax [ArgMax] outputs: [z -> (-1)[INT64]], 
[07/22/2026-00:57:46] [V] [TRT] Marking y_6 as output: y
[07/22/2026-00:57:46] [V] [TRT] Marking z_10 as output: z
[07/22/2026-00:57:46] [W] [TRT] ModelImporter.cpp:1047: Make sure output z has Int64 binding.
[07/22/2026-00:57:46] [I] Finished parsing network model. Parse time: 0.028752
[07/22/2026-00:57:46] [I] Set shape of input tensor x for optimization profile 0 to: MIN=1x1x28x28 OPT=4x1x28x28 MAX=16x1x28x28
[07/22/2026-00:57:46] [V] [TRT] Trying to set exclusive file lock model-trained.TimingCache.lock

[07/22/2026-00:57:46] [W] [TRT] Could not read cache from: model-trained.TimingCache. A new cache will be generated and written.
[07/22/2026-00:57:46] [V] [TRT] Compiler backend convergence mode enabled
[07/22/2026-00:57:46] [I] [TRT] [MemUsageChange] Init builder kernel library: CPU +320, GPU +8, now: CPU 658, GPU 635 (MiB)
[07/22/2026-00:57:46] [V] [TRT] Original: 24 layers
[07/22/2026-00:57:46] [V] [TRT] After dead-layer removal: 24 layers
[07/22/2026-00:57:46] [V] [TRT] SYMBOLIC CHECKS
[07/22/2026-00:57:46] [V] [TRT] GRAPH NODES
[07/22/2026-00:57:46] [V] [TRT] CONSTANT gemm1.weight
[07/22/2026-00:57:46] [V] [TRT]     Output 0
[07/22/2026-00:57:46] [V] [TRT]         1024	1024
[07/22/2026-00:57:46] [V] [TRT]         3136	3136
[07/22/2026-00:57:46] [V] [TRT] CONSTANT gemm1.bias
[07/22/2026-00:57:46] [V] [TRT]     Output 0
[07/22/2026-00:57:46] [V] [TRT]         1024	1024
[07/22/2026-00:57:46] [V] [TRT] CONSTANT gemm2.weight
[07/22/2026-00:57:46] [V] [TRT]     Output 0
[07/22/2026-00:57:46] [V] [TRT]         10	10
[07/22/2026-00:57:46] [V] [TRT]         1024	1024
[07/22/2026-00:57:46] [V] [TRT] CONSTANT gemm2.bias
[07/22/2026-00:57:46] [V] [TRT]     Output 0
[07/22/2026-00:57:46] [V] [TRT]         10	10
[07/22/2026-00:57:46] [V] [TRT] CONVOLUTION node_conv2d
[07/22/2026-00:57:46] [V] [TRT]     Input 0
[07/22/2026-00:57:46] [V] [TRT]         [1,16]	nBS
[07/22/2026-00:57:46] [V] [TRT]         1	1
[07/22/2026-00:57:46] [V] [TRT]         28	28
[07/22/2026-00:57:46] [V] [TRT]         28	28
[07/22/2026-00:57:46] [V] [TRT]     Output 0
[07/22/2026-00:57:46] [V] [TRT]         [1,16]	nBS
[07/22/2026-00:57:46] [V] [TRT]         32	32
[07/22/2026-00:57:46] [V] [TRT]         28	28
[07/22/2026-00:57:46] [V] [TRT]         28	28
[07/22/2026-00:57:46] [V] [TRT] SHUFFLE ONNXTRT_Broadcast
[07/22/2026-00:57:46] [V] [TRT]     Input 0
[07/22/2026-00:57:46] [V] [TRT]         1024	1024
[07/22/2026-00:57:46] [V] [TRT]     Output 0
[07/22/2026-00:57:46] [V] [TRT]         1	1
[07/22/2026-00:57:46] [V] [TRT]         1024	1024
[07/22/2026-00:57:46] [V] [TRT] SHUFFLE ONNXTRT_Broadcast_4
[07/22/2026-00:57:46] [V] [TRT]     Input 0
[07/22/2026-00:57:46] [V] [TRT]         10	10
[07/22/2026-00:57:46] [V] [TRT]     Output 0
[07/22/2026-00:57:46] [V] [TRT]         1	1
[07/22/2026-00:57:46] [V] [TRT]         10	10
[07/22/2026-00:57:46] [V] [TRT] ACTIVATION node_relu
[07/22/2026-00:57:46] [V] [TRT]     Input 0
[07/22/2026-00:57:46] [V] [TRT]         [1,16]	nBS
[07/22/2026-00:57:46] [V] [TRT]         32	32
[07/22/2026-00:57:46] [V] [TRT]         28	28
[07/22/2026-00:57:46] [V] [TRT]         28	28
[07/22/2026-00:57:46] [V] [TRT]     Output 0
[07/22/2026-00:57:46] [V] [TRT]         [1,16]	nBS
[07/22/2026-00:57:46] [V] [TRT]         32	32
[07/22/2026-00:57:46] [V] [TRT]         28	28
[07/22/2026-00:57:46] [V] [TRT]         28	28
[07/22/2026-00:57:46] [V] [TRT] POOLING node_max_pool2d
[07/22/2026-00:57:46] [V] [TRT]     Input 0
[07/22/2026-00:57:46] [V] [TRT]         [1,16]	nBS
[07/22/2026-00:57:46] [V] [TRT]         32	32
[07/22/2026-00:57:46] [V] [TRT]         28	28
[07/22/2026-00:57:46] [V] [TRT]         28	28
[07/22/2026-00:57:46] [V] [TRT]     Output 0
[07/22/2026-00:57:46] [V] [TRT]         [1,16]	nBS
[07/22/2026-00:57:46] [V] [TRT]         32	32
[07/22/2026-00:57:46] [V] [TRT]         14	14
[07/22/2026-00:57:46] [V] [TRT]         14	14
[07/22/2026-00:57:46] [V] [TRT] CONVOLUTION node_conv2d_1
[07/22/2026-00:57:46] [V] [TRT]     Input 0
[07/22/2026-00:57:46] [V] [TRT]         [1,16]	nBS
[07/22/2026-00:57:46] [V] [TRT]         32	32
[07/22/2026-00:57:46] [V] [TRT]         14	14
[07/22/2026-00:57:46] [V] [TRT]         14	14
[07/22/2026-00:57:46] [V] [TRT]     Output 0
[07/22/2026-00:57:46] [V] [TRT]         [1,16]	nBS
[07/22/2026-00:57:46] [V] [TRT]         64	64
[07/22/2026-00:57:46] [V] [TRT]         14	14
[07/22/2026-00:57:46] [V] [TRT]         14	14
[07/22/2026-00:57:46] [V] [TRT] ACTIVATION node_relu_1
[07/22/2026-00:57:46] [V] [TRT]     Input 0
[07/22/2026-00:57:46] [V] [TRT]         [1,16]	nBS
[07/22/2026-00:57:46] [V] [TRT]         64	64
[07/22/2026-00:57:46] [V] [TRT]         14	14
[07/22/2026-00:57:46] [V] [TRT]         14	14
[07/22/2026-00:57:46] [V] [TRT]     Output 0
[07/22/2026-00:57:46] [V] [TRT]         [1,16]	nBS
[07/22/2026-00:57:46] [V] [TRT]         64	64
[07/22/2026-00:57:46] [V] [TRT]         14	14
[07/22/2026-00:57:46] [V] [TRT]         14	14
[07/22/2026-00:57:46] [V] [TRT] POOLING node_max_pool2d_1
[07/22/2026-00:57:46] [V] [TRT]     Input 0
[07/22/2026-00:57:46] [V] [TRT]         [1,16]	nBS
[07/22/2026-00:57:46] [V] [TRT]         64	64
[07/22/2026-00:57:46] [V] [TRT]         14	14
[07/22/2026-00:57:46] [V] [TRT]         14	14
[07/22/2026-00:57:46] [V] [TRT]     Output 0
[07/22/2026-00:57:46] [V] [TRT]         [1,16]	nBS
[07/22/2026-00:57:46] [V] [TRT]         64	64
[07/22/2026-00:57:46] [V] [TRT]         7	7
[07/22/2026-00:57:46] [V] [TRT]         7	7
[07/22/2026-00:57:46] [V] [TRT] SHUFFLE node_view
[07/22/2026-00:57:46] [V] [TRT]     Input 0
[07/22/2026-00:57:46] [V] [TRT]         [1,16]	nBS
[07/22/2026-00:57:46] [V] [TRT]         64	64
[07/22/2026-00:57:46] [V] [TRT]         7	7
[07/22/2026-00:57:46] [V] [TRT]         7	7
[07/22/2026-00:57:46] [V] [TRT]     Output 0
[07/22/2026-00:57:46] [V] [TRT]         [1,16]	nBS
[07/22/2026-00:57:46] [V] [TRT]         3136	3136
[07/22/2026-00:57:46] [V] [TRT] MATRIX_MULTIPLY node_linear
[07/22/2026-00:57:46] [V] [TRT]     Input 0
[07/22/2026-00:57:46] [V] [TRT]         [1,16]	nBS
[07/22/2026-00:57:46] [V] [TRT]         3136	3136
[07/22/2026-00:57:46] [V] [TRT]     Input 1
[07/22/2026-00:57:46] [V] [TRT]         1024	1024
[07/22/2026-00:57:46] [V] [TRT]         3136	3136
[07/22/2026-00:57:46] [V] [TRT]     Output 0
[07/22/2026-00:57:46] [V] [TRT]         [1,16]	nBS
[07/22/2026-00:57:46] [V] [TRT]         1024	1024
[07/22/2026-00:57:46] [V] [TRT] ELEMENTWISE node_linear_1
[07/22/2026-00:57:46] [V] [TRT]     Input 0
[07/22/2026-00:57:46] [V] [TRT]         [1,16]	nBS
[07/22/2026-00:57:46] [V] [TRT]         1024	1024
[07/22/2026-00:57:46] [V] [TRT]     Input 1
[07/22/2026-00:57:46] [V] [TRT]         1	1
[07/22/2026-00:57:46] [V] [TRT]         1024	1024
[07/22/2026-00:57:46] [V] [TRT]     Output 0
[07/22/2026-00:57:46] [V] [TRT]         [1,16]	nBS
[07/22/2026-00:57:46] [V] [TRT]         1024	1024
[07/22/2026-00:57:46] [V] [TRT] ACTIVATION node_relu_2
[07/22/2026-00:57:46] [V] [TRT]     Input 0
[07/22/2026-00:57:46] [V] [TRT]         [1,16]	nBS
[07/22/2026-00:57:46] [V] [TRT]         1024	1024
[07/22/2026-00:57:46] [V] [TRT]     Output 0
[07/22/2026-00:57:46] [V] [TRT]         [1,16]	nBS
[07/22/2026-00:57:46] [V] [TRT]         1024	1024
[07/22/2026-00:57:46] [V] [TRT] MATRIX_MULTIPLY node_linear_1_2
[07/22/2026-00:57:46] [V] [TRT]     Input 0
[07/22/2026-00:57:46] [V] [TRT]         [1,16]	nBS
[07/22/2026-00:57:46] [V] [TRT]         1024	1024
[07/22/2026-00:57:46] [V] [TRT]     Input 1
[07/22/2026-00:57:46] [V] [TRT]         10	10
[07/22/2026-00:57:46] [V] [TRT]         1024	1024
[07/22/2026-00:57:46] [V] [TRT]     Output 0
[07/22/2026-00:57:46] [V] [TRT]         [1,16]	nBS
[07/22/2026-00:57:46] [V] [TRT]         10	10
[07/22/2026-00:57:46] [V] [TRT] ELEMENTWISE node_linear_1_5
[07/22/2026-00:57:46] [V] [TRT]     Input 0
[07/22/2026-00:57:46] [V] [TRT]         [1,16]	nBS
[07/22/2026-00:57:46] [V] [TRT]         10	10
[07/22/2026-00:57:46] [V] [TRT]     Input 1
[07/22/2026-00:57:46] [V] [TRT]         1	1
[07/22/2026-00:57:46] [V] [TRT]         10	10
[07/22/2026-00:57:46] [V] [TRT]     Output 0
[07/22/2026-00:57:46] [V] [TRT]         [1,16]	nBS
[07/22/2026-00:57:46] [V] [TRT]         10	10
[07/22/2026-00:57:46] [V] [TRT] SOFTMAX node_softmax
[07/22/2026-00:57:46] [V] [TRT]     Input 0
[07/22/2026-00:57:46] [V] [TRT]         [1,16]	nBS
[07/22/2026-00:57:46] [V] [TRT]         10	10
[07/22/2026-00:57:46] [V] [TRT]     Output 0
[07/22/2026-00:57:46] [V] [TRT]         [1,16]	nBS
[07/22/2026-00:57:46] [V] [TRT]         10	10
[07/22/2026-00:57:46] [V] [TRT] SHUFFLE ONNXTRT_ShapeShuffle_7
[07/22/2026-00:57:46] [V] [TRT]     Input 0
[07/22/2026-00:57:46] [V] [TRT]         [1,16]	nBS
[07/22/2026-00:57:46] [V] [TRT]         10	10
[07/22/2026-00:57:46] [V] [TRT]     Output 0
[07/22/2026-00:57:46] [V] [TRT]         [1,16]	nBS
[07/22/2026-00:57:46] [V] [TRT]         10	10
[07/22/2026-00:57:46] [V] [TRT] TOPK node_argmax
[07/22/2026-00:57:46] [V] [TRT]     Input 0
[07/22/2026-00:57:46] [V] [TRT]         [1,16]	nBS
[07/22/2026-00:57:46] [V] [TRT]         10	10
[07/22/2026-00:57:46] [V] [TRT]     Output 0
[07/22/2026-00:57:46] [V] [TRT]         [1,16]	nBS
[07/22/2026-00:57:46] [V] [TRT]         1	1
[07/22/2026-00:57:46] [V] [TRT]     Output 1
[07/22/2026-00:57:46] [V] [TRT]         [1,16]	nBS
[07/22/2026-00:57:46] [V] [TRT]         1	1
[07/22/2026-00:57:46] [V] [TRT] CAST ONNXTRT_castHelper_8
[07/22/2026-00:57:46] [V] [TRT]     Input 0
[07/22/2026-00:57:46] [V] [TRT]         [1,16]	nBS
[07/22/2026-00:57:46] [V] [TRT]         1	1
[07/22/2026-00:57:46] [V] [TRT]     Output 0
[07/22/2026-00:57:46] [V] [TRT]         [1,16]	nBS
[07/22/2026-00:57:46] [V] [TRT]         1	1
[07/22/2026-00:57:46] [V] [TRT] SHUFFLE ONNXTRT_squeezeTensor
[07/22/2026-00:57:46] [V] [TRT]     Input 0
[07/22/2026-00:57:46] [V] [TRT]         [1,16]	nBS
[07/22/2026-00:57:46] [V] [TRT]         1	1
[07/22/2026-00:57:46] [V] [TRT]     Output 0
[07/22/2026-00:57:46] [V] [TRT]         [1,16]	nBS
[07/22/2026-00:57:46] [V] [TRT] CAST ONNXTRT_castHelper_9
[07/22/2026-00:57:46] [V] [TRT]     Input 0
[07/22/2026-00:57:46] [V] [TRT]         [1,16]	nBS
[07/22/2026-00:57:46] [V] [TRT]     Output 0
[07/22/2026-00:57:46] [V] [TRT]         [1,16]	nBS
[07/22/2026-00:57:46] [V] [TRT] Graph construction completed in 0.0167689 seconds.
[07/22/2026-00:57:46] [V] [TRT] After adding DebugOutput nodes: 24 layers
[07/22/2026-00:57:46] [V] [TRT] Running: ConstShuffleFusion on gemm1.bias
[07/22/2026-00:57:46] [V] [TRT] ConstShuffleFusion: Fusing gemm1.bias with ONNXTRT_Broadcast
[07/22/2026-00:57:46] [V] [TRT] Running: ConstShuffleFusion on gemm2.bias
[07/22/2026-00:57:46] [V] [TRT] ConstShuffleFusion: Fusing gemm2.bias with ONNXTRT_Broadcast_4
[07/22/2026-00:57:46] [V] [TRT] Running: ShuffleErasure on ONNXTRT_ShapeShuffle_7
[07/22/2026-00:57:46] [V] [TRT] Removing ONNXTRT_ShapeShuffle_7
[07/22/2026-00:57:46] [V] [TRT] After Myelin optimization: 1 layers
[07/22/2026-00:57:46] [V] [TRT] Applying ScaleNodes fusions.
[07/22/2026-00:57:46] [V] [TRT] After scale fusion: 1 layers
[07/22/2026-00:57:46] [V] [TRT] After dupe layer removal: 1 layers
[07/22/2026-00:57:46] [V] [TRT] After final dead-layer removal: 1 layers
[07/22/2026-00:57:46] [V] [TRT] After tensor merging: 1 layers
[07/22/2026-00:57:46] [V] [TRT] After vertical fusions: 1 layers
[07/22/2026-00:57:46] [V] [TRT] After dupe layer removal: 1 layers
[07/22/2026-00:57:46] [V] [TRT] After final dead-layer removal: 1 layers
[07/22/2026-00:57:46] [V] [TRT] After tensor merging: 1 layers
[07/22/2026-00:57:46] [V] [TRT] After slice removal: 1 layers
[07/22/2026-00:57:46] [V] [TRT] After concat removal: 1 layers
[07/22/2026-00:57:46] [V] [TRT] Trying to split Reshape and strided tensor
[07/22/2026-00:57:46] [V] [TRT] Graph optimization time: 0.00956459 seconds.
[07/22/2026-00:57:46] [V] [TRT] Building graph using backend strategy 2
[07/22/2026-00:57:46] [I] [TRT] Global timing cache in use. Profiling results in this builder pass will be stored.
[07/22/2026-00:57:46] [V] [TRT] Constructing optimization profile number 0 [1/1].
[07/22/2026-00:57:46] [V] [TRT] Applying generic optimizations to the graph for inference.
[07/22/2026-00:57:46] [V] [TRT] Reserving memory for host IO tensors. Host: 0 bytes
[07/22/2026-00:57:46] [V] [TRT] =============== Computing costs for {ForeignNode[node_conv2d...ONNXTRT_castHelper_9]}
[07/22/2026-00:57:46] [V] [TRT] ForeignNode {ForeignNode[node_conv2d...ONNXTRT_castHelper_9]} metadata: [ONNX Layer: node_conv2d][ONNX Layer: node_relu][ONNX Layer: node_max_pool2d][ONNX Layer: node_conv2d_1][ONNX Layer: node_relu_1][ONNX Layer: node_max_pool2d_1][ONNX Layer: node_view][ONNX Layer: node_linear][ONNX Layer: node_relu_2][ONNX Layer: node_linear_1][ONNX Layer: node_softmax][ONNX Layer: node_argmax]
[07/22/2026-00:57:46] [V] [TRT] *************** Autotuning format combination: Float(784,784,28,1) -> Float(10,1), Int64(1) ***************
[07/22/2026-00:57:46] [V] [TRT] --------------- Timing Runner: {ForeignNode[node_conv2d...ONNXTRT_castHelper_9]} (Myelin[0x80000023])
[07/22/2026-00:57:46] [I] [TRT] Compiler backend is used during engine build.
[07/22/2026-00:57:51] [V] [TRT]  (foreignNode) Set user's cuda kernel library
[07/22/2026-00:57:51] [V] [TRT]  (foreignNode) Using legacy CPU-only mode.
[07/22/2026-00:57:51] [V] [TRT]  (foreignNode) Autotuning op node_conv2d: [ONNX Layer: node_conv2d][ONNX Layer: node_relu]
[07/22/2026-00:57:51] [V] [TRT]  (foreignNode) Sorted table of all evaluated tactics:
[07/22/2026-00:57:51] [V] [TRT]  (foreignNode) tactic_id, cost(in ms), cost/fastest_cost, prediction_correlation, kernel_name, tactic_hash, tunable_parameter, conv_w2c_input_fold
[07/22/2026-00:57:51] [V] [TRT]  (foreignNode)   30, 0.0044000, 1.00000, 117375551.12423, sm80_xmma_fprop_implicit_gemm_f32f32_f32f32_f32_nchwkcrs_nchw_tilesize32x32x8_stage3_warpsize1x2x1_g1_ffma_t1r5s5_aligna4_alignc4, 0x49175fa8b00a3, , 0
[07/22/2026-00:57:51] [V] [TRT]  (foreignNode)    5, 0.0048128, 1.09382, 1.17228, sm80_xmma_fprop_implicit_gemm_f32f32_f32f32_f32_nchwkcrs_nchw_tilesize32x32x8_stage3_warpsize1x2x1_g1_ffma_aligna4_alignc4, 0x513f502151b20, , 0
[07/22/2026-00:57:51] [V] [TRT]  (foreignNode)   12, 0.0050144, 1.13964, 1.58065, sm80_xmma_fprop_implicit_gemm_f32f32_f32f32_f32_nchwkcrs_nchw_tilesize128x16x8_stage3_warpsize4x1x1_g1_ffma_aligna4_alignc4, 0x2e8dce9fdbd0c, , 0
[07/22/2026-00:57:51] [V] [TRT]  (foreignNode)   25, 0.0050176, 1.14036, 74.99459, sm80_xmma_fprop_implicit_gemm_f32f32_f32f32_f32_nchwkcrs_nchw_tilesize64x64x8_stage3_warpsize1x4x1_g1_ffma_t1r5s5_aligna4_alignc4, 0x3f9f91b42a184, , 0
[07/22/2026-00:57:51] [V] [TRT]  (foreignNode)    4, 0.0052192, 1.18618, 1.04173, sm80_xmma_fprop_implicit_gemm_indexed_f32f32_f32f32_f32_nchwkcrs_nchw_tilesize32x32x8_stage3_warpsize1x2x1_g1_ffma_aligna4_alignc4, 0x4e119d1971690, , 0
[07/22/2026-00:57:51] [V] [TRT]  (foreignNode)   16, 0.0056288, 1.27927, 1.72250, sm80_xmma_fprop_implicit_gemm_f32f32_f32f32_f32_nchwkcrs_nchw_tilesize64x64x8_stage3_warpsize1x4x1_g1_ffma_aligna4_alignc4, 0x2923a2370869c, , 0
[07/22/2026-00:57:51] [V] [TRT]  (foreignNode)    6, 0.0058336, 1.32582, 1.03219, sm80_xmma_fprop_implicit_gemm_indexed_f32f32_f32f32_f32_nchwkcrs_nchw_tilesize64x64x8_stage3_warpsize1x4x1_g1_ffma_aligna4_alignc4, 0x6a59d7893795b, , 0
[07/22/2026-00:57:51] [V] [TRT]  (foreignNode)   11, 0.0066592, 1.51345, 1.17826, sm80_xmma_fprop_implicit_gemm_indexed_f32f32_f32f32_f32_nchwkcrs_nchw_tilesize128x16x8_stage3_warpsize4x1x1_g1_ffma_aligna4_alignc4, 0x422d7e61952ac, , 0
[07/22/2026-00:57:51] [V] [TRT]  (foreignNode)   13, 0.0070688, 1.60655, 1.13885, sm80_xmma_fprop_implicit_gemm_indexed_f32f32_f32f32_f32_nchwkcrs_nchw_tilesize128x32x8_stage3_warpsize2x2x1_g1_ffma_aligna4_alignc4, 0x502cf8a691ec3, , 0
[07/22/2026-00:57:51] [V] [TRT]  (foreignNode)   29, 0.0076832, 1.74618, 8874434.96861, sm80_xmma_fprop_implicit_gemm_f32f32_f32f32_f32_nhwckrsc_nhwc_tilesize32x32x8_stage3_warpsize1x2x1_g1_ffma_t1r5s5_aligna4_alignc4, 0x49b8134866a89, , 0
[07/22/2026-00:57:51] [V] [TRT]  (foreignNode)    1, 0.0078816, 1.79127, 0.55478, sm80_xmma_fprop_implicit_gemm_indexed_f32f32_f32f32_f32_nhwckrsc_nhwc_tilesize32x32x8_stage3_warpsize1x2x1_g1_ffma_aligna4_alignc4, 0x2d0901d757d9a, , 0
[07/22/2026-00:57:51] [V] [TRT]  (foreignNode)    9, 0.0080864, 1.83782, 0.91308, sm80_xmma_fprop_implicit_gemm_indexed_f32f32_f32f32_f32_nchwkcrs_nchw_tilesize128x64x8_stage2_warpsize1x4x1_g1_ffma_aligna4_alignc4_beta0_packed_stride, 0x5f717cace33d5, , 0
[07/22/2026-00:57:51] [V] [TRT]  (foreignNode)   19, 0.0080896, 1.83855, 2.18773, sm80_xmma_fprop_implicit_gemm_f32f32_f32f32_f32_nchwkcrs_nchw_tilesize64x128x8_stage3_warpsize1x4x1_g1_ffma_aligna4_alignc4, 0x58d48f160d70a, , 0
[07/22/2026-00:57:51] [V] [TRT]  (foreignNode)   20, 0.0080896, 1.83855, 2.26937, sm80_xmma_fprop_implicit_gemm_f32f32_f32f32_f32_nchwkcrs_nchw_tilesize128x64x8_stage3_warpsize2x2x1_g1_ffma_aligna4_alignc4, 0x3c97632943f07, , 0
[07/22/2026-00:57:51] [V] [TRT]  (foreignNode)    3, 0.0082944, 1.88509, 0.62823, sm80_xmma_fprop_implicit_gemm_f32f32_f32f32_f32_nhwckrsc_nhwc_tilesize32x32x8_stage3_warpsize1x2x1_g1_ffma_aligna4_alignc4, 0x6627afc1bead4, , 0
[07/22/2026-00:57:51] [V] [TRT]  (foreignNode)   14, 0.0082976, 1.88582, 0.97206, sm80_xmma_fprop_implicit_gemm_indexed_f32f32_f32f32_f32_nchwkcrs_nchw_tilesize128x64x8_stage2_warpsize2x2x1_g1_ffma_aligna4_alignc4_beta0_packed_stride, 0x43420cb51b6fa, , 0
[07/22/2026-00:57:51] [V] [TRT]  (foreignNode)   26, 0.0089088, 2.02473, 165.83946, sm80_xmma_fprop_implicit_gemm_f32f32_f32f32_f32_nhwckrsc_nhwc_tilesize128x16x8_stage3_warpsize4x1x1_g1_ffma_t1r5s5_aligna4_alignc4, 0x4c796cd4f2eb5, , 0
[07/22/2026-00:57:51] [V] [TRT]  (foreignNode)   15, 0.0091200, 2.07273, 0.91401, sm80_xmma_fprop_implicit_gemm_indexed_f32f32_f32f32_f32_nchwkcrs_nchw_tilesize128x64x8_stage2_warpsize4x1x1_g1_ffma_aligna4_alignc4_beta0_packed_stride, 0x5c3e66023c93c, , 0
[07/22/2026-00:57:51] [V] [TRT]  (foreignNode)   10, 0.0097312, 2.21164, 0.79123, sm80_xmma_fprop_implicit_gemm_f32f32_f32f32_f32_nhwckrsc_nhwc_tilesize128x16x8_stage3_warpsize4x1x1_g1_ffma_aligna4_alignc4, 0x2e3753e91c37d, , 0
[07/22/2026-00:57:51] [V] [TRT]  (foreignNode)   17, 0.0107392, 2.44073, 0.92382, sm80_xmma_fprop_implicit_gemm_f32f32_f32f32_f32_nhwckrsc_nhwc_tilesize64x64x8_stage3_warpsize1x4x1_g1_ffma_aligna4_alignc4, 0x4ae2f94495ad9, , 0
[07/22/2026-00:57:51] [V] [TRT]  (foreignNode)   27, 0.0111744, 2.53964, 210.16905, sm80_xmma_fprop_implicit_gemm_f32f32_f32f32_f32_nhwckrsc_nhwc_tilesize64x64x8_stage3_warpsize1x4x1_g1_ffma_t1r5s5_aligna4_alignc4, 0x46d22adad9e74, , 0
[07/22/2026-00:57:51] [V] [TRT]  (foreignNode)    7, 0.0125952, 2.86255, 0.48810, sm80_xmma_fprop_implicit_gemm_indexed_f32f32_f32f32_f32_nhwckrsc_nhwc_tilesize64x64x8_stage3_warpsize1x4x1_g1_ffma_aligna4_alignc4, 0x414248187ae43, , 0
[07/22/2026-00:57:51] [V] [TRT]  (foreignNode)    2, 0.0126560, 2.87636, 0.38692, sm80_xmma_fprop_implicit_gemm_indexed_f32f32_f32f32_f32_nhwckrsc_nhwc_tilesize128x16x8_stage3_warpsize4x1x1_g1_ffma_aligna4_alignc4, 0x496f15aef5d1c, , 0
[07/22/2026-00:57:51] [V] [TRT]  (foreignNode)    8, 0.0138208, 3.14109, 0.51009, sm80_xmma_fprop_implicit_gemm_indexed_f32f32_f32f32_f32_nhwckrsc_nhwc_tilesize128x32x8_stage3_warpsize2x2x1_g1_ffma_aligna4_alignc4, 0x310a06fec6bc5, , 0
[07/22/2026-00:57:51] [V] [TRT]  (foreignNode)   23, 0.0146464, 3.32873, 3.37163, sm80_xmma_fprop_implicit_gemm_f32f32_f32f32_f32_nchwkcrs_nchw_tilesize256x128x8_stage3_warpsize4x2x1_g1_ffma_aligna4_alignc4, 0x4a530afba1737, , 0
[07/22/2026-00:57:51] [V] [TRT]  (foreignNode)   21, 0.0175104, 3.97964, 1.09381, sm80_xmma_fprop_implicit_gemm_f32f32_f32f32_f32_nhwckrsc_nhwc_tilesize128x64x8_stage3_warpsize2x2x1_g1_ffma_aligna4_alignc4, 0x6505ea159e48c, , 0
[07/22/2026-00:57:51] [V] [TRT]  (foreignNode)   28, 0.0216064, 4.91055, 267.90793, sm80_xmma_fprop_implicit_gemm_f32f32_f32f32_f32_nhwckrsc_nhwc_tilesize64x16x16_stage3_warpsize1x1x1_g1_ffma_t1r5s5_aligna4_alignc4, 0x3e1a352cfdccf, , 0
[07/22/2026-00:57:51] [V] [TRT]  (foreignNode)   18, 0.0267296, 6.07491, 0.62986, sm80_xmma_fprop_implicit_gemm_f32f32_f32f32_f32_nhwckrsc_nhwc_tilesize64x16x16_stage3_warpsize1x1x1_g1_ffma_aligna4_alignc4, 0x614f7936a4235, , 0
[07/22/2026-00:57:51] [V] [TRT]  (foreignNode)   22, 0.0349984, 7.95418, 1.14776, sm80_xmma_fprop_implicit_gemm_f32f32_f32f32_f32_nhwckrsc_nhwc_tilesize256x64x8_stage3_warpsize2x2x1_g1_ffma_aligna4_alignc4, 0x4bec620cf3b31, , 0
[07/22/2026-00:57:51] [V] [TRT]  (foreignNode)    0, 0.1297408, 29.48655, 0.00010, sm80_xmma_fprop_implicit_gemm_f32f32_f32f32_f32_nhwckrsc_nhwc_tilesize64x32x32_stage3_warpsize1x1x1_g1_ffma_t1r5s5_aligna4_alignc4, 0x5b0d590f132b5, , 0
[07/22/2026-00:57:51] [V] [TRT]  (foreignNode)   24, 0.1371840, 31.17818, 0.77678, sm80_xmma_fprop_implicit_gemm_f32f32_f32f32_f32_nhwckrsc_nhwc_tilesize64x32x32_stage3_warpsize1x1x1_g1_ffma_aligna4_alignc4, 0x3e3b46f351d7f, , 0
[07/22/2026-00:57:51] [V] [TRT]  (foreignNode) Autotuning op node_max_pool2d: [ONNX Layer: node_max_pool2d]
[07/22/2026-00:57:51] [V] [TRT]  (foreignNode) Sorted table of all evaluated tactics:
[07/22/2026-00:57:51] [V] [TRT]  (foreignNode) tactic_id, cost(in ms), cost/fastest_cost, prediction_correlation, kernel_name, tactic_hash, tunable_parameter
[07/22/2026-00:57:51] [V] [TRT]  (foreignNode)    9, 0.0025568, 1.00000, 0.00000, sm50_xmma_pooling_tiled_FP32NCHW_kMAX_tP2_tQ32_tR2_tS2_tU2_tV2_tUnroll4_tThreads256, 0x454fdf1d2a755, 
[07/22/2026-00:57:51] [V] [TRT]  (foreignNode)    7, 0.0025600, 1.00125, 0.00000, sm50_xmma_pooling_tiled_FP32NCHW_kMAX_tP2_tQ32_tR2_tS2_tU2_tV2_tUnroll3_tThreads256, 0x3d730323d9849, 
[07/22/2026-00:57:51] [V] [TRT]  (foreignNode)    4, 0.0025632, 1.00250, 0.00000, sm50_xmma_pooling_tiled_FP32NCHW_kMAX_tP2_tQ16_tR2_tS2_tU2_tV2_tUnroll7_tThreads128, 0x383a2fa429b55, 
[07/22/2026-00:57:51] [V] [TRT]  (foreignNode)    6, 0.0026560, 1.03880, 0.00000, sm50_xmma_pooling_tiled_FP32NCHW_kMAX_tP2_tQ16_tR2_tS2_tU2_tV2_tUnroll5_tThreads128, 0x324446ca47472, 
[07/22/2026-00:57:51] [V] [TRT]  (foreignNode)   11, 0.0026592, 1.04005, 0.00000, sm50_xmma_pooling_tiled_FP32NCHW_kMAX_tP2_tQ16_tR2_tS2_tU2_tV2_tUnroll3_tThreads128, 0x6a57dd7e73699, 
[07/22/2026-00:57:51] [V] [TRT]  (foreignNode)    5, 0.0026624, 1.04130, 0.00000, sm50_xmma_pooling_tiled_FP32NCHW_kMAX_tP2_tQ16_tR2_tS2_tU2_tV2_tUnroll6_tThreads128, 0x487119ac8d289, 
[07/22/2026-00:57:51] [V] [TRT]  (foreignNode)   10, 0.0026624, 1.04130, 0.00000, sm50_xmma_pooling_tiled_FP32NCHW_kMAX_tP2_tQ32_tR2_tS2_tU2_tV2_tUnroll7_tThreads256, 0x4908a1fd5878f, 
[07/22/2026-00:57:51] [V] [TRT]  (foreignNode)   13, 0.0026624, 1.04130, 0.00000, sm50_xmma_pooling_tiled_FP32NCHW_kMAX_tP2_tQ16_tR2_tS2_tU2_tV2_tUnroll2_tThreads128, 0x33cc93441a199, 
[07/22/2026-00:57:51] [V] [TRT]  (foreignNode)   14, 0.0026624, 1.04130, 0.00000, sm50_xmma_pooling_tiled_FP32NCHW_kMAX_tP2_tQ16_tR2_tS2_tU2_tV2_tUnroll4_tThreads128, 0x552cfa6a8183a, 
[07/22/2026-00:57:51] [V] [TRT]  (foreignNode)   16, 0.0026624, 1.04130, 0.00000, sm50_xmma_pooling_tiled_FP32NCHW_kMAX_tP2_tQ32_tR2_tS2_tU2_tV2_tUnroll6_tThreads256, 0x30b8fec4e14b4, 
[07/22/2026-00:57:51] [V] [TRT]  (foreignNode)    8, 0.0027648, 1.08135, 0.00000, sm50_xmma_pooling_tiled_FP32NCHW_kMAX_tP2_tQ32_tR2_tS2_tU2_tV2_tUnroll5_tThreads256, 0x4237b79f85cae, 
[07/22/2026-00:57:51] [V] [TRT]  (foreignNode)   12, 0.0027648, 1.08135, 0.00000, sm50_xmma_pooling_tiled_FP32NCHW_kMAX_tP2_tQ32_tR2_tS2_tU2_tV2_tUnroll2_tThreads256, 0x2c247ad84d2d6, 
[07/22/2026-00:57:51] [V] [TRT]  (foreignNode)    3, 0.0028640, 1.12015, 0.00000, sm50_xmma_pooling_tiled_FP32NCHW_kMAX_tP2_tQ16_tR2_tS2_tU2_tV2_tUnroll8_tThreads128, 0x6d8458efd8257, 
[07/22/2026-00:57:51] [V] [TRT]  (foreignNode)    2, 0.0028672, 1.12140, 0.00000, sm50_xmma_pooling_tiled_FP32NCHW_kMAX_tP2_tQ32_tR2_tS2_tU2_tV2_tUnroll8_tThreads256, 0x5e157698c3434, 
[07/22/2026-00:57:51] [V] [TRT]  (foreignNode)   15, 0.0028672, 1.12140, 0.00000, sm50_xmma_pooling_tiled_FP32NCHW_kMAX_tP2_tQ16_tR2_tS2_tU2_tV2_tUnroll1_tThreads128, 0x61467af86eddf, 
[07/22/2026-00:57:51] [V] [TRT]  (foreignNode)   17, 0.0028704, 1.12265, 0.00000, sm50_xmma_pooling_tiled_FP32NCHW_kMAX_tP2_tQ32_tR2_tS2_tU2_tV2_tUnroll1_tThreads256, 0x662b3edda5ca0, 
[07/22/2026-00:57:51] [V] [TRT]  (foreignNode)   20, 0.0029664, 1.16020, 0.00000, sm50_xmma_pooling_max_nhwc_FP32FP32_WINDOWSIZE_0_PROPAGATE_NAN_3D, 0x37b68142ee8db, 
[07/22/2026-00:57:51] [V] [TRT]  (foreignNode)    1, 0.0029696, 1.16145, 0.00000, sm50_xmma_pooling_nd_NCDHW_kMAX_kGENERIC_3D_POOLING_MODE_kFLOAT_0, 0x2bc2beee972bb, 
[07/22/2026-00:57:51] [V] [TRT]  (foreignNode)    0, 0.0030720, 1.20150, 0.00000, sm50_xmma_pooling_fw_4d_FP32FP32NCHW_Max, 0x4cadc39ddc95a, 
[07/22/2026-00:57:51] [V] [TRT]  (foreignNode)   22, 0.0030720, 1.20150, 0.00000, sm50_xmma_pooling_max_nhwc_FP32FP32_WINDOWSIZE_0_PROPAGATE_NAN_2D, 0x3e60bf4bbcfaf, 
[07/22/2026-00:57:51] [V] [TRT]  (foreignNode)   19, 0.0032704, 1.27910, 0.00000, sm50_xmma_pooling_max_nhwc_FP32FP32_WINDOWSIZE_0_NOT_PROPAGATE_NAN_2D, 0x4e2012b92a1ff, 
[07/22/2026-00:57:51] [V] [TRT]  (foreignNode)   18, 0.0032736, 1.28035, 0.00000, sm50_xmma_pooling_max_nhwc_FP32FP32_WINDOWSIZE_0_NOT_PROPAGATE_NAN_3D, 0x69bb1f6d478fa, 
[07/22/2026-00:57:51] [V] [TRT]  (foreignNode)   21, 0.0032864, 1.28536, 0.00000, sm50_xmma_pooling_fw_4d_FP32FP32NHWC_Max_CAlign4, 0x6170230c9f41b, 
[07/22/2026-00:57:51] [V] [TRT]  (foreignNode) Autotuning op node_conv2d_1: [ONNX Layer: node_conv2d_1][ONNX Layer: node_relu_1]
[07/22/2026-00:57:51] [V] [TRT]  (foreignNode) Sorted table of all evaluated tactics:
[07/22/2026-00:57:51] [V] [TRT]  (foreignNode) tactic_id, cost(in ms), cost/fastest_cost, prediction_correlation, kernel_name, tactic_hash, tunable_parameter, conv_w2c_input_fold
[07/22/2026-00:57:51] [V] [TRT]  (foreignNode)    1, 0.0195584, 1.00000, 0.43853, sm80_xmma_fprop_implicit_gemm_f32f32_f32f32_f32_nhwckrsc_nhwc_tilesize32x32x8_stage3_warpsize1x2x1_g1_ffma_aligna4_alignc4, 0x32cff7686bdf7, , 0
[07/22/2026-00:57:51] [V] [TRT]  (foreignNode)   29, 0.0201728, 1.03141, 17940093.56891, sm80_xmma_fprop_implicit_gemm_f32f32_f32f32_f32_nhwckrsc_nhwc_tilesize32x32x8_stage3_warpsize1x2x1_g1_ffma_t1r5s5_aligna4_alignc4, 0x49b4371e03d80, , 0
[07/22/2026-00:57:51] [V] [TRT]  (foreignNode)    3, 0.0211968, 1.08377, 0.43981, sm80_xmma_fprop_implicit_gemm_indexed_f32f32_f32f32_f32_nhwckrsc_nhwc_tilesize32x32x8_stage3_warpsize1x2x1_g1_ffma_aligna4_alignc4, 0x4c1010dc31fa5, , 0
[07/22/2026-00:57:51] [V] [TRT]  (foreignNode)   30, 0.0220096, 1.12533, 142106592.62926, sm80_xmma_fprop_implicit_gemm_f32f32_f32f32_f32_nchwkcrs_nchw_tilesize32x32x8_stage3_warpsize1x2x1_g1_ffma_t1r5s5_aligna4_alignc4, 0x50bec68c45b7f, , 0
[07/22/2026-00:57:51] [V] [TRT]  (foreignNode)    2, 0.0222176, 1.13596, 0.41185, sm80_xmma_fprop_implicit_gemm_f32f32_f32f32_f32_nchwkcrs_nchw_tilesize32x32x8_stage3_warpsize1x2x1_g1_ffma_aligna4_alignc4, 0x2f155fb2e7093, , 0
[07/22/2026-00:57:51] [V] [TRT]  (foreignNode)    5, 0.0261280, 1.33590, 0.62151, sm80_xmma_fprop_implicit_gemm_f32f32_f32f32_f32_nhwckrsc_nhwc_tilesize128x16x8_stage3_warpsize4x1x1_g1_ffma_aligna4_alignc4, 0x4163d0aaf736e, , 0
[07/22/2026-00:57:51] [V] [TRT]  (foreignNode)   26, 0.0265216, 1.35602, 196.70569, sm80_xmma_fprop_implicit_gemm_f32f32_f32f32_f32_nhwckrsc_nhwc_tilesize128x16x8_stage3_warpsize4x1x1_g1_ffma_t1r5s5_aligna4_alignc4, 0x43bdaaed307de, , 0
[07/22/2026-00:57:51] [V] [TRT]  (foreignNode)    6, 0.0287744, 1.47120, 0.59240, sm80_xmma_fprop_implicit_gemm_f32f32_f32f32_f32_nchwkcrs_nchw_tilesize128x16x8_stage3_warpsize4x1x1_g1_ffma_aligna4_alignc4, 0x3807c394f49e6, , 0
[07/22/2026-00:57:51] [V] [TRT]  (foreignNode)    9, 0.0295904, 1.51293, 0.78310, sm80_xmma_fprop_implicit_gemm_f32f32_f32f32_f32_nhwckrsc_nhwc_tilesize64x64x8_stage3_warpsize1x4x1_g1_ffma_aligna4_alignc4, 0x294cf3861909c, , 0
[07/22/2026-00:57:51] [V] [TRT]  (foreignNode)   28, 0.0302080, 1.54450, 340.75171, sm80_xmma_fprop_implicit_gemm_f32f32_f32f32_f32_nhwckrsc_nhwc_tilesize64x64x8_stage3_warpsize1x4x1_g1_ffma_t1r5s5_aligna4_alignc4, 0x323fb77502fa1, , 0
[07/22/2026-00:57:51] [V] [TRT]  (foreignNode)   25, 0.0314400, 1.60749, 43.97697, sm80_xmma_fprop_implicit_gemm_f32f32_f32f32_f32_nchwkcrs_nchw_tilesize64x64x8_stage3_warpsize1x4x1_g1_ffma_t1r5s5_aligna4_alignc4, 0x3dede879c1cea, , 0
[07/22/2026-00:57:51] [V] [TRT]  (foreignNode)   10, 0.0320512, 1.63874, 0.73108, sm80_xmma_fprop_implicit_gemm_f32f32_f32f32_f32_nchwkcrs_nchw_tilesize64x64x8_stage3_warpsize1x4x1_g1_ffma_aligna4_alignc4, 0x60e2da4e141f3, , 0
[07/22/2026-00:57:51] [V] [TRT]  (foreignNode)    4, 0.0338976, 1.73315, 0.34003, sm80_xmma_fprop_implicit_gemm_indexed_f32f32_f32f32_f32_nchwkcrs_nchw_tilesize32x32x8_stage3_warpsize1x2x1_g1_ffma_aligna4_alignc4, 0x30bf3573dc8e4, , 0
[07/22/2026-00:57:51] [V] [TRT]  (foreignNode)   27, 0.0345120, 1.76456, 263.87605, sm80_xmma_fprop_implicit_gemm_f32f32_f32f32_f32_nhwckrsc_nhwc_tilesize64x16x16_stage3_warpsize1x1x1_g1_ffma_t1r5s5_aligna4_alignc4, 0x573da3981dbab, , 0
[07/22/2026-00:57:51] [V] [TRT]  (foreignNode)   11, 0.0361472, 1.84817, 0.71873, sm80_xmma_fprop_implicit_gemm_indexed_f32f32_f32f32_f32_nhwckrsc_nhwc_tilesize64x64x8_stage3_warpsize1x4x1_g1_ffma_aligna4_alignc4, 0x40142422cc891, , 0
[07/22/2026-00:57:51] [V] [TRT]  (foreignNode)   14, 0.0398336, 2.03665, 0.73574, sm80_xmma_fprop_implicit_gemm_indexed_f32f32_f32f32_f32_nhwckrsc_nhwc_tilesize128x32x8_stage3_warpsize2x2x1_g1_ffma_aligna4_alignc4, 0x468f8305b8ea5, , 0
[07/22/2026-00:57:51] [V] [TRT]  (foreignNode)   12, 0.0400416, 2.04728, 0.68378, sm80_xmma_fprop_implicit_gemm_indexed_f32f32_f32f32_f32_nchwkcrs_nchw_tilesize64x64x8_stage3_warpsize1x4x1_g1_ffma_aligna4_alignc4, 0x39ae8561fd842, , 0
[07/22/2026-00:57:51] [V] [TRT]  (foreignNode)    7, 0.0429056, 2.19372, 0.40450, sm80_xmma_fprop_implicit_gemm_indexed_f32f32_f32f32_f32_nhwckrsc_nhwc_tilesize128x16x8_stage3_warpsize4x1x1_g1_ffma_aligna4_alignc4, 0x4513d51fb7b02, , 0
[07/22/2026-00:57:51] [V] [TRT]  (foreignNode)    8, 0.0449504, 2.29827, 0.45339, sm80_xmma_fprop_implicit_gemm_f32f32_f32f32_f32_nhwckrsc_nhwc_tilesize64x16x16_stage3_warpsize1x1x1_g1_ffma_aligna4_alignc4, 0x53d9222a3d437, , 0
[07/22/2026-00:57:51] [V] [TRT]  (foreignNode)   20, 0.0465952, 2.38236, 1.18281, sm80_xmma_fprop_implicit_gemm_f32f32_f32f32_f32_nhwckrsc_nhwc_tilesize128x64x8_stage3_warpsize2x2x1_g1_ffma_aligna4_alignc4, 0x4d44036ac904c, , 0
[07/22/2026-00:57:51] [V] [TRT]  (foreignNode)   19, 0.0502816, 2.57084, 1.08852, sm80_xmma_fprop_implicit_gemm_f32f32_f32f32_f32_nchwkcrs_nchw_tilesize128x64x8_stage3_warpsize2x2x1_g1_ffma_aligna4_alignc4, 0x4e922b75dfad1, , 0
[07/22/2026-00:57:51] [V] [TRT]  (foreignNode)   18, 0.0509888, 2.60700, 1.02892, sm80_xmma_fprop_implicit_gemm_f32f32_f32f32_f32_nchwkcrs_nchw_tilesize64x128x8_stage3_warpsize1x4x1_g1_ffma_aligna4_alignc4, 0x356098e660144, , 0
[07/22/2026-00:57:51] [V] [TRT]  (foreignNode)   15, 0.0553984, 2.83246, 0.65587, sm80_xmma_fprop_implicit_gemm_indexed_f32f32_f32f32_f32_nchwkcrs_nchw_tilesize128x32x8_stage3_warpsize2x2x1_g1_ffma_aligna4_alignc4, 0x404340e90f971, , 0
[07/22/2026-00:57:51] [V] [TRT]  (foreignNode)   13, 0.0607232, 3.10471, 0.45860, sm80_xmma_fprop_implicit_gemm_indexed_f32f32_f32f32_f32_nchwkcrs_nchw_tilesize128x16x8_stage3_warpsize4x1x1_g1_ffma_aligna4_alignc4, 0x4cb07fa0a5071, , 0
[07/22/2026-00:57:51] [V] [TRT]  (foreignNode)   16, 0.0660480, 3.37696, 0.78456, sm80_xmma_fprop_implicit_gemm_indexed_f32f32_f32f32_f32_nchwkcrs_nchw_tilesize128x64x8_stage2_warpsize1x4x1_g1_ffma_aligna4_alignc4_beta0_packed_stride, 0x4b155bb73b585, , 0
[07/22/2026-00:57:51] [V] [TRT]  (foreignNode)   17, 0.0680960, 3.48168, 0.76200, sm80_xmma_fprop_implicit_gemm_indexed_f32f32_f32f32_f32_nchwkcrs_nchw_tilesize128x64x8_stage2_warpsize2x2x1_g1_ffma_aligna4_alignc4_beta0_packed_stride, 0x2fff9c3ba1403, , 0
[07/22/2026-00:57:51] [V] [TRT]  (foreignNode)   21, 0.0863200, 4.41345, 0.66697, sm80_xmma_fprop_implicit_gemm_indexed_f32f32_f32f32_f32_nchwkcrs_nchw_tilesize128x64x8_stage2_warpsize4x1x1_g1_ffma_aligna4_alignc4_beta0_packed_stride, 0x5c8a24b69c001, , 0
[07/22/2026-00:57:51] [V] [TRT]  (foreignNode)   23, 0.0879584, 4.49722, 1.35822, sm80_xmma_fprop_implicit_gemm_f32f32_f32f32_f32_nhwckrsc_nhwc_tilesize256x64x8_stage3_warpsize2x2x1_g1_ffma_aligna4_alignc4, 0x4ccf3401f125d, , 0
[07/22/2026-00:57:51] [V] [TRT]  (foreignNode)   24, 0.1556480, 7.95812, 1.11423, sm80_xmma_fprop_implicit_gemm_f32f32_f32f32_f32_nchwkcrs_nchw_tilesize256x128x8_stage3_warpsize4x2x1_g1_ffma_aligna4_alignc4, 0x4f2a277ab4e97, , 0
[07/22/2026-00:57:51] [V] [TRT]  (foreignNode)    0, 0.1617920, 8.27225, 0.00008, sm80_xmma_fprop_implicit_gemm_f32f32_f32f32_f32_nhwckrsc_nhwc_tilesize64x32x32_stage3_warpsize1x1x1_g1_ffma_t1r5s5_aligna4_alignc4, 0x39baead559e14, , 0
[07/22/2026-00:57:51] [V] [TRT]  (foreignNode)   22, 0.1720640, 8.79745, 0.62075, sm80_xmma_fprop_implicit_gemm_f32f32_f32f32_f32_nhwckrsc_nhwc_tilesize64x32x32_stage3_warpsize1x1x1_g1_ffma_aligna4_alignc4, 0x415e46075a087, , 0
[07/22/2026-00:57:51] [V] [TRT]  (foreignNode) Autotuning op node_max_pool2d_1: [ONNX Layer: node_max_pool2d_1]
[07/22/2026-00:57:51] [V] [TRT]  (foreignNode) Sorted table of all evaluated tactics:
[07/22/2026-00:57:51] [V] [TRT]  (foreignNode) tactic_id, cost(in ms), cost/fastest_cost, prediction_correlation, kernel_name, tactic_hash, tunable_parameter
[07/22/2026-00:57:51] [V] [TRT]  (foreignNode)    9, 0.0026592, 1.00000, 0.00000, sm50_xmma_pooling_tiled_FP32NCHW_kMAX_tP2_tQ32_tR2_tS2_tU2_tV2_tUnroll4_tThreads256, 0x55026dc4af31e, 
[07/22/2026-00:57:51] [V] [TRT]  (foreignNode)    4, 0.0027616, 1.03851, 0.00000, sm50_xmma_pooling_tiled_FP32NCHW_kMAX_tP2_tQ16_tR2_tS2_tU2_tV2_tUnroll7_tThreads128, 0x57b6f6cf937e9, 
[07/22/2026-00:57:51] [V] [TRT]  (foreignNode)   16, 0.0027616, 1.03851, 0.00000, sm50_xmma_pooling_tiled_FP32NCHW_kMAX_tP2_tQ32_tR2_tS2_tU2_tV2_tUnroll6_tThreads256, 0x4d3fe9a680037, 
[07/22/2026-00:57:51] [V] [TRT]  (foreignNode)    5, 0.0027648, 1.03971, 0.00000, sm50_xmma_pooling_tiled_FP32NCHW_kMAX_tP2_tQ16_tR2_tS2_tU2_tV2_tUnroll6_tThreads128, 0x52c60d92c7018, 
[07/22/2026-00:57:51] [V] [TRT]  (foreignNode)    6, 0.0027648, 1.03971, 0.00000, sm50_xmma_pooling_tiled_FP32NCHW_kMAX_tP2_tQ16_tR2_tS2_tU2_tV2_tUnroll5_tThreads128, 0x29ed546e60fad, 
[07/22/2026-00:57:51] [V] [TRT]  (foreignNode)    7, 0.0027648, 1.03971, 0.00000, sm50_xmma_pooling_tiled_FP32NCHW_kMAX_tP2_tQ32_tR2_tS2_tU2_tV2_tUnroll3_tThreads256, 0x574a53e0917d7, 
[07/22/2026-00:57:51] [V] [TRT]  (foreignNode)    8, 0.0027648, 1.03971, 0.00000, sm50_xmma_pooling_tiled_FP32NCHW_kMAX_tP2_tQ32_tR2_tS2_tU2_tV2_tUnroll5_tThreads256, 0x4e7ed3ee03958, 
[07/22/2026-00:57:51] [V] [TRT]  (foreignNode)   13, 0.0027648, 1.03971, 0.00000, sm50_xmma_pooling_tiled_FP32NCHW_kMAX_tP2_tQ16_tR2_tS2_tU2_tV2_tUnroll2_tThreads128, 0x293e7bb4866db, 
[07/22/2026-00:57:51] [V] [TRT]  (foreignNode)   14, 0.0027648, 1.03971, 0.00000, sm50_xmma_pooling_tiled_FP32NCHW_kMAX_tP2_tQ16_tR2_tS2_tU2_tV2_tUnroll4_tThreads128, 0x4fa4dc5e5e445, 
[07/22/2026-00:57:51] [V] [TRT]  (foreignNode)   11, 0.0027776, 1.04452, 0.00000, sm50_xmma_pooling_tiled_FP32NCHW_kMAX_tP2_tQ16_tR2_tS2_tU2_tV2_tUnroll3_tThreads128, 0x480c5d78e9daa, 
[07/22/2026-00:57:51] [V] [TRT]  (foreignNode)   10, 0.0028640, 1.07702, 0.00000, sm50_xmma_pooling_tiled_FP32NCHW_kMAX_tP2_tQ32_tR2_tS2_tU2_tV2_tUnroll7_tThreads256, 0x4486fe35bb9b6, 
[07/22/2026-00:57:51] [V] [TRT]  (foreignNode)   12, 0.0028672, 1.07822, 0.00000, sm50_xmma_pooling_tiled_FP32NCHW_kMAX_tP2_tQ32_tR2_tS2_tU2_tV2_tUnroll2_tThreads256, 0x3e100f7852d5b, 
[07/22/2026-00:57:51] [V] [TRT]  (foreignNode)    1, 0.0029664, 1.11552, 0.00000, sm50_xmma_pooling_nd_NCDHW_kMAX_kGENERIC_3D_POOLING_MODE_kFLOAT_0, 0x4585def8cc74a, 
[07/22/2026-00:57:51] [V] [TRT]  (foreignNode)   20, 0.0029664, 1.11552, 0.00000, sm50_xmma_pooling_max_nhwc_FP32FP32_WINDOWSIZE_0_PROPAGATE_NAN_3D, 0x5a97b3ce9553f, 
[07/22/2026-00:57:51] [V] [TRT]  (foreignNode)    2, 0.0029696, 1.11673, 0.00000, sm50_xmma_pooling_tiled_FP32NCHW_kMAX_tP2_tQ32_tR2_tS2_tU2_tV2_tUnroll8_tThreads256, 0x31b490e5dd561, 
[07/22/2026-00:57:51] [V] [TRT]  (foreignNode)    3, 0.0029696, 1.11673, 0.00000, sm50_xmma_pooling_tiled_FP32NCHW_kMAX_tP2_tQ16_tR2_tS2_tU2_tV2_tUnroll8_tThreads128, 0x35b619daa9695, 
[07/22/2026-00:57:51] [V] [TRT]  (foreignNode)   15, 0.0029696, 1.11673, 0.00000, sm50_xmma_pooling_tiled_FP32NCHW_kMAX_tP2_tQ16_tR2_tS2_tU2_tV2_tUnroll1_tThreads128, 0x3ebbf05adf4c9, 
[07/22/2026-00:57:51] [V] [TRT]  (foreignNode)   22, 0.0029728, 1.11793, 0.00000, sm50_xmma_pooling_max_nhwc_FP32FP32_WINDOWSIZE_0_PROPAGATE_NAN_2D, 0x6222d97cbef13, 
[07/22/2026-00:57:51] [V] [TRT]  (foreignNode)    0, 0.0030688, 1.15403, 0.00000, sm50_xmma_pooling_fw_4d_FP32FP32NCHW_Max, 0x5f406932461bd, 
[07/22/2026-00:57:51] [V] [TRT]  (foreignNode)   19, 0.0031712, 1.19254, 0.00000, sm50_xmma_pooling_max_nhwc_FP32FP32_WINDOWSIZE_0_NOT_PROPAGATE_NAN_2D, 0x298e8c7446c89, 
[07/22/2026-00:57:51] [V] [TRT]  (foreignNode)   17, 0.0031744, 1.19374, 0.00000, sm50_xmma_pooling_tiled_FP32NCHW_kMAX_tP2_tQ32_tR2_tS2_tU2_tV2_tUnroll1_tThreads256, 0x48d0c454acd5e, 
[07/22/2026-00:57:51] [V] [TRT]  (foreignNode)   18, 0.0033792, 1.27076, 0.00000, sm50_xmma_pooling_max_nhwc_FP32FP32_WINDOWSIZE_0_NOT_PROPAGATE_NAN_3D, 0x4e880e5e13f78, 
[07/22/2026-00:57:51] [V] [TRT]  (foreignNode)   21, 0.0033792, 1.27076, 0.00000, sm50_xmma_pooling_fw_4d_FP32FP32NHWC_Max_CAlign4, 0x3015edcf5c706, 
[07/22/2026-00:57:51] [V] [TRT]  (foreignNode) Autotuning op node_linear: [ONNX Layer: node_linear][ONNX Layer: node_relu_2]
[07/22/2026-00:57:51] [V] [TRT]  (foreignNode) Sorted table of all evaluated tactics:
[07/22/2026-00:57:51] [V] [TRT]  (foreignNode) tactic_id, cost(in ms), cost/fastest_cost, prediction_correlation, kernel_name, tactic_hash, tunable_parameter
[07/22/2026-00:57:51] [V] [TRT]  (foreignNode)    5, 0.0164832, 1.00000, 0.52428, sm80_xmma_gemm_f32f32_f32f32_f32_nn_n_tilesize32x32x8_stage3_warpsize1x2x1_ffma_aligna4_alignc4, 0x6d82cd955c68d, 
[07/22/2026-00:57:51] [V] [TRT]  (foreignNode)   24, 0.0171008, 1.03747, 0.53928, sm80_xmma_gemm_f32f32_f32f32_f32_nn_n_tilesize32x32x8_stage3_warpsize1x2x1_ffma_aligna4_alignc4, 0x2ad971a993d84, 
[07/22/2026-00:57:51] [V] [TRT]  (foreignNode)   13, 0.0179200, 1.08717, 0.49010, sm80_xmma_gemm_f32f32_f32f32_f32_tn_n_tilesize32x32x8_stage3_warpsize1x2x1_ffma_aligna4_alignc4, 0x37a2cf0e099d7, 
[07/22/2026-00:57:51] [V] [TRT]  (foreignNode)   15, 0.0183296, 1.11202, 0.48102, sm80_xmma_gemm_f32f32_f32f32_f32_nn_n_tilesize32x32x8_stage3_warpsize1x2x1_ffma_aligna4_alignc4, 0x4ecae463c3d31, 
[07/22/2026-00:57:51] [V] [TRT]  (foreignNode)   28, 0.0187392, 1.13687, 0.50153, sm80_xmma_gemm_f32f32_f32f32_f32_tn_n_tilesize32x32x8_stage3_warpsize1x2x1_ffma_aligna4_alignc4, 0x55a482ce2d617, 
[07/22/2026-00:57:51] [V] [TRT]  (foreignNode)   21, 0.0195680, 1.18715, 0.45818, sm80_xmma_gemm_f32f32_f32f32_f32_tn_n_tilesize32x32x8_stage3_warpsize1x2x1_ffma_aligna4_alignc4, 0x535ebba3c0265, 
[07/22/2026-00:57:51] [V] [TRT]  (foreignNode)   33, 0.0199680, 1.21142, 0.58031, sm80_xmma_gemm_f32f32_f32f32_f32_nn_n_tilesize64x64x8_stage3_warpsize1x4x1_ffma_aligna4_alignc4, 0x403b49d2f998b, 
[07/22/2026-00:57:51] [V] [TRT]  (foreignNode)   35, 0.0199680, 1.21142, 0.59196, sm80_xmma_gemm_f32f32_f32f32_f32_tn_n_tilesize64x64x8_stage3_warpsize1x4x1_ffma_aligna4_alignc4, 0x3191d7c5a5a66, 
[07/22/2026-00:57:51] [V] [TRT]  (foreignNode)   48, 0.0211936, 1.28577, 0.59644, sm80_xmma_gemm_f32f32_f32f32_f32_nn_n_tilesize64x64x8_stage3_warpsize1x4x1_ffma_aligna4_alignc4, 0x36f3a98086010, 
[07/22/2026-00:57:51] [V] [TRT]  (foreignNode)    3, 0.0213984, 1.29819, 0.40152, sm80_xmma_gemm_f32f32_f32f32_f32_nn_n_tilesize32x32x8_stage3_warpsize1x2x1_ffma_aligna4_alignc4, 0x4e963d5847c15, 
[07/22/2026-00:57:51] [V] [TRT]  (foreignNode)   57, 0.0214016, 1.29839, 0.60324, sm80_xmma_gemm_f32f32_f32f32_f32_tn_n_tilesize64x64x8_stage3_warpsize1x4x1_ffma_aligna4_alignc4, 0x6bbc9973a174c, 
[07/22/2026-00:57:51] [V] [TRT]  (foreignNode)    7, 0.0218080, 1.32304, 0.39836, sm80_xmma_gemm_f32f32_f32f32_f32_nn_n_tilesize32x64x8_stage3_warpsize1x2x1_ffma_aligna4_alignc4, 0x4c5aa37363eea, 
[07/22/2026-00:57:51] [V] [TRT]  (foreignNode)   37, 0.0218112, 1.32324, 0.54637, sm80_xmma_gemm_f32f32_f32f32_f32_nn_n_tilesize64x64x8_stage3_warpsize1x4x1_ffma_aligna4_alignc4, 0x5f5eeb5124264, 
[07/22/2026-00:57:51] [V] [TRT]  (foreignNode)   39, 0.0222144, 1.34770, 0.54760, sm80_xmma_gemm_f32f32_f32f32_f32_tn_n_tilesize64x64x8_stage3_warpsize1x4x1_ffma_aligna4_alignc4, 0x50ab8185912e3, 
[07/22/2026-00:57:51] [V] [TRT]  (foreignNode)   17, 0.0222208, 1.34809, 0.39995, sm80_xmma_gemm_f32f32_f32f32_f32_nn_n_tilesize32x64x8_stage3_warpsize1x2x1_ffma_aligna4_alignc4, 0x370a8a55335bd, 
[07/22/2026-00:57:51] [V] [TRT]  (foreignNode)   25, 0.0228256, 1.38478, 0.40414, sm80_xmma_gemm_f32f32_f32f32_f32_nn_n_tilesize32x64x8_stage3_warpsize1x2x1_ffma_aligna4_alignc4, 0x54e1551862b58, 
[07/22/2026-00:57:51] [V] [TRT]  (foreignNode)   11, 0.0230400, 1.39779, 0.37881, sm80_xmma_gemm_f32f32_f32f32_f32_tn_n_tilesize32x32x8_stage3_warpsize1x2x1_ffma_aligna4_alignc4, 0x67c8b9b40a712, 
[07/22/2026-00:57:51] [V] [TRT]  (foreignNode)    1, 0.0234496, 1.42264, 0.36589, sm80_xmma_gemm_f32f32_f32f32_f32_nn_n_tilesize32x32x8_stage3_warpsize1x2x1_ffma_aligna4_alignc4, 0x58395b37071a2, 
[07/22/2026-00:57:51] [V] [TRT]  (foreignNode)   19, 0.0234560, 1.42302, 0.37968, sm80_xmma_gemm_f32f32_f32f32_f32_tn_n_tilesize32x64x8_stage3_warpsize1x2x1_ffma_aligna4_alignc4, 0x2a09e59031cb5, 
[07/22/2026-00:57:51] [V] [TRT]  (foreignNode)   23, 0.0236512, 1.43487, 0.38575, sm80_xmma_gemm_f32f32_f32f32_f32_tn_n_tilesize32x64x8_stage3_warpsize1x2x1_ffma_aligna4_alignc4, 0x502bddc1ad6aa, 
[07/22/2026-00:57:51] [V] [TRT]  (foreignNode)   69, 0.0246592, 1.49602, 0.53460, sm80_xmma_gemm_f32f32_f32f32_f32_nn_n_tilesize64x32x8_stage3_warpsize1x2x1_ffma_aligna4_alignc4, 0x346ce9d9d656d, 
[07/22/2026-00:57:51] [V] [TRT]  (foreignNode)   29, 0.0246752, 1.49699, 0.38429, sm80_xmma_gemm_f32f32_f32f32_f32_tn_n_tilesize32x64x8_stage3_warpsize1x2x1_ffma_aligna4_alignc4, 0x6dae82eff29f2, 
[07/22/2026-00:57:51] [V] [TRT]  (foreignNode)    9, 0.0248864, 1.50980, 0.35019, sm80_xmma_gemm_f32f32_f32f32_f32_tn_n_tilesize32x32x8_stage3_warpsize1x2x1_ffma_aligna4_alignc4, 0x3bf2329ae5805, 
[07/22/2026-00:57:51] [V] [TRT]  (foreignNode)   67, 0.0250912, 1.52223, 0.52216, sm80_xmma_gemm_f32f32_f32f32_f32_tn_n_tilesize64x32x8_stage3_warpsize1x2x1_ffma_aligna4_alignc4, 0x4e6c5a2230ca2, 
[07/22/2026-00:57:51] [V] [TRT]  (foreignNode)    4, 0.0259072, 1.57173, 0.33352, sm80_xmma_gemm_f32f32_f32f32_f32_nn_n_tilesize32x32x8_stage3_warpsize1x2x1_ffma_aligna4_alignc4, 0x46558939c5834, 
[07/22/2026-00:57:51] [V] [TRT]  (foreignNode)   75, 0.0261120, 1.58416, 0.51721, sm80_xmma_gemm_f32f32_f32f32_f32_nn_n_tilesize64x32x8_stage3_warpsize1x2x1_ffma_aligna4_alignc4, 0x2cac13452e25c, 
[07/22/2026-00:57:51] [V] [TRT]  (foreignNode)   71, 0.0263168, 1.59658, 0.51022, sm80_xmma_gemm_f32f32_f32f32_f32_tn_n_tilesize64x32x8_stage3_warpsize1x2x1_ffma_aligna4_alignc4, 0x517973744dedd, 
[07/22/2026-00:57:51] [V] [TRT]  (foreignNode)   79, 0.0265216, 1.60901, 0.53691, sm80_xmma_gemm_f32f32_f32f32_f32_nn_n_tilesize64x32x8_stage3_warpsize1x2x1_ffma_aligna4_alignc4, 0x37a6f8b3d0597, 
[07/22/2026-00:57:51] [V] [TRT]  (foreignNode)    2, 0.0269344, 1.63405, 0.31895, sm80_xmma_gemm_f32f32_f32f32_f32_nn_n_tilesize32x32x8_stage3_warpsize1x2x1_ffma_aligna4_alignc4, 0x3e2b79b808f90, 
[07/22/2026-00:57:51] [V] [TRT]  (foreignNode)   12, 0.0271328, 1.64609, 0.32364, sm80_xmma_gemm_f32f32_f32f32_f32_tn_n_tilesize32x32x8_stage3_warpsize1x2x1_ffma_aligna4_alignc4, 0x31669e2aa4e25, 
[07/22/2026-00:57:51] [V] [TRT]  (foreignNode)   78, 0.0271392, 1.64648, 0.52249, sm80_xmma_gemm_f32f32_f32f32_f32_tn_n_tilesize64x32x8_stage3_warpsize1x2x1_ffma_aligna4_alignc4, 0x679e23d8b2284, 
[07/22/2026-00:57:51] [V] [TRT]  (foreignNode)   81, 0.0273440, 1.65890, 0.58729, sm80_xmma_gemm_f32f32_f32f32_f32_nn_n_tilesize64x128x8_stage3_warpsize1x4x1_ffma_aligna4_alignc4, 0x3fceb3247bee1, 
[07/22/2026-00:57:51] [V] [TRT]  (foreignNode)   73, 0.0273600, 1.65987, 0.49293, sm80_xmma_gemm_f32f32_f32f32_f32_nn_n_tilesize32x128x8_stage3_warpsize1x2x1_ffma_aligna4_alignc4, 0x47688ffad0dc4, 
[07/22/2026-00:57:51] [V] [TRT]  (foreignNode)   43, 0.0275456, 1.67113, 0.45341, sm80_xmma_gemm_f32f32_f32f32_f32_tn_n_tilesize32x128x8_stage3_warpsize1x2x1_ffma_aligna4_alignc4, 0x3ec758198d1b4, 
[07/22/2026-00:57:51] [V] [TRT]  (foreignNode)   85, 0.0279520, 1.69579, 0.60803, sm80_xmma_gemm_f32f32_f32f32_f32_tn_n_tilesize64x128x8_stage3_warpsize1x4x1_ffma_aligna4_alignc4, 0x6005feb03b208, 
[07/22/2026-00:57:51] [V] [TRT]  (foreignNode)   47, 0.0279584, 1.69618, 0.44868, sm80_xmma_gemm_f32f32_f32f32_f32_nn_n_tilesize64x64x8_stage3_warpsize1x4x1_ffma_aligna4_alignc4, 0x47678712d58c0, 
[07/22/2026-00:57:51] [V] [TRT]  (foreignNode)   50, 0.0283584, 1.72044, 0.45165, sm80_xmma_gemm_f32f32_f32f32_f32_tn_n_tilesize64x64x8_stage3_warpsize1x4x1_ffma_aligna4_alignc4, 0x65d1e87cb8f7c, 
[07/22/2026-00:57:51] [V] [TRT]  (foreignNode)   10, 0.0285696, 1.73326, 0.30545, sm80_xmma_gemm_f32f32_f32f32_f32_tn_n_tilesize32x32x8_stage3_warpsize1x2x1_ffma_aligna4_alignc4, 0x499a34feffdc8, 
[07/22/2026-00:57:51] [V] [TRT]  (foreignNode)    6, 0.0291840, 1.77053, 0.29763, sm80_xmma_gemm_f32f32_f32f32_f32_nn_n_tilesize32x64x8_stage3_warpsize1x2x1_ffma_aligna4_alignc4, 0x4414f36cb3a92, 
[07/22/2026-00:57:51] [V] [TRT]  (foreignNode)   95, 0.0293920, 1.78315, 0.64170, sm80_xmma_gemm_f32f32_f32f32_f32_nn_n_tilesize64x64x8_stage3_warpsize1x4x1_ffma_aligna4_alignc4, 0x416665b491226, 
[07/22/2026-00:57:51] [V] [TRT]  (foreignNode)   41, 0.0304128, 1.84508, 0.40594, sm80_xmma_gemm_f32f32_f32f32_f32_nn_n_tilesize32x64x8_stage3_warpsize1x2x1_ffma_aligna4_alignc4, 0x61635c245e221, 
[07/22/2026-00:57:51] [V] [TRT]  (foreignNode)   18, 0.0312288, 1.89458, 0.28513, sm80_xmma_gemm_f32f32_f32f32_f32_tn_n_tilesize32x64x8_stage3_warpsize1x2x1_ffma_aligna4_alignc4, 0x6022d48ed36d6, 
[07/22/2026-00:57:51] [V] [TRT]  (foreignNode)   63, 0.0320544, 1.94467, 0.40798, sm80_xmma_gemm_f32f32_f32f32_f32_nn_n_tilesize64x32x8_stage3_warpsize1x2x1_ffma_aligna4_alignc4, 0x39320b1e10c74, 
[07/22/2026-00:57:51] [V] [TRT]  (foreignNode)   59, 0.0322560, 1.95690, 0.40277, sm80_xmma_gemm_f32f32_f32f32_f32_tn_n_tilesize64x32x8_stage3_warpsize1x2x1_ffma_aligna4_alignc4, 0x4ffb91b3b41bc, 
[07/22/2026-00:57:51] [V] [TRT]  (foreignNode)   91, 0.0322560, 1.95690, 0.55824, sm80_xmma_gemm_f32f32_f32f32_f32_tn_n_tilesize32x128x8_stage3_warpsize1x2x1_ffma_aligna4_alignc4, 0x5d157ee472a25, 
[07/22/2026-00:57:51] [V] [TRT]  (foreignNode)   27, 0.0324640, 1.96952, 0.28498, sm80_xmma_gemm_f32f32_f32f32_f32_nn_n_tilesize32x64x8_stage3_warpsize1x2x1_ffma_aligna4_alignc4, 0x66fb8a441acf0, 
[07/22/2026-00:57:51] [V] [TRT]  (foreignNode)   93, 0.0324736, 1.97010, 0.57937, sm80_xmma_gemm_f32f32_f32f32_f32_nn_n_tilesize32x128x8_stage3_warpsize1x2x1_ffma_aligna4_alignc4, 0x5a5910f06bbca, 
[07/22/2026-00:57:51] [V] [TRT]  (foreignNode)   32, 0.0328704, 1.99418, 0.35248, sm80_xmma_gemm_f32f32_f32f32_f32_nn_n_tilesize64x64x8_stage3_warpsize1x4x1_ffma_aligna4_alignc4, 0x5666f2427231f, 
[07/22/2026-00:57:51] [V] [TRT]  (foreignNode)   34, 0.0328736, 1.99437, 0.35952, sm80_xmma_gemm_f32f32_f32f32_f32_tn_n_tilesize64x64x8_stage3_warpsize1x4x1_ffma_aligna4_alignc4, 0x4f404faf7999e, 
[07/22/2026-00:57:51] [V] [TRT]  (foreignNode)   77, 0.0334848, 2.03145, 0.41239, sm80_xmma_gemm_f32f32_f32f32_f32_nn_n_tilesize32x128x8_stage3_warpsize1x2x1_ffma_aligna4_alignc4, 0x43f827697ef18, 
[07/22/2026-00:57:51] [V] [TRT]  (foreignNode)   54, 0.0338944, 2.05630, 0.37917, sm80_xmma_gemm_f32f32_f32f32_f32_tn_n_tilesize32x64x8_stage3_warpsize1x2x1_ffma_aligna4_alignc4, 0x5d8cddb313752, 
[07/22/2026-00:57:51] [V] [TRT]  (foreignNode)   40, 0.0340992, 2.06872, 0.36201, sm80_xmma_gemm_f32f32_f32f32_f32_nn_n_tilesize32x64x8_stage3_warpsize1x2x1_ffma_aligna4_alignc4, 0x3ff4c37c40729, 
[07/22/2026-00:57:51] [V] [TRT]  (foreignNode)   52, 0.0345088, 2.09357, 0.37138, sm80_xmma_gemm_f32f32_f32f32_f32_tn_n_tilesize32x128x8_stage3_warpsize1x2x1_ffma_aligna4_alignc4, 0x4f43a9b04391f, 
[07/22/2026-00:57:51] [V] [TRT]  (foreignNode)   31, 0.0345184, 2.09416, 0.27553, sm80_xmma_gemm_f32f32_f32f32_f32_tn_n_tilesize32x64x8_stage3_warpsize1x2x1_ffma_aligna4_alignc4, 0x2c6f6711d78f9, 
[07/22/2026-00:57:51] [V] [TRT]  (foreignNode)   45, 0.0347168, 2.10619, 0.36031, sm80_xmma_gemm_f32f32_f32f32_f32_nn_n_tilesize32x32x8_stage3_warpsize1x2x1_ffma_aligna4_alignc4, 0x4300afbf8d6ce, 
[07/22/2026-00:57:51] [V] [TRT]  (foreignNode)   94, 0.0353280, 2.14327, 0.53383, sm80_xmma_gemm_f32f32_f32f32_f32_nn_n_tilesize64x64x8_stage3_warpsize1x4x1_ffma_aligna4_alignc4, 0x662ed2e5fb610, 
[07/22/2026-00:57:51] [V] [TRT]  (foreignNode)   99, 0.0355328, 2.15570, 0.54480, sm80_xmma_gemm_f32f32_f32f32_f32_tn_n_tilesize64x64x8_stage3_warpsize1x4x1_ffma_aligna4_alignc4, 0x3a2ffc80b8582, 
[07/22/2026-00:57:51] [V] [TRT]  (foreignNode)   68, 0.0361472, 2.19297, 0.36466, sm80_xmma_gemm_f32f32_f32f32_f32_nn_n_tilesize64x32x8_stage3_warpsize1x2x1_ffma_aligna4_alignc4, 0x2fd80be19664b, 
[07/22/2026-00:57:51] [V] [TRT]  (foreignNode)   83, 0.0369600, 2.24228, 0.44875, sm80_xmma_gemm_f32f32_f32f32_f32_nn_n_tilesize64x128x8_stage3_warpsize1x4x1_ffma_aligna4_alignc4, 0x4cc3cf267019e, 
[07/22/2026-00:57:51] [V] [TRT]  (foreignNode)   66, 0.0369664, 2.24267, 0.35438, sm80_xmma_gemm_f32f32_f32f32_f32_tn_n_tilesize64x32x8_stage3_warpsize1x2x1_ffma_aligna4_alignc4, 0x4660d3d2f3a70, 
[07/22/2026-00:57:51] [V] [TRT]  (foreignNode)   16, 0.0371712, 2.25510, 0.23905, sm80_xmma_gemm_f32f32_f32f32_f32_nn_n_tilesize32x64x8_stage3_warpsize1x2x1_ffma_aligna4_alignc4, 0x2c1217a74827f, 
[07/22/2026-00:57:51] [V] [TRT]  (foreignNode)   44, 0.0373728, 2.26733, 0.33468, sm80_xmma_gemm_f32f32_f32f32_f32_nn_n_tilesize32x32x8_stage3_warpsize1x2x1_ffma_aligna4_alignc4, 0x4dd829acdf3ed, 
[07/22/2026-00:57:51] [V] [TRT]  (foreignNode)   53, 0.0373728, 2.26733, 0.34383, sm80_xmma_gemm_f32f32_f32f32_f32_tn_n_tilesize32x64x8_stage3_warpsize1x2x1_ffma_aligna4_alignc4, 0x30019d3168401, 
[07/22/2026-00:57:51] [V] [TRT]  (foreignNode)   65, 0.0373760, 2.26752, 0.35037, sm80_xmma_gemm_f32f32_f32f32_f32_nn_n_tilesize64x32x8_stage3_warpsize1x2x1_ffma_aligna4_alignc4, 0x35a50d9b9d9e3, 
[07/22/2026-00:57:51] [V] [TRT]  (foreignNode)   89, 0.0373760, 2.26752, 0.47012, sm80_xmma_gemm_f32f32_f32f32_f32_tn_n_tilesize64x128x8_stage3_warpsize1x4x1_ffma_aligna4_alignc4, 0x55a498a525afe, 
[07/22/2026-00:57:51] [V] [TRT]  (foreignNode)   14, 0.0375776, 2.27975, 0.23460, sm80_xmma_gemm_f32f32_f32f32_f32_nn_n_tilesize32x32x8_stage3_warpsize1x2x1_ffma_aligna4_alignc4, 0x38207f0b16feb, 
[07/22/2026-00:57:51] [V] [TRT]  (foreignNode)   56, 0.0379904, 2.30480, 0.33943, sm80_xmma_gemm_f32f32_f32f32_f32_tn_n_tilesize32x32x8_stage3_warpsize1x2x1_ffma_aligna4_alignc4, 0x6359a24b247b5, 
[07/22/2026-00:57:51] [V] [TRT]  (foreignNode)   61, 0.0379904, 2.30480, 0.34246, sm80_xmma_gemm_f32f32_f32f32_f32_tn_n_tilesize64x32x8_stage3_warpsize1x2x1_ffma_aligna4_alignc4, 0x5ade1c7730cc9, 
[07/22/2026-00:57:51] [V] [TRT]  (foreignNode)   87, 0.0385952, 2.34149, 0.45103, sm80_xmma_gemm_f32f32_f32f32_f32_nn_n_tilesize64x256x8_stage3_warpsize1x4x1_ffma_aligna4_alignc4, 0x66f9afa091402, 
[07/22/2026-00:57:51] [V] [TRT]  (foreignNode)   22, 0.0387936, 2.35352, 0.23514, sm80_xmma_gemm_f32f32_f32f32_f32_tn_n_tilesize32x64x8_stage3_warpsize1x2x1_ffma_aligna4_alignc4, 0x4d088d1d0753c, 
[07/22/2026-00:57:51] [V] [TRT]  (foreignNode)   20, 0.0390144, 2.36692, 0.22977, sm80_xmma_gemm_f32f32_f32f32_f32_tn_n_tilesize32x32x8_stage3_warpsize1x2x1_ffma_aligna4_alignc4, 0x56f9a9b1ebc66, 
[07/22/2026-00:57:51] [V] [TRT]  (foreignNode)   92, 0.0392224, 2.37954, 0.47962, sm80_xmma_gemm_f32f32_f32f32_f32_nn_n_tilesize32x128x8_stage3_warpsize1x2x1_ffma_aligna4_alignc4, 0x61085aa529232, 
[07/22/2026-00:57:51] [V] [TRT]  (foreignNode)   90, 0.0394208, 2.39157, 0.45672, sm80_xmma_gemm_f32f32_f32f32_f32_tn_n_tilesize32x128x8_stage3_warpsize1x2x1_ffma_aligna4_alignc4, 0x68489445757c4, 
[07/22/2026-00:57:51] [V] [TRT]  (foreignNode)   55, 0.0410624, 2.49117, 0.31401, sm80_xmma_gemm_f32f32_f32f32_f32_tn_n_tilesize32x32x8_stage3_warpsize1x2x1_ffma_aligna4_alignc4, 0x38b53ffd5e6f2, 
[07/22/2026-00:57:51] [V] [TRT]  (foreignNode)   72, 0.0427072, 2.59095, 0.31574, sm80_xmma_gemm_f32f32_f32f32_f32_nn_n_tilesize32x128x8_stage3_warpsize1x2x1_ffma_aligna4_alignc4, 0x3e5b3a75a1a8c, 
[07/22/2026-00:57:51] [V] [TRT]  (foreignNode)   64, 0.0431104, 2.61541, 0.30373, sm80_xmma_gemm_f32f32_f32f32_f32_nn_n_tilesize64x32x8_stage3_warpsize1x2x1_ffma_aligna4_alignc4, 0x69d1a2cae29cb, 
[07/22/2026-00:57:51] [V] [TRT]  (foreignNode)   42, 0.0433248, 2.62842, 0.28822, sm80_xmma_gemm_f32f32_f32f32_f32_tn_n_tilesize32x128x8_stage3_warpsize1x2x1_ffma_aligna4_alignc4, 0x48a9925bbbad3, 
[07/22/2026-00:57:51] [V] [TRT]  (foreignNode)   60, 0.0435200, 2.64026, 0.29891, sm80_xmma_gemm_f32f32_f32f32_f32_tn_n_tilesize64x32x8_stage3_warpsize1x2x1_ffma_aligna4_alignc4, 0x29561118f29d3, 
[07/22/2026-00:57:51] [V] [TRT]  (foreignNode)   36, 0.0473984, 2.87556, 0.25139, sm80_xmma_gemm_f32f32_f32f32_f32_nn_n_tilesize64x64x8_stage3_warpsize1x4x1_ffma_aligna4_alignc4, 0x4473ab63599ec, 
[07/22/2026-00:57:51] [V] [TRT]  (foreignNode)   38, 0.0478208, 2.90118, 0.25434, sm80_xmma_gemm_f32f32_f32f32_f32_tn_n_tilesize64x64x8_stage3_warpsize1x4x1_ffma_aligna4_alignc4, 0x6b9f4c0beb63d, 
[07/22/2026-00:57:51] [V] [TRT]  (foreignNode)   70, 0.0504800, 3.06251, 0.26596, sm80_xmma_gemm_f32f32_f32f32_f32_tn_n_tilesize64x32x8_stage3_warpsize1x2x1_ffma_aligna4_alignc4, 0x333586b578bcc, 
[07/22/2026-00:57:51] [V] [TRT]  (foreignNode)   98, 0.0504800, 3.06251, 0.37916, sm80_xmma_gemm_f32f32_f32f32_f32_nn_n_tilesize32x64x8_stage3_warpsize1x2x1_ffma_aligna4_alignc4, 0x470641267f24f, 
[07/22/2026-00:57:51] [V] [TRT]  (foreignNode)   74, 0.0510976, 3.09998, 0.26428, sm80_xmma_gemm_f32f32_f32f32_f32_nn_n_tilesize64x32x8_stage3_warpsize1x2x1_ffma_aligna4_alignc4, 0x4ddaef3c641b6, 
[07/22/2026-00:57:51] [V] [TRT]  (foreignNode)   97, 0.0521248, 3.16230, 0.36717, sm80_xmma_gemm_f32f32_f32f32_f32_nn_n_tilesize32x64x8_stage3_warpsize1x2x1_ffma_aligna4_alignc4, 0x4f9659464974f, 
[07/22/2026-00:57:51] [V] [TRT]  (foreignNode)   80, 0.0523232, 3.17434, 0.30687, sm80_xmma_gemm_f32f32_f32f32_f32_nn_n_tilesize64x128x8_stage3_warpsize1x4x1_ffma_aligna4_alignc4, 0x3fdc2768a966d, 
[07/22/2026-00:57:51] [V] [TRT]  (foreignNode)   84, 0.0535520, 3.24888, 0.31732, sm80_xmma_gemm_f32f32_f32f32_f32_tn_n_tilesize64x128x8_stage3_warpsize1x4x1_ffma_aligna4_alignc4, 0x6a58bd0adbba3, 
[07/22/2026-00:57:51] [V] [TRT]  (foreignNode)   96, 0.0590816, 3.58435, 0.32255, sm80_xmma_gemm_f32f32_f32f32_f32_nn_n_tilesize32x32x8_stage3_warpsize1x2x1_ffma_aligna4_alignc4, 0x3d588300e3f93, 
[07/22/2026-00:57:51] [V] [TRT]  (foreignNode)   26, 0.0631904, 3.83362, 0.14638, sm80_xmma_gemm_f32f32_f32f32_f32_nn_n_tilesize32x64x8_stage3_warpsize1x2x1_ffma_aligna4_alignc4, 0x2b919abc807d1, 
[07/22/2026-00:57:51] [V] [TRT]  (foreignNode)   76, 0.0650240, 3.94487, 0.21232, sm80_xmma_gemm_f32f32_f32f32_f32_nn_n_tilesize32x128x8_stage3_warpsize1x2x1_ffma_aligna4_alignc4, 0x69ac32b65dbfc, 
[07/22/2026-00:57:51] [V] [TRT]  (foreignNode)   51, 0.0658400, 3.99437, 0.19461, sm80_xmma_gemm_f32f32_f32f32_f32_tn_n_tilesize32x128x8_stage3_warpsize1x2x1_ffma_aligna4_alignc4, 0x36bd35d727f8c, 
[07/22/2026-00:57:51] [V] [TRT]  (foreignNode)   30, 0.0660480, 4.00699, 0.14397, sm80_xmma_gemm_f32f32_f32f32_f32_tn_n_tilesize32x64x8_stage3_warpsize1x2x1_ffma_aligna4_alignc4, 0x32d541cef01a4, 
[07/22/2026-00:57:51] [V] [TRT]  (foreignNode)    0, 0.0695296, 4.21821, 0.12338, sm80_xmma_gemm_f32f32_f32f32_f32_nn_n_tilesize32x32x8_stage3_warpsize1x2x1_ffma_aligna4_alignc4, 0x35c4b157a016d, 
[07/22/2026-00:57:51] [V] [TRT]  (foreignNode)    8, 0.0709632, 4.30518, 0.12279, sm80_xmma_gemm_f32f32_f32f32_f32_tn_n_tilesize32x32x8_stage3_warpsize1x2x1_ffma_aligna4_alignc4, 0x4c6cca9ee63e9, 
[07/22/2026-00:57:51] [V] [TRT]  (foreignNode)   46, 0.0799712, 4.85168, 0.15684, sm80_xmma_gemm_f32f32_f32f32_f32_nn_n_tilesize64x64x8_stage3_warpsize1x4x1_ffma_aligna4_alignc4, 0x2cb66816b4f39, 
[07/22/2026-00:57:51] [V] [TRT]  (foreignNode)   49, 0.0807904, 4.90138, 0.15851, sm80_xmma_gemm_f32f32_f32f32_f32_tn_n_tilesize64x64x8_stage3_warpsize1x4x1_ffma_aligna4_alignc4, 0x5b966e3477506, 
[07/22/2026-00:57:51] [V] [TRT]  (foreignNode)   82, 0.0865376, 5.25005, 0.19163, sm80_xmma_gemm_f32f32_f32f32_f32_nn_n_tilesize64x128x8_stage3_warpsize1x4x1_ffma_aligna4_alignc4, 0x2ed2ddcdd68f5, 
[07/22/2026-00:57:51] [V] [TRT]  (foreignNode)   58, 0.0887808, 5.38614, 0.14631, sm80_xmma_gemm_f32f32_f32f32_f32_tn_n_tilesize64x32x8_stage3_warpsize1x2x1_ffma_aligna4_alignc4, 0x2c42b43bb1794, 
[07/22/2026-00:57:51] [V] [TRT]  (foreignNode)   88, 0.0887808, 5.38614, 0.19788, sm80_xmma_gemm_f32f32_f32f32_f32_tn_n_tilesize64x128x8_stage3_warpsize1x4x1_ffma_aligna4_alignc4, 0x2d81d06f16b22, 
[07/22/2026-00:57:51] [V] [TRT]  (foreignNode)   62, 0.0896032, 5.43603, 0.14593, sm80_xmma_gemm_f32f32_f32f32_f32_nn_n_tilesize64x32x8_stage3_warpsize1x2x1_ffma_aligna4_alignc4, 0x302ea418890aa, 
[07/22/2026-00:57:51] [V] [TRT]  (foreignNode)   86, 0.1116160, 6.77150, 0.15593, sm80_xmma_gemm_f32f32_f32f32_f32_nn_n_tilesize64x256x8_stage3_warpsize1x4x1_ffma_aligna4_alignc4, 0x488109957e152, 
[07/22/2026-00:57:51] [V] [TRT]  (foreignNode) Autotuning op node_linear_1_2: [ONNX Layer: node_linear_1]
[07/22/2026-00:57:51] [V] [TRT]  (foreignNode) Sorted table of all evaluated tactics:
[07/22/2026-00:57:51] [V] [TRT]  (foreignNode) tactic_id, cost(in ms), cost/fastest_cost, prediction_correlation, kernel_name, tactic_hash, tunable_parameter
[07/22/2026-00:57:51] [V] [TRT]  (foreignNode)    1, 0.0087040, 1.00000, 0.56521, sm80_xmma_gemm_f32f32_f32f32_f32_nn_n_tilesize32x32x8_stage3_warpsize1x2x1_ffma_aligna4_alignc4, 0x375c64d280503, 
[07/22/2026-00:57:51] [V] [TRT]  (foreignNode)    0, 0.0089056, 1.02316, 0.54934, sm80_xmma_gemm_f32f32_f32f32_f32_tn_n_tilesize32x32x8_stage3_warpsize1x2x1_ffma_aligna4_alignc4, 0x3130e586a6bec, 
[07/22/2026-00:57:51] [V] [TRT]  (foreignNode)    3, 0.0089088, 1.02353, 0.56927, sm80_xmma_gemm_f32f32_f32f32_f32_nn_n_tilesize32x32x8_stage3_warpsize1x2x1_ffma_aligna4_alignc4, 0x2d95d49a3e318, 
[07/22/2026-00:57:51] [V] [TRT]  (foreignNode)    2, 0.0093216, 1.07096, 0.54166, sm80_xmma_gemm_f32f32_f32f32_f32_tn_n_tilesize32x32x8_stage3_warpsize1x2x1_ffma_aligna4_alignc4, 0x36d2521bef05c, 
[07/22/2026-00:57:51] [V] [TRT]  (foreignNode)    4, 0.0101344, 1.16434, 0.56377, sm80_xmma_gemm_f32f32_f32f32_f32_nn_n_tilesize32x32x8_stage3_warpsize1x2x1_ffma_aligna4_alignc4, 0x5fe9b1e1a411f, 
[07/22/2026-00:57:51] [V] [TRT]  (foreignNode)   14, 0.0101376, 1.16471, 0.65358, sm80_xmma_gemm_f32f32_f32f32_f32_tn_n_tilesize64x64x8_stage3_warpsize1x4x1_ffma_aligna4_alignc4, 0x689e052c04bb8, 
[07/22/2026-00:57:51] [V] [TRT]  (foreignNode)   13, 0.0101408, 1.16507, 0.64472, sm80_xmma_gemm_f32f32_f32f32_f32_nn_n_tilesize64x64x8_stage3_warpsize1x4x1_ffma_aligna4_alignc4, 0x45d244c16a634, 
[07/22/2026-00:57:51] [V] [TRT]  (foreignNode)   17, 0.0105248, 1.20919, 0.67715, sm80_xmma_gemm_f32f32_f32f32_f32_tn_n_tilesize64x64x8_stage3_warpsize1x4x1_ffma_aligna4_alignc4, 0x502caaad720b5, 
[07/22/2026-00:57:51] [V] [TRT]  (foreignNode)    5, 0.0107520, 1.23529, 0.53145, sm80_xmma_gemm_f32f32_f32f32_f32_tn_n_tilesize32x32x8_stage3_warpsize1x2x1_ffma_aligna4_alignc4, 0x36b47d262798f, 
[07/22/2026-00:57:51] [V] [TRT]  (foreignNode)   16, 0.0107520, 1.23529, 0.65352, sm80_xmma_gemm_f32f32_f32f32_f32_nn_n_tilesize64x64x8_stage3_warpsize1x4x1_ffma_aligna4_alignc4, 0x62feb549424e1, 
[07/22/2026-00:57:51] [V] [TRT]  (foreignNode)   22, 0.0111584, 1.28199, 0.68663, sm80_xmma_gemm_f32f32_f32f32_f32_nn_n_tilesize128x32x8_stage3_warpsize2x2x1_ffma_aligna4_alignc4, 0x33eec6e6be939, 
[07/22/2026-00:57:51] [V] [TRT]  (foreignNode)    8, 0.0111616, 1.28235, 0.55959, sm80_xmma_gemm_f32f32_f32f32_f32_tn_n_tilesize64x32x8_stage3_warpsize1x2x1_ffma_aligna4_alignc4, 0x34cb12f497acb, 
[07/22/2026-00:57:51] [V] [TRT]  (foreignNode)   10, 0.0111616, 1.28235, 0.57312, sm80_xmma_gemm_f32f32_f32f32_f32_nn_n_tilesize64x32x8_stage3_warpsize1x2x1_ffma_aligna4_alignc4, 0x45756b5902f85, 
[07/22/2026-00:57:51] [V] [TRT]  (foreignNode)    6, 0.0113632, 1.30551, 0.53456, sm80_xmma_gemm_f32f32_f32f32_f32_nn_n_tilesize32x64x8_stage3_warpsize1x2x1_ffma_aligna4_alignc4, 0x613d221e058eb, 
[07/22/2026-00:57:51] [V] [TRT]  (foreignNode)   25, 0.0115712, 1.32941, 0.68752, sm80_xmma_gemm_f32f32_f32f32_f32_tn_n_tilesize128x32x8_stage3_warpsize2x2x1_ffma_aligna4_alignc4, 0x650a3e1dfa64f, 
[07/22/2026-00:57:51] [V] [TRT]  (foreignNode)   12, 0.0117728, 1.35257, 0.55394, sm80_xmma_gemm_f32f32_f32f32_f32_tn_n_tilesize64x32x8_stage3_warpsize1x2x1_ffma_aligna4_alignc4, 0x450c2fd8f29fc, 
[07/22/2026-00:57:51] [V] [TRT]  (foreignNode)   26, 0.0117728, 1.35257, 0.70036, sm80_xmma_gemm_f32f32_f32f32_f32_nn_n_tilesize128x32x8_stage3_warpsize2x2x1_ffma_aligna4_alignc4, 0x4e9efa83b5a1f, 
[07/22/2026-00:57:51] [V] [TRT]  (foreignNode)    9, 0.0117760, 1.35294, 0.53850, sm80_xmma_gemm_f32f32_f32f32_f32_nn_n_tilesize32x64x8_stage3_warpsize1x2x1_ffma_aligna4_alignc4, 0x5607f7a4f38e4, 
[07/22/2026-00:57:51] [V] [TRT]  (foreignNode)   15, 0.0117792, 1.35331, 0.56645, sm80_xmma_gemm_f32f32_f32f32_f32_nn_n_tilesize64x32x8_stage3_warpsize1x2x1_ffma_aligna4_alignc4, 0x66fb30c459800, 
[07/22/2026-00:57:51] [V] [TRT]  (foreignNode)    7, 0.0121760, 1.39890, 0.50400, sm80_xmma_gemm_f32f32_f32f32_f32_tn_n_tilesize32x64x8_stage3_warpsize1x2x1_ffma_aligna4_alignc4, 0x401ae8eca20c9, 
[07/22/2026-00:57:51] [V] [TRT]  (foreignNode)   27, 0.0121920, 1.40074, 0.70225, sm80_xmma_gemm_f32f32_f32f32_f32_tn_n_tilesize128x32x8_stage3_warpsize2x2x1_ffma_aligna4_alignc4, 0x43e099d12feef, 
[07/22/2026-00:57:51] [V] [TRT]  (foreignNode)   11, 0.0125952, 1.44706, 0.50954, sm80_xmma_gemm_f32f32_f32f32_f32_tn_n_tilesize32x64x8_stage3_warpsize1x2x1_ffma_aligna4_alignc4, 0x2b7a3f080d8a7, 
[07/22/2026-00:57:51] [V] [TRT]  (foreignNode)   28, 0.0128000, 1.47059, 0.71203, sm80_xmma_gemm_f32f32_f32f32_f32_nn_n_tilesize64x64x8_stage3_warpsize1x4x1_ffma_aligna4_alignc4, 0x662109cb652ba, 
[07/22/2026-00:57:51] [V] [TRT]  (foreignNode)   29, 0.0128000, 1.47059, 0.72434, sm80_xmma_gemm_f32f32_f32f32_f32_tn_n_tilesize64x64x8_stage3_warpsize1x4x1_ffma_aligna4_alignc4, 0x5f958a96bf2de, 
[07/22/2026-00:57:51] [V] [TRT]  (foreignNode)   20, 0.0136192, 1.56471, 0.54850, sm80_xmma_gemm_f32f32_f32f32_f32_nn_n_tilesize32x64x8_stage3_warpsize1x2x1_ffma_aligna4_alignc4, 0x3c49972dd6ea2, 
[07/22/2026-00:57:51] [V] [TRT]  (foreignNode)   18, 0.0142336, 1.63529, 0.50749, sm80_xmma_gemm_f32f32_f32f32_f32_nn_n_tilesize32x32x8_stage3_warpsize1x2x1_ffma_aligna4_alignc4, 0x52918114cb0bf, 
[07/22/2026-00:57:51] [V] [TRT]  (foreignNode)   44, 0.0146432, 1.68235, 0.85943, sm80_xmma_gemm_f32f32_f32f32_f32_nn_n_tilesize128x64x8_stage3_warpsize2x2x1_ffma_aligna4_alignc4, 0x409dd7bed51b8, 
[07/22/2026-00:57:51] [V] [TRT]  (foreignNode)   21, 0.0146464, 1.68272, 0.51963, sm80_xmma_gemm_f32f32_f32f32_f32_tn_n_tilesize32x64x8_stage3_warpsize1x2x1_ffma_aligna4_alignc4, 0x67f4a6869417f, 
[07/22/2026-00:57:51] [V] [TRT]  (foreignNode)   43, 0.0146496, 1.68309, 0.85696, sm80_xmma_gemm_f32f32_f32f32_f32_tn_n_tilesize128x64x8_stage3_warpsize2x2x1_ffma_aligna4_alignc4, 0x381478c75fef6, 
[07/22/2026-00:57:51] [V] [TRT]  (foreignNode)   24, 0.0148480, 1.70588, 0.52761, sm80_xmma_gemm_f32f32_f32f32_f32_nn_n_tilesize64x32x8_stage3_warpsize1x2x1_ffma_aligna4_alignc4, 0x4f71511891fcc, 
[07/22/2026-00:57:51] [V] [TRT]  (foreignNode)   37, 0.0148480, 1.70588, 0.72355, sm80_xmma_gemm_f32f32_f32f32_f32_nn_n_tilesize128x32x8_stage3_warpsize2x2x1_ffma_aligna4_alignc4, 0x48050e8716440, 
[07/22/2026-00:57:51] [V] [TRT]  (foreignNode)   23, 0.0150528, 1.72941, 0.51064, sm80_xmma_gemm_f32f32_f32f32_f32_tn_n_tilesize64x32x8_stage3_warpsize1x2x1_ffma_aligna4_alignc4, 0x4cbbdb471212e, 
[07/22/2026-00:57:51] [V] [TRT]  (foreignNode)   42, 0.0150528, 1.72941, 0.81112, sm80_xmma_gemm_f32f32_f32f32_f32_nn_n_tilesize64x128x8_stage3_warpsize1x4x1_ffma_aligna4_alignc4, 0x54a86bd42e014, 
[07/22/2026-00:57:51] [V] [TRT]  (foreignNode)   45, 0.0154528, 1.77537, 0.82913, sm80_xmma_gemm_f32f32_f32f32_f32_tn_n_tilesize64x128x8_stage3_warpsize1x4x1_ffma_aligna4_alignc4, 0x66c2c20c3535e, 
[07/22/2026-00:57:51] [V] [TRT]  (foreignNode)   39, 0.0154592, 1.77610, 0.72183, sm80_xmma_gemm_f32f32_f32f32_f32_tn_n_tilesize128x32x8_stage3_warpsize2x2x1_ffma_aligna4_alignc4, 0x5a5546b2c3ceb, 
[07/22/2026-00:57:51] [V] [TRT]  (foreignNode)   19, 0.0154656, 1.77684, 0.47131, sm80_xmma_gemm_f32f32_f32f32_f32_tn_n_tilesize32x32x8_stage3_warpsize1x2x1_ffma_aligna4_alignc4, 0x2d257d90c4698, 
[07/22/2026-00:57:51] [V] [TRT]  (foreignNode)   40, 0.0156480, 1.79779, 0.71788, sm80_xmma_gemm_f32f32_f32f32_f32_nn_n_tilesize32x128x8_stage3_warpsize1x2x1_ffma_aligna4_alignc4, 0x3a2d56608611f, 
[07/22/2026-00:57:51] [V] [TRT]  (foreignNode)   47, 0.0156640, 1.79963, 0.88676, sm80_xmma_gemm_f32f32_f32f32_f32_tn_n_tilesize128x64x8_stage3_warpsize2x2x1_ffma_aligna4_alignc4, 0x5e990ff49f4f2, 
[07/22/2026-00:57:51] [V] [TRT]  (foreignNode)   33, 0.0156672, 1.80000, 0.65283, sm80_xmma_gemm_f32f32_f32f32_f32_tn_n_tilesize32x128x8_stage3_warpsize1x2x1_ffma_aligna4_alignc4, 0x4e29a79eb665e, 
[07/22/2026-00:57:51] [V] [TRT]  (foreignNode)   48, 0.0156704, 1.80037, 0.88745, sm80_xmma_gemm_f32f32_f32f32_f32_nn_n_tilesize128x64x8_stage3_warpsize2x2x1_ffma_aligna4_alignc4, 0x4afdca2cf39d6, 
[07/22/2026-00:57:51] [V] [TRT]  (foreignNode)   46, 0.0160768, 1.84706, 0.83745, sm80_xmma_gemm_f32f32_f32f32_f32_nn_n_tilesize64x128x8_stage3_warpsize1x4x1_ffma_aligna4_alignc4, 0x5995c39373691, 
[07/22/2026-00:57:51] [V] [TRT]  (foreignNode)   41, 0.0162816, 1.87059, 0.73407, sm80_xmma_gemm_f32f32_f32f32_f32_nn_n_tilesize32x128x8_stage3_warpsize1x2x1_ffma_aligna4_alignc4, 0x59741f4b012d7, 
[07/22/2026-00:57:51] [V] [TRT]  (foreignNode)   51, 0.0164832, 1.89375, 0.85973, sm80_xmma_gemm_f32f32_f32f32_f32_tn_n_tilesize64x128x8_stage3_warpsize1x4x1_ffma_aligna4_alignc4, 0x2aaaa7eae3e53, 
[07/22/2026-00:57:51] [V] [TRT]  (foreignNode)   38, 0.0164992, 1.89559, 0.66336, sm80_xmma_gemm_f32f32_f32f32_f32_tn_n_tilesize32x128x8_stage3_warpsize1x2x1_ffma_aligna4_alignc4, 0x5f109d2e912b7, 
[07/22/2026-00:57:51] [V] [TRT]  (foreignNode)   53, 0.0191488, 2.20000, 0.75431, sm80_xmma_gemm_f32f32_f32f32_f32_tn_n_tilesize64x64x8_stage3_warpsize1x4x1_ffma_aligna4_alignc4, 0x5da159609cd8f, 
[07/22/2026-00:57:51] [V] [TRT]  (foreignNode)   50, 0.0195552, 2.24669, 0.72245, sm80_xmma_gemm_f32f32_f32f32_f32_nn_n_tilesize64x64x8_stage3_warpsize1x4x1_ffma_aligna4_alignc4, 0x42d591c7d394a, 
[07/22/2026-00:57:51] [V] [TRT]  (foreignNode)   32, 0.0197632, 2.27059, 0.51223, sm80_xmma_gemm_f32f32_f32f32_f32_nn_n_tilesize32x64x8_stage3_warpsize1x2x1_ffma_aligna4_alignc4, 0x6678c98a39d72, 
[07/22/2026-00:57:51] [V] [TRT]  (foreignNode)   56, 0.0199584, 2.29301, 0.75029, sm80_xmma_gemm_f32f32_f32f32_f32_nn_n_tilesize32x128x8_stage3_warpsize1x2x1_ffma_aligna4_alignc4, 0x3db1b5da0931f, 
[07/22/2026-00:57:51] [V] [TRT]  (foreignNode)   49, 0.0199712, 2.29449, 0.70114, sm80_xmma_gemm_f32f32_f32f32_f32_tn_n_tilesize32x128x8_stage3_warpsize1x2x1_ffma_aligna4_alignc4, 0x40b41f2e2e3a4, 
[07/22/2026-00:57:51] [V] [TRT]  (foreignNode)   60, 0.0201728, 2.31765, 0.93371, sm80_xmma_gemm_f32f32_f32f32_f32_nn_n_tilesize64x128x8_stage3_warpsize1x4x1_ffma_aligna4_alignc4, 0x6040b352bdd53, 
[07/22/2026-00:57:51] [V] [TRT]  (foreignNode)   64, 0.0201760, 2.31801, 0.99293, sm80_xmma_gemm_f32f32_f32f32_f32_tn_n_tilesize64x128x8_stage3_warpsize1x4x1_ffma_aligna4_alignc4, 0x3765cecf1ff5a, 
[07/22/2026-00:57:51] [V] [TRT]  (foreignNode)   61, 0.0205824, 2.36471, 0.95234, sm80_xmma_gemm_f32f32_f32f32_f32_nn_n_tilesize128x64x8_stage3_warpsize2x2x1_ffma_aligna4_alignc4, 0x2f4778ced3c90, 
[07/22/2026-00:57:51] [V] [TRT]  (foreignNode)   62, 0.0205888, 2.36544, 0.95501, sm80_xmma_gemm_f32f32_f32f32_f32_tn_n_tilesize128x64x8_stage3_warpsize2x2x1_ffma_aligna4_alignc4, 0x42cc42270a540, 
[07/22/2026-00:57:51] [V] [TRT]  (foreignNode)   30, 0.0209920, 2.41176, 0.44904, sm80_xmma_gemm_f32f32_f32f32_f32_nn_n_tilesize32x32x8_stage3_warpsize1x2x1_ffma_aligna4_alignc4, 0x318dc4e4ac43d, 
[07/22/2026-00:57:51] [V] [TRT]  (foreignNode)   65, 0.0209952, 2.41213, 0.99252, sm80_xmma_gemm_f32f32_f32f32_f32_nn_n_tilesize128x128x8_stage3_warpsize2x2x1_ffma_aligna4_alignc4, 0x2ba50688e867e, 
[07/22/2026-00:57:51] [V] [TRT]  (foreignNode)   70, 0.0216064, 2.48235, 1.02905, sm80_xmma_gemm_f32f32_f32f32_f32_tn_n_tilesize128x128x8_stage3_warpsize2x2x1_ffma_aligna4_alignc4, 0x501f380e1f427, 
[07/22/2026-00:57:51] [V] [TRT]  (foreignNode)   71, 0.0220160, 2.52941, 1.01957, sm80_xmma_gemm_f32f32_f32f32_f32_nn_n_tilesize256x64x8_stage3_warpsize2x2x1_ffma_aligna4_alignc4, 0x5ef528f06d566, 
[07/22/2026-00:57:51] [V] [TRT]  (foreignNode)   35, 0.0222208, 2.55294, 0.46995, sm80_xmma_gemm_f32f32_f32f32_f32_tn_n_tilesize32x64x8_stage3_warpsize1x2x1_ffma_aligna4_alignc4, 0x64deb12f32c99, 
[07/22/2026-00:57:51] [V] [TRT]  (foreignNode)   63, 0.0224256, 2.57647, 0.87874, sm80_xmma_gemm_f32f32_f32f32_f32_nn_n_tilesize64x256x8_stage3_warpsize1x4x1_ffma_aligna4_alignc4, 0x6a582054fdddc, 
[07/22/2026-00:57:51] [V] [TRT]  (foreignNode)   74, 0.0226240, 2.59926, 1.04044, sm80_xmma_gemm_f32f32_f32f32_f32_tn_n_tilesize256x64x8_stage3_warpsize2x2x1_ffma_aligna4_alignc4, 0x44f341d950fbb, 
[07/22/2026-00:57:51] [V] [TRT]  (foreignNode)   73, 0.0228352, 2.62353, 1.02875, sm80_xmma_gemm_f32f32_f32f32_f32_nn_n_tilesize128x128x8_stage3_warpsize2x2x1_ffma_aligna4_alignc4, 0x40b2e9fdaaf1b, 
[07/22/2026-00:57:51] [V] [TRT]  (foreignNode)   58, 0.0230240, 2.64522, 0.72798, sm80_xmma_gemm_f32f32_f32f32_f32_nn_n_tilesize128x32x8_stage3_warpsize2x2x1_ffma_aligna4_alignc4, 0x3c8ce15849055, 
[07/22/2026-00:57:51] [V] [TRT]  (foreignNode)   36, 0.0234496, 2.69412, 0.44996, sm80_xmma_gemm_f32f32_f32f32_f32_nn_n_tilesize64x32x8_stage3_warpsize1x2x1_ffma_aligna4_alignc4, 0x37fc6ada1dda4, 
[07/22/2026-00:57:51] [V] [TRT]  (foreignNode)   69, 0.0234496, 2.69412, 0.94697, sm80_xmma_gemm_f32f32_f32f32_f32_nn_n_tilesize64x256x8_stage3_warpsize1x4x1_ffma_aligna4_alignc4, 0x4febf8dc1ac65, 
[07/22/2026-00:57:51] [V] [TRT]  (foreignNode)   31, 0.0234592, 2.69522, 0.40960, sm80_xmma_gemm_f32f32_f32f32_f32_tn_n_tilesize32x32x8_stage3_warpsize1x2x1_ffma_aligna4_alignc4, 0x5b54556b8cbde, 
[07/22/2026-00:57:51] [V] [TRT]  (foreignNode)   77, 0.0236544, 2.71765, 1.05841, sm80_xmma_gemm_f32f32_f32f32_f32_tn_n_tilesize128x128x8_stage3_warpsize2x2x1_ffma_aligna4_alignc4, 0x47bc440df52af, 
[07/22/2026-00:57:51] [V] [TRT]  (foreignNode)   34, 0.0238560, 2.74081, 0.43712, sm80_xmma_gemm_f32f32_f32f32_f32_tn_n_tilesize64x32x8_stage3_warpsize1x2x1_ffma_aligna4_alignc4, 0x6bc0d70a557bb, 
[07/22/2026-00:57:51] [V] [TRT]  (foreignNode)   68, 0.0238560, 2.74081, 0.92259, sm80_xmma_gemm_f32f32_f32f32_f32_tn_n_tilesize64x256x8_stage3_warpsize1x4x1_ffma_aligna4_alignc4, 0x3311d3945e2b2, 
[07/22/2026-00:57:51] [V] [TRT]  (foreignNode)   59, 0.0242656, 2.78787, 0.71778, sm80_xmma_gemm_f32f32_f32f32_f32_tn_n_tilesize128x32x8_stage3_warpsize2x2x1_ffma_aligna4_alignc4, 0x36642492460c3, 
[07/22/2026-00:57:51] [V] [TRT]  (foreignNode)   78, 0.0242720, 2.78860, 1.04407, sm80_xmma_gemm_f32f32_f32f32_f32_nn_n_tilesize256x64x8_stage3_warpsize2x2x1_ffma_aligna4_alignc4, 0x4cb4ffab10fe7, 
[07/22/2026-00:57:51] [V] [TRT]  (foreignNode)   79, 0.0250848, 2.88199, 1.06016, sm80_xmma_gemm_f32f32_f32f32_f32_tn_n_tilesize256x64x8_stage3_warpsize2x2x1_ffma_aligna4_alignc4, 0x441a73f687447, 
[07/22/2026-00:57:51] [V] [TRT]  (foreignNode)   76, 0.0259040, 2.97610, 0.96121, sm80_xmma_gemm_f32f32_f32f32_f32_tn_n_tilesize64x256x8_stage3_warpsize1x4x1_ffma_aligna4_alignc4, 0x3a1d14edf0c2f, 
[07/22/2026-00:57:51] [V] [TRT]  (foreignNode)   67, 0.0302048, 3.47022, 0.72734, sm80_xmma_gemm_f32f32_f32f32_f32_nn_n_tilesize32x128x8_stage3_warpsize1x2x1_ffma_aligna4_alignc4, 0x552ba98e2d1df, 
[07/22/2026-00:57:51] [V] [TRT]  (foreignNode)   75, 0.0303968, 3.49228, 0.78141, sm80_xmma_gemm_f32f32_f32f32_f32_tn_n_tilesize64x64x8_stage3_warpsize1x4x1_ffma_aligna4_alignc4, 0x5b14695c1c30a, 
[07/22/2026-00:57:51] [V] [TRT]  (foreignNode)   66, 0.0304128, 3.49412, 0.69992, sm80_xmma_gemm_f32f32_f32f32_f32_tn_n_tilesize32x128x8_stage3_warpsize1x2x1_ffma_aligna4_alignc4, 0x5a70723845100, 
[07/22/2026-00:57:51] [V] [TRT]  (foreignNode)   72, 0.0308192, 3.54081, 0.74958, sm80_xmma_gemm_f32f32_f32f32_f32_nn_n_tilesize64x64x8_stage3_warpsize1x4x1_ffma_aligna4_alignc4, 0x2f2aca771899b, 
[07/22/2026-00:57:51] [V] [TRT]  (foreignNode)   95, 0.0308224, 3.54118, 1.12977, sm80_xmma_gemm_f32f32_f32f32_f32_nn_n_tilesize128x128x8_stage3_warpsize2x2x1_ffma_aligna4_alignc4, 0x3512d31980075, 
[07/22/2026-00:57:51] [V] [TRT]  (foreignNode)   52, 0.0312160, 3.58640, 0.46028, sm80_xmma_gemm_f32f32_f32f32_f32_nn_n_tilesize32x64x8_stage3_warpsize1x2x1_ffma_aligna4_alignc4, 0x5d15e8c223835, 
[07/22/2026-00:57:51] [V] [TRT]  (foreignNode)   88, 0.0316416, 3.63529, 1.03875, sm80_xmma_gemm_f32f32_f32f32_f32_nn_n_tilesize64x256x8_stage3_warpsize1x4x1_ffma_aligna4_alignc4, 0x671bbcee39393, 
[07/22/2026-00:57:51] [V] [TRT]  (foreignNode)   86, 0.0318464, 3.65882, 0.99794, sm80_xmma_gemm_f32f32_f32f32_f32_nn_n_tilesize64x128x8_stage3_warpsize1x4x1_ffma_aligna4_alignc4, 0x617ef09bda25a, 
[07/22/2026-00:57:51] [V] [TRT]  (foreignNode)   98, 0.0322560, 3.70588, 1.14609, sm80_xmma_gemm_f32f32_f32f32_f32_tn_n_tilesize128x128x8_stage3_warpsize2x2x1_ffma_aligna4_alignc4, 0x60023bec68dd5, 
[07/22/2026-00:57:51] [V] [TRT]  (foreignNode)   81, 0.0326656, 3.75294, 0.86909, sm80_xmma_gemm_f32f32_f32f32_f32_nn_n_tilesize128x256x8_stage3_warpsize2x4x1_ffma_aligna4_alignc4, 0x5c740d0ffb27e, 
[07/22/2026-00:57:51] [V] [TRT]  (foreignNode)   89, 0.0328672, 3.77610, 1.01796, sm80_xmma_gemm_f32f32_f32f32_f32_nn_n_tilesize128x64x8_stage3_warpsize2x2x1_ffma_aligna4_alignc4, 0x5269a0a10d469, 
[07/22/2026-00:57:51] [V] [TRT]  (foreignNode)   90, 0.0332768, 3.82316, 1.01535, sm80_xmma_gemm_f32f32_f32f32_f32_tn_n_tilesize128x64x8_stage3_warpsize2x2x1_ffma_aligna4_alignc4, 0x60c0a03e41352, 
[07/22/2026-00:57:51] [V] [TRT]  (foreignNode)   93, 0.0336896, 3.87059, 1.01977, sm80_xmma_gemm_f32f32_f32f32_f32_tn_n_tilesize64x128x8_stage3_warpsize1x4x1_ffma_aligna4_alignc4, 0x4b762c3520be0, 
[07/22/2026-00:57:51] [V] [TRT]  (foreignNode)   85, 0.0338976, 3.89449, 0.91211, sm80_xmma_gemm_f32f32_f32f32_f32_tn_n_tilesize128x256x8_stage3_warpsize2x4x1_ffma_aligna4_alignc4, 0x343e957135f7a, 
[07/22/2026-00:57:51] [V] [TRT]  (foreignNode)   84, 0.0341024, 3.91802, 0.89030, sm80_xmma_gemm_f32f32_f32f32_f32_tn_n_tilesize256x128x8_stage3_warpsize4x2x1_ffma_aligna4_alignc4, 0x55d98feb0c249, 
[07/22/2026-00:57:51] [V] [TRT]  (foreignNode)   83, 0.0342880, 3.93934, 0.86804, sm80_xmma_gemm_f32f32_f32f32_f32_nn_n_tilesize256x128x8_stage3_warpsize4x2x1_ffma_aligna4_alignc4, 0x529c6f3cb2d0b, 
[07/22/2026-00:57:51] [V] [TRT]  (foreignNode)   99, 0.0353280, 4.05882, 1.05682, sm80_xmma_gemm_f32f32_f32f32_f32_tn_n_tilesize64x256x8_stage3_warpsize1x4x1_ffma_aligna4_alignc4, 0x68ebe51cc96fb, 
[07/22/2026-00:57:51] [V] [TRT]  (foreignNode)   57, 0.0355328, 4.08235, 0.42312, sm80_xmma_gemm_f32f32_f32f32_f32_tn_n_tilesize32x64x8_stage3_warpsize1x2x1_ffma_aligna4_alignc4, 0x49aba443ec756, 
[07/22/2026-00:57:51] [V] [TRT]  (foreignNode)   87, 0.0361472, 4.15294, 0.90724, sm80_xmma_gemm_f32f32_f32f32_f32_nn_n_tilesize128x256x8_stage3_warpsize2x4x1_ffma_aligna4_alignc4, 0x36700849b0e63, 
[07/22/2026-00:57:51] [V] [TRT]  (foreignNode)   96, 0.0375808, 4.31765, 0.93328, sm80_xmma_gemm_f32f32_f32f32_f32_tn_n_tilesize256x128x8_stage3_warpsize4x2x1_ffma_aligna4_alignc4, 0x4ab42fd91d299, 
[07/22/2026-00:57:51] [V] [TRT]  (foreignNode)   97, 0.0375808, 4.31765, 0.94823, sm80_xmma_gemm_f32f32_f32f32_f32_tn_n_tilesize128x256x8_stage3_warpsize2x4x1_ffma_aligna4_alignc4, 0x55fbd639fe280, 
[07/22/2026-00:57:51] [V] [TRT]  (foreignNode)   80, 0.0379904, 4.36471, 0.72632, sm80_xmma_gemm_f32f32_f32f32_f32_nn_n_tilesize128x32x8_stage3_warpsize2x2x1_ffma_aligna4_alignc4, 0x47b0988ded5d5, 
[07/22/2026-00:57:51] [V] [TRT]  (foreignNode)   94, 0.0381952, 4.38824, 0.90408, sm80_xmma_gemm_f32f32_f32f32_f32_nn_n_tilesize256x128x8_stage3_warpsize4x2x1_ffma_aligna4_alignc4, 0x40e0589a8a5c7, 
[07/22/2026-00:57:51] [V] [TRT]  (foreignNode)   55, 0.0392192, 4.50588, 0.37915, sm80_xmma_gemm_f32f32_f32f32_f32_nn_n_tilesize64x32x8_stage3_warpsize1x2x1_ffma_aligna4_alignc4, 0x452709a05f750, 
[07/22/2026-00:57:51] [V] [TRT]  (foreignNode)   54, 0.0398176, 4.57463, 0.37216, sm80_xmma_gemm_f32f32_f32f32_f32_tn_n_tilesize64x32x8_stage3_warpsize1x2x1_ffma_aligna4_alignc4, 0x40ac43865834a, 
[07/22/2026-00:57:51] [V] [TRT]  (foreignNode)   82, 0.0402432, 4.62353, 0.71289, sm80_xmma_gemm_f32f32_f32f32_f32_tn_n_tilesize128x32x8_stage3_warpsize2x2x1_ffma_aligna4_alignc4, 0x39740b522e416, 
[07/22/2026-00:57:51] [V] [TRT]  (foreignNode)   92, 0.0519168, 5.96471, 0.65702, sm80_xmma_gemm_f32f32_f32f32_f32_tn_n_tilesize32x128x8_stage3_warpsize1x2x1_ffma_aligna4_alignc4, 0x3d859dcab9d4d, 
[07/22/2026-00:57:51] [V] [TRT]  (foreignNode)   91, 0.0521216, 5.98823, 0.64893, sm80_xmma_gemm_f32f32_f32f32_f32_nn_n_tilesize32x128x8_stage3_warpsize1x2x1_ffma_aligna4_alignc4, 0x4d238f31c4216, 
[07/22/2026-00:57:51] [V] [TRT] Subgraph compilation completed in 4.699 seconds.
[07/22/2026-00:57:51] [V] [TRT] Tactic: 0x0000000000000000 Time: 0
[07/22/2026-00:57:51] [V] [TRT] {ForeignNode[node_conv2d...ONNXTRT_castHelper_9]} (Myelin[0x80000023]) profiling completed in 4.712 seconds. Fastest Tactic: 0x0000000000000000 Time: 0
[07/22/2026-00:57:51] [V] [TRT] >>>>>>>>>>>>>>> Chose Runner Type: Myelin Tactic: 0x0000000000000000
[07/22/2026-00:57:51] [V] [TRT] =============== Computing reformatting costs for available format set
[07/22/2026-00:57:51] [V] [TRT] =============== Computing reformatting costs for available format set
[07/22/2026-00:57:51] [V] [TRT] =============== Computing reformatting costs for available format set
[07/22/2026-00:57:51] [V] [TRT] Formats and tactics selection completed in 4.7215 seconds.
[07/22/2026-00:57:51] [V] [TRT] After reformat layers: 1 layers
[07/22/2026-00:57:51] [I] [TRT] [MS] Multi stream is disabled as cannot find an opportunity to leverage it
[07/22/2026-00:57:51] [W] [TRT] [MS] Multi stream is disabled because the stream assignment failed.
[07/22/2026-00:57:51] [V] [TRT] Total number of blocks in pre-optimized block assignment: 1
[07/22/2026-00:57:51] [I] [TRT] Detected 1 inputs and 2 output network tensors.
[07/22/2026-00:57:51] [V] [TRT] Layer: {ForeignNode[node_conv2d...ONNXTRT_castHelper_9]} Host Persistent: 80 bytes Device Persistent: 0 bytes Scratch Memory: 2007040 bytes
[07/22/2026-00:57:51] [V] [TRT] Skipped printing memory information for 0 layers with 0 memory size i.e. Host Persistent + Device Persistent + Scratch Memory == 0.
[07/22/2026-00:57:51] [I] [TRT] Total Host Persistent Memory: 80 bytes
[07/22/2026-00:57:51] [I] [TRT] Total Device Persistent Memory: 0 bytes
[07/22/2026-00:57:51] [I] [TRT] Max Scratch Memory: 2007040 bytes
[07/22/2026-00:57:51] [I] [TRT] [BlockAssignment] Started assigning block shifts. This will take 1 steps to complete.
[07/22/2026-00:57:51] [I] [TRT] [BlockAssignment] Algorithm ShiftNTopDown took 0.01151ms to assign 1 blocks to 1 nodes requiring 2007040 bytes.
[07/22/2026-00:57:51] [V] [TRT] Total number of blocks in optimized block assignment: 1
[07/22/2026-00:57:51] [I] [TRT] Total Activation Memory: 2007040 bytes
[07/22/2026-00:57:51] [I] [TRT] Total Weights Memory: 13098880 bytes
[07/22/2026-00:57:51] [V] [TRT] Total number of generated kernels selected for the engine: 0
[07/22/2026-00:57:51] [I] [TRT] Compiler backend is used during engine execution.
[07/22/2026-00:57:51] [V] [TRT] Disabling unused tactic source: EDGE_MASK_CONVOLUTIONS
[07/22/2026-00:57:51] [V] [TRT] Disabling unused tactic source: JIT_CONVOLUTIONS
[07/22/2026-00:57:51] [I] [TRT] Engine generation completed in 4.74582 seconds.
[07/22/2026-00:57:51] [V] [TRT] Engine Layer Information:
Layer(Myelin): {ForeignNode[node_conv2d...ONNXTRT_castHelper_9]}, Tactic: 0x0000000000000000, x (Float[-1,1,28,28]) -> y (Float[-1,10]), z (Int64[-1])
[07/22/2026-00:57:51] [I] [TRT] [MemUsageStats] Peak memory usage of TRT CPU/GPU memory allocators: CPU 0 MiB, GPU 12 MiB
[07/22/2026-00:57:51] [V] [TRT] Adding 1 engine(s) to plan file.
[07/22/2026-00:57:51] [V] [TRT] Adding 1 engine weights(s) to plan file.
[07/22/2026-00:57:51] [I] Created engine with size: 12.6702 MiB
[07/22/2026-00:57:51] [I] Engine built in 5.34255 sec.
[07/22/2026-00:57:51] [V] [TRT] Trying to set exclusive file lock model-trained.TimingCache.lock

[07/22/2026-00:57:51] [W] [TRT] Could not read cache from: model-trained.TimingCache. A new cache will be generated and written.
[07/22/2026-00:57:51] [V] [TRT] Serializing timing cache. UUID = GPU-9981c060-f42d-322d-04c6-c5e6c3adfe98, commit ID = 55cb349e075b3b12
[07/22/2026-00:57:51] [I] [TRT] Serialized 846 bytes of code generator cache.
[07/22/2026-00:57:51] [I] [TRT] Serialized 80760 bytes of compilation cache.
[07/22/2026-00:57:51] [I] [TRT] Serialized 0 timing cache entries
[07/22/2026-00:57:51] [V] [TRT] Trying to set exclusive file lock model-trained.TimingCache.lock

[07/22/2026-00:57:51] [I] [TRT] Saved 81774 bytes of timing cache to model-trained.TimingCache
[07/22/2026-00:57:51] [V] [TRT] Deserialization required 102018 microseconds.
[07/22/2026-00:57:51] [I] Engine deserialized in 0.107452 sec.
[07/22/2026-00:57:51] [I] Skipped inference phase since --skipInference is added.
&&&& PASSED TensorRT.trtexec [TensorRT v110000] [b114] # trtexec --onnx=/work/trt-samples-for-hackathon-cn/cookbook/00-Data/model/model-trained.onnx --saveEngine=model-trained.trt --timingCacheFile=model-trained.TimingCache --minShapes=x:1x1x28x28 --optShapes=x:4x1x28x28 --maxShapes=x:16x1x28x28 --noTF32 --memPoolSize=workspace:1024MiB --builderOptimizationLevel=5 --maxAuxStreams=4 --skipInference --verbose
