[TensorRT-Cookbook] Version: 1.0.0
[07/22/2026-00:35:49] [TRT] [I] [MemUsageChange] Init CUDA: CPU +56, GPU +0, now: CPU 188, GPU 627 (MiB)
[07/22/2026-00:35:49] [TRT] [V] Trying to load shared library libnvinfer_builder_resource_sm100.so.11.0.0
[07/22/2026-00:35:49] [TRT] [V] Loaded shared library libnvinfer_builder_resource_sm100.so.11.0.0
[07/22/2026-00:35:49] [TRT] [V] CUDA lazy loading is enabled.
[07/22/2026-00:35:49] [TRT] [I] ----------------------------------------------------------------
[07/22/2026-00:35:49] [TRT] [I] Input filename:   /work/trt-samples-for-hackathon-cn/cookbook/00-Data/model/model-trained.onnx
[07/22/2026-00:35:49] [TRT] [I] ONNX IR version:  0.0.10
[07/22/2026-00:35:49] [TRT] [I] Opset version:    18
[07/22/2026-00:35:49] [TRT] [I] Producer name:    pytorch
[07/22/2026-00:35:49] [TRT] [I] Producer version: 2.11.0a0+a6c236b9fd.nv26.03.46836102
[07/22/2026-00:35:49] [TRT] [I] Domain:           
[07/22/2026-00:35:49] [TRT] [I] Model version:    0
[07/22/2026-00:35:49] [TRT] [I] Doc string:       
[07/22/2026-00:35:49] [TRT] [I] ----------------------------------------------------------------
[07/22/2026-00:35:49] [TRT] [V] Adding network input: x with dtype: float32, dimensions: (-1, 1, 28, 28)
[07/22/2026-00:35:49] [TRT] [V] Registering tensor: x for ONNX tensor: x
[07/22/2026-00:35:49] [TRT] [V] Importing initializer: conv1.weight
[07/22/2026-00:35:49] [TRT] [V] Importing initializer: conv1.bias
[07/22/2026-00:35:49] [TRT] [V] Importing initializer: conv2.weight
[07/22/2026-00:35:49] [TRT] [V] Importing initializer: conv2.bias
[07/22/2026-00:35:49] [TRT] [V] Importing initializer: gemm1.weight
[07/22/2026-00:35:49] [TRT] [V] Importing initializer: gemm1.bias
[07/22/2026-00:35:49] [TRT] [V] Importing initializer: gemm2.weight
[07/22/2026-00:35:49] [TRT] [V] Importing initializer: gemm2.bias
[07/22/2026-00:35:49] [TRT] [V] Importing initializer: val_5
[07/22/2026-00:35:49] [TRT] [V] Static check for parsing node: node_conv2d [Conv]
[07/22/2026-00:35:49] [TRT] [V] Parsing node: node_conv2d [Conv]
[07/22/2026-00:35:49] [TRT] [V] Searching for input: x
[07/22/2026-00:35:49] [TRT] [V] Searching for input: conv1.weight
[07/22/2026-00:35:49] [TRT] [V] Searching for input: conv1.bias
[07/22/2026-00:35:49] [TRT] [V] node_conv2d [Conv] inputs: [x -> (-1, 1, 28, 28)[FLOAT]], [conv1.weight -> (32, 1, 5, 5)[FLOAT]], [conv1.bias -> (32)[FLOAT]], 
[07/22/2026-00:35:49] [TRT] [V] Convolution input dimensions: (-1, 1, 28, 28)
[07/22/2026-00:35:49] [TRT] [V] Registering layer: node_conv2d for ONNX node: node_conv2d
[07/22/2026-00:35:49] [TRT] [V] Using kernel: (5, 5), strides: (1, 1), prepadding: (2, 2), postpadding: (2, 2), dilations: (1, 1), numOutputs: 32, nbGroups: 1
[07/22/2026-00:35:49] [TRT] [V] Convolution output dimensions: (-1, 32, 28, 28)
[07/22/2026-00:35:49] [TRT] [V] Registering tensor: conv2d for ONNX tensor: conv2d
[07/22/2026-00:35:49] [TRT] [V] node_conv2d [Conv] outputs: [conv2d -> (-1, 32, 28, 28)[FLOAT]], 
[07/22/2026-00:35:49] [TRT] [V] Static check for parsing node: node_relu [Relu]
[07/22/2026-00:35:49] [TRT] [V] Parsing node: node_relu [Relu]
[07/22/2026-00:35:49] [TRT] [V] Searching for input: conv2d
[07/22/2026-00:35:49] [TRT] [V] node_relu [Relu] inputs: [conv2d -> (-1, 32, 28, 28)[FLOAT]], 
[07/22/2026-00:35:49] [TRT] [V] Registering layer: node_relu for ONNX node: node_relu
[07/22/2026-00:35:49] [TRT] [V] Registering tensor: relu for ONNX tensor: relu
[07/22/2026-00:35:49] [TRT] [V] node_relu [Relu] outputs: [relu -> (-1, 32, 28, 28)[FLOAT]], 
[07/22/2026-00:35:49] [TRT] [V] Static check for parsing node: node_max_pool2d [MaxPool]
[07/22/2026-00:35:49] [TRT] [V] Parsing node: node_max_pool2d [MaxPool]
[07/22/2026-00:35:49] [TRT] [V] Searching for input: relu
[07/22/2026-00:35:49] [TRT] [V] node_max_pool2d [MaxPool] inputs: [relu -> (-1, 32, 28, 28)[FLOAT]], 
[07/22/2026-00:35:49] [TRT] [V] Registering layer: node_max_pool2d for ONNX node: node_max_pool2d
[07/22/2026-00:35:49] [TRT] [V] Registering tensor: max_pool2d for ONNX tensor: max_pool2d
[07/22/2026-00:35:49] [TRT] [V] node_max_pool2d [MaxPool] outputs: [max_pool2d -> (-1, 32, 14, 14)[FLOAT]], 
[07/22/2026-00:35:49] [TRT] [V] Static check for parsing node: node_conv2d_1 [Conv]
[07/22/2026-00:35:49] [TRT] [V] Parsing node: node_conv2d_1 [Conv]
[07/22/2026-00:35:49] [TRT] [V] Searching for input: max_pool2d
[07/22/2026-00:35:49] [TRT] [V] Searching for input: conv2.weight
[07/22/2026-00:35:49] [TRT] [V] Searching for input: conv2.bias
[07/22/2026-00:35:49] [TRT] [V] node_conv2d_1 [Conv] inputs: [max_pool2d -> (-1, 32, 14, 14)[FLOAT]], [conv2.weight -> (64, 32, 5, 5)[FLOAT]], [conv2.bias -> (64)[FLOAT]], 
[07/22/2026-00:35:49] [TRT] [V] Convolution input dimensions: (-1, 32, 14, 14)
[07/22/2026-00:35:49] [TRT] [V] Registering layer: node_conv2d_1 for ONNX node: node_conv2d_1
[07/22/2026-00:35:49] [TRT] [V] Using kernel: (5, 5), strides: (1, 1), prepadding: (2, 2), postpadding: (2, 2), dilations: (1, 1), numOutputs: 64, nbGroups: 1
[07/22/2026-00:35:49] [TRT] [V] Convolution output dimensions: (-1, 64, 14, 14)
[07/22/2026-00:35:49] [TRT] [V] Registering tensor: conv2d_1 for ONNX tensor: conv2d_1
[07/22/2026-00:35:49] [TRT] [V] node_conv2d_1 [Conv] outputs: [conv2d_1 -> (-1, 64, 14, 14)[FLOAT]], 
[07/22/2026-00:35:49] [TRT] [V] Static check for parsing node: node_relu_1 [Relu]
[07/22/2026-00:35:49] [TRT] [V] Parsing node: node_relu_1 [Relu]
[07/22/2026-00:35:49] [TRT] [V] Searching for input: conv2d_1
[07/22/2026-00:35:49] [TRT] [V] node_relu_1 [Relu] inputs: [conv2d_1 -> (-1, 64, 14, 14)[FLOAT]], 
[07/22/2026-00:35:49] [TRT] [V] Registering layer: node_relu_1 for ONNX node: node_relu_1
[07/22/2026-00:35:49] [TRT] [V] Registering tensor: relu_1 for ONNX tensor: relu_1
[07/22/2026-00:35:49] [TRT] [V] node_relu_1 [Relu] outputs: [relu_1 -> (-1, 64, 14, 14)[FLOAT]], 
[07/22/2026-00:35:49] [TRT] [V] Static check for parsing node: node_max_pool2d_1 [MaxPool]
[07/22/2026-00:35:49] [TRT] [V] Parsing node: node_max_pool2d_1 [MaxPool]
[07/22/2026-00:35:49] [TRT] [V] Searching for input: relu_1
[07/22/2026-00:35:49] [TRT] [V] node_max_pool2d_1 [MaxPool] inputs: [relu_1 -> (-1, 64, 14, 14)[FLOAT]], 
[07/22/2026-00:35:49] [TRT] [V] Registering layer: node_max_pool2d_1 for ONNX node: node_max_pool2d_1
[07/22/2026-00:35:49] [TRT] [V] Registering tensor: max_pool2d_1 for ONNX tensor: max_pool2d_1
[07/22/2026-00:35:49] [TRT] [V] node_max_pool2d_1 [MaxPool] outputs: [max_pool2d_1 -> (-1, 64, 7, 7)[FLOAT]], 
[07/22/2026-00:35:49] [TRT] [V] Static check for parsing node: node_view [Reshape]
[07/22/2026-00:35:49] [TRT] [V] Parsing node: node_view [Reshape]
[07/22/2026-00:35:49] [TRT] [V] Searching for input: max_pool2d_1
[07/22/2026-00:35:49] [TRT] [V] Searching for input: val_5
[07/22/2026-00:35:49] [TRT] [V] node_view [Reshape] inputs: [max_pool2d_1 -> (-1, 64, 7, 7)[FLOAT]], [val_5 -> (2)[INT64]], 
[07/22/2026-00:35:49] [TRT] [V] Registering layer: ONNXTRT_ShapeShuffle required by ONNX-TRT
[07/22/2026-00:35:49] [TRT] [V] Registering layer: node_view for ONNX node: node_view
[07/22/2026-00:35:49] [TRT] [V] Registering tensor: view for ONNX tensor: view
[07/22/2026-00:35:49] [TRT] [V] node_view [Reshape] outputs: [view -> (-1, 3136)[FLOAT]], 
[07/22/2026-00:35:49] [TRT] [V] Static check for parsing node: node_linear [Gemm]
[07/22/2026-00:35:49] [TRT] [V] Parsing node: node_linear [Gemm]
[07/22/2026-00:35:49] [TRT] [V] Searching for input: view
[07/22/2026-00:35:49] [TRT] [V] Searching for input: gemm1.weight
[07/22/2026-00:35:49] [TRT] [V] Searching for input: gemm1.bias
[07/22/2026-00:35:49] [TRT] [V] node_linear [Gemm] inputs: [view -> (-1, 3136)[FLOAT]], [gemm1.weight -> (1024, 3136)[FLOAT]], [gemm1.bias -> (1024)[FLOAT]], 
[07/22/2026-00:35:49] [TRT] [V] Registering layer: gemm1.weight required by ONNX-TRT
[07/22/2026-00:35:49] [TRT] [V] Using opA: 0 opB: 1
[07/22/2026-00:35:49] [TRT] [V] Registering layer: node_linear for ONNX node: node_linear
[07/22/2026-00:35:49] [TRT] [V] Registering layer: gemm1.bias required by ONNX-TRT
[07/22/2026-00:35:49] [TRT] [V] Registering layer: ONNXTRT_ShapeShuffle_0 required by ONNX-TRT
[07/22/2026-00:35:49] [TRT] [V] Registering layer: ONNXTRT_Broadcast required by ONNX-TRT
[07/22/2026-00:35:49] [TRT] [V] Registering layer: node_linear_1 for ONNX node: node_linear
[07/22/2026-00:35:49] [TRT] [V] Registering tensor: linear for ONNX tensor: linear
[07/22/2026-00:35:49] [TRT] [V] node_linear [Gemm] outputs: [linear -> (-1, 1024)[FLOAT]], 
[07/22/2026-00:35:49] [TRT] [V] Static check for parsing node: node_relu_2 [Relu]
[07/22/2026-00:35:49] [TRT] [V] Parsing node: node_relu_2 [Relu]
[07/22/2026-00:35:49] [TRT] [V] Searching for input: linear
[07/22/2026-00:35:49] [TRT] [V] node_relu_2 [Relu] inputs: [linear -> (-1, 1024)[FLOAT]], 
[07/22/2026-00:35:49] [TRT] [V] Registering layer: node_relu_2 for ONNX node: node_relu_2
[07/22/2026-00:35:49] [TRT] [V] Registering tensor: relu_2 for ONNX tensor: relu_2
[07/22/2026-00:35:49] [TRT] [V] node_relu_2 [Relu] outputs: [relu_2 -> (-1, 1024)[FLOAT]], 
[07/22/2026-00:35:49] [TRT] [V] Static check for parsing node: node_linear_1 [Gemm]
[07/22/2026-00:35:49] [TRT] [V] Parsing node: node_linear_1 [Gemm]
[07/22/2026-00:35:49] [TRT] [V] Searching for input: relu_2
[07/22/2026-00:35:49] [TRT] [V] Searching for input: gemm2.weight
[07/22/2026-00:35:49] [TRT] [V] Searching for input: gemm2.bias
[07/22/2026-00:35:49] [TRT] [V] node_linear_1 [Gemm] inputs: [relu_2 -> (-1, 1024)[FLOAT]], [gemm2.weight -> (10, 1024)[FLOAT]], [gemm2.bias -> (10)[FLOAT]], 
[07/22/2026-00:35:49] [TRT] [V] Registering layer: gemm2.weight required by ONNX-TRT
[07/22/2026-00:35:49] [TRT] [V] Using opA: 0 opB: 1
[07/22/2026-00:35:49] [TRT] [V] Registering layer: node_linear_1_2 for ONNX node: node_linear_1
[07/22/2026-00:35:49] [TRT] [V] Registering layer: gemm2.bias required by ONNX-TRT
[07/22/2026-00:35:49] [TRT] [V] Registering layer: ONNXTRT_ShapeShuffle_3 required by ONNX-TRT
[07/22/2026-00:35:49] [TRT] [V] Registering layer: ONNXTRT_Broadcast_4 required by ONNX-TRT
[07/22/2026-00:35:49] [TRT] [V] Registering layer: node_linear_1_5 for ONNX node: node_linear_1
[07/22/2026-00:35:49] [TRT] [V] Registering tensor: y_6 for ONNX tensor: y
[07/22/2026-00:35:49] [TRT] [V] node_linear_1 [Gemm] outputs: [y -> (-1, 10)[FLOAT]], 
[07/22/2026-00:35:49] [TRT] [V] Static check for parsing node: node_softmax [Softmax]
[07/22/2026-00:35:49] [TRT] [V] Parsing node: node_softmax [Softmax]
[07/22/2026-00:35:49] [TRT] [V] Searching for input: y
[07/22/2026-00:35:49] [TRT] [V] node_softmax [Softmax] inputs: [y -> (-1, 10)[FLOAT]], 
[07/22/2026-00:35:49] [TRT] [V] Registering layer: node_softmax for ONNX node: node_softmax
[07/22/2026-00:35:49] [TRT] [V] Registering layer: ONNXTRT_ShapeTensor required by ONNX-TRT
[07/22/2026-00:35:49] [TRT] [V] Registering layer: ONNXTRT_castHelper required by ONNX-TRT
[07/22/2026-00:35:49] [TRT] [V] Registering layer: ONNXTRT_ShapeShuffle_7 required by ONNX-TRT
[07/22/2026-00:35:49] [TRT] [V] Registering tensor: softmax for ONNX tensor: softmax
[07/22/2026-00:35:49] [TRT] [V] node_softmax [Softmax] outputs: [softmax -> (-1, 10)[FLOAT]], 
[07/22/2026-00:35:49] [TRT] [V] Static check for parsing node: node_argmax [ArgMax]
[07/22/2026-00:35:49] [TRT] [V] Parsing node: node_argmax [ArgMax]
[07/22/2026-00:35:49] [TRT] [V] Searching for input: softmax
[07/22/2026-00:35:49] [TRT] [V] node_argmax [ArgMax] inputs: [softmax -> (-1, 10)[FLOAT]], 
[07/22/2026-00:35:49] [TRT] [V] Registering layer: node_argmax for ONNX node: node_argmax
[07/22/2026-00:35:49] [TRT] [V] Registering layer: ONNXTRT_castHelper_8 required by ONNX-TRT
[07/22/2026-00:35:49] [TRT] [V] Original shape: (_, 1), squeezing to: (_,)
[07/22/2026-00:35:49] [TRT] [V] Registering layer: ONNXTRT_squeezeTensor required by ONNX-TRT
[07/22/2026-00:35:49] [TRT] [V] Registering layer: ONNXTRT_castHelper_9 required by ONNX-TRT
[07/22/2026-00:35:49] [TRT] [V] Registering tensor: z_10 for ONNX tensor: z
[07/22/2026-00:35:49] [TRT] [V] node_argmax [ArgMax] outputs: [z -> (-1)[INT64]], 
[07/22/2026-00:35:49] [TRT] [V] Marking y_6 as output: y
[07/22/2026-00:35:49] [TRT] [V] Marking z_10 as output: z
[07/22/2026-00:35:49] [TRT] [W] ModelImporter.cpp:1047: Make sure output z has Int64 binding.
[07/22/2026-00:35:49] [TRT] [V] Compiler backend convergence mode enabled
[07/22/2026-00:35:50] [TRT] [I] [MemUsageChange] Init builder kernel library: CPU +321, GPU +8, now: CPU 720, GPU 635 (MiB)
[07/22/2026-00:35:50] [TRT] [V] Original: 24 layers
[07/22/2026-00:35:50] [TRT] [V] After dead-layer removal: 24 layers
[07/22/2026-00:35:50] [TRT] [V] SYMBOLIC CHECKS
[07/22/2026-00:35:50] [TRT] [V] GRAPH NODES
[07/22/2026-00:35:50] [TRT] [V] CONSTANT gemm1.weight
[07/22/2026-00:35:50] [TRT] [V]     Output 0
[07/22/2026-00:35:50] [TRT] [V]         1024	1024
[07/22/2026-00:35:50] [TRT] [V]         3136	3136
[07/22/2026-00:35:50] [TRT] [V] CONSTANT gemm1.bias
[07/22/2026-00:35:50] [TRT] [V]     Output 0
[07/22/2026-00:35:50] [TRT] [V]         1024	1024
[07/22/2026-00:35:50] [TRT] [V] CONSTANT gemm2.weight
[07/22/2026-00:35:50] [TRT] [V]     Output 0
[07/22/2026-00:35:50] [TRT] [V]         10	10
[07/22/2026-00:35:50] [TRT] [V]         1024	1024
[07/22/2026-00:35:50] [TRT] [V] CONSTANT gemm2.bias
[07/22/2026-00:35:50] [TRT] [V]     Output 0
[07/22/2026-00:35:50] [TRT] [V]         10	10
[07/22/2026-00:35:50] [TRT] [V] CONVOLUTION node_conv2d
[07/22/2026-00:35:50] [TRT] [V]     Input 0
[07/22/2026-00:35:50] [TRT] [V]         [1,4]	nBS
[07/22/2026-00:35:50] [TRT] [V]         1	1
[07/22/2026-00:35:50] [TRT] [V]         28	28
[07/22/2026-00:35:50] [TRT] [V]         28	28
[07/22/2026-00:35:50] [TRT] [V]     Output 0
[07/22/2026-00:35:50] [TRT] [V]         [1,4]	nBS
[07/22/2026-00:35:50] [TRT] [V]         32	32
[07/22/2026-00:35:50] [TRT] [V]         28	28
[07/22/2026-00:35:50] [TRT] [V]         28	28
[07/22/2026-00:35:50] [TRT] [V] SHUFFLE ONNXTRT_Broadcast
[07/22/2026-00:35:50] [TRT] [V]     Input 0
[07/22/2026-00:35:50] [TRT] [V]         1024	1024
[07/22/2026-00:35:50] [TRT] [V]     Output 0
[07/22/2026-00:35:50] [TRT] [V]         1	1
[07/22/2026-00:35:50] [TRT] [V]         1024	1024
[07/22/2026-00:35:50] [TRT] [V] SHUFFLE ONNXTRT_Broadcast_4
[07/22/2026-00:35:50] [TRT] [V]     Input 0
[07/22/2026-00:35:50] [TRT] [V]         10	10
[07/22/2026-00:35:50] [TRT] [V]     Output 0
[07/22/2026-00:35:50] [TRT] [V]         1	1
[07/22/2026-00:35:50] [TRT] [V]         10	10
[07/22/2026-00:35:50] [TRT] [V] ACTIVATION node_relu
[07/22/2026-00:35:50] [TRT] [V]     Input 0
[07/22/2026-00:35:50] [TRT] [V]         [1,4]	nBS
[07/22/2026-00:35:50] [TRT] [V]         32	32
[07/22/2026-00:35:50] [TRT] [V]         28	28
[07/22/2026-00:35:50] [TRT] [V]         28	28
[07/22/2026-00:35:50] [TRT] [V]     Output 0
[07/22/2026-00:35:50] [TRT] [V]         [1,4]	nBS
[07/22/2026-00:35:50] [TRT] [V]         32	32
[07/22/2026-00:35:50] [TRT] [V]         28	28
[07/22/2026-00:35:50] [TRT] [V]         28	28
[07/22/2026-00:35:50] [TRT] [V] POOLING node_max_pool2d
[07/22/2026-00:35:50] [TRT] [V]     Input 0
[07/22/2026-00:35:50] [TRT] [V]         [1,4]	nBS
[07/22/2026-00:35:50] [TRT] [V]         32	32
[07/22/2026-00:35:50] [TRT] [V]         28	28
[07/22/2026-00:35:50] [TRT] [V]         28	28
[07/22/2026-00:35:50] [TRT] [V]     Output 0
[07/22/2026-00:35:50] [TRT] [V]         [1,4]	nBS
[07/22/2026-00:35:50] [TRT] [V]         32	32
[07/22/2026-00:35:50] [TRT] [V]         14	14
[07/22/2026-00:35:50] [TRT] [V]         14	14
[07/22/2026-00:35:50] [TRT] [V] CONVOLUTION node_conv2d_1
[07/22/2026-00:35:50] [TRT] [V]     Input 0
[07/22/2026-00:35:50] [TRT] [V]         [1,4]	nBS
[07/22/2026-00:35:50] [TRT] [V]         32	32
[07/22/2026-00:35:50] [TRT] [V]         14	14
[07/22/2026-00:35:50] [TRT] [V]         14	14
[07/22/2026-00:35:50] [TRT] [V]     Output 0
[07/22/2026-00:35:50] [TRT] [V]         [1,4]	nBS
[07/22/2026-00:35:50] [TRT] [V]         64	64
[07/22/2026-00:35:50] [TRT] [V]         14	14
[07/22/2026-00:35:50] [TRT] [V]         14	14
[07/22/2026-00:35:50] [TRT] [V] ACTIVATION node_relu_1
[07/22/2026-00:35:50] [TRT] [V]     Input 0
[07/22/2026-00:35:50] [TRT] [V]         [1,4]	nBS
[07/22/2026-00:35:50] [TRT] [V]         64	64
[07/22/2026-00:35:50] [TRT] [V]         14	14
[07/22/2026-00:35:50] [TRT] [V]         14	14
[07/22/2026-00:35:50] [TRT] [V]     Output 0
[07/22/2026-00:35:50] [TRT] [V]         [1,4]	nBS
[07/22/2026-00:35:50] [TRT] [V]         64	64
[07/22/2026-00:35:50] [TRT] [V]         14	14
[07/22/2026-00:35:50] [TRT] [V]         14	14
[07/22/2026-00:35:50] [TRT] [V] POOLING node_max_pool2d_1
[07/22/2026-00:35:50] [TRT] [V]     Input 0
[07/22/2026-00:35:50] [TRT] [V]         [1,4]	nBS
[07/22/2026-00:35:50] [TRT] [V]         64	64
[07/22/2026-00:35:50] [TRT] [V]         14	14
[07/22/2026-00:35:50] [TRT] [V]         14	14
[07/22/2026-00:35:50] [TRT] [V]     Output 0
[07/22/2026-00:35:50] [TRT] [V]         [1,4]	nBS
[07/22/2026-00:35:50] [TRT] [V]         64	64
[07/22/2026-00:35:50] [TRT] [V]         7	7
[07/22/2026-00:35:50] [TRT] [V]         7	7
[07/22/2026-00:35:50] [TRT] [V] SHUFFLE node_view
[07/22/2026-00:35:50] [TRT] [V]     Input 0
[07/22/2026-00:35:50] [TRT] [V]         [1,4]	nBS
[07/22/2026-00:35:50] [TRT] [V]         64	64
[07/22/2026-00:35:50] [TRT] [V]         7	7
[07/22/2026-00:35:50] [TRT] [V]         7	7
[07/22/2026-00:35:50] [TRT] [V]     Output 0
[07/22/2026-00:35:50] [TRT] [V]         [1,4]	nBS
[07/22/2026-00:35:50] [TRT] [V]         3136	3136
[07/22/2026-00:35:50] [TRT] [V] MATRIX_MULTIPLY node_linear
[07/22/2026-00:35:50] [TRT] [V]     Input 0
[07/22/2026-00:35:50] [TRT] [V]         [1,4]	nBS
[07/22/2026-00:35:50] [TRT] [V]         3136	3136
[07/22/2026-00:35:50] [TRT] [V]     Input 1
[07/22/2026-00:35:50] [TRT] [V]         1024	1024
[07/22/2026-00:35:50] [TRT] [V]         3136	3136
[07/22/2026-00:35:50] [TRT] [V]     Output 0
[07/22/2026-00:35:50] [TRT] [V]         [1,4]	nBS
[07/22/2026-00:35:50] [TRT] [V]         1024	1024
[07/22/2026-00:35:50] [TRT] [V] ELEMENTWISE node_linear_1
[07/22/2026-00:35:50] [TRT] [V]     Input 0
[07/22/2026-00:35:50] [TRT] [V]         [1,4]	nBS
[07/22/2026-00:35:50] [TRT] [V]         1024	1024
[07/22/2026-00:35:50] [TRT] [V]     Input 1
[07/22/2026-00:35:50] [TRT] [V]         1	1
[07/22/2026-00:35:50] [TRT] [V]         1024	1024
[07/22/2026-00:35:50] [TRT] [V]     Output 0
[07/22/2026-00:35:50] [TRT] [V]         [1,4]	nBS
[07/22/2026-00:35:50] [TRT] [V]         1024	1024
[07/22/2026-00:35:50] [TRT] [V] ACTIVATION node_relu_2
[07/22/2026-00:35:50] [TRT] [V]     Input 0
[07/22/2026-00:35:50] [TRT] [V]         [1,4]	nBS
[07/22/2026-00:35:50] [TRT] [V]         1024	1024
[07/22/2026-00:35:50] [TRT] [V]     Output 0
[07/22/2026-00:35:50] [TRT] [V]         [1,4]	nBS
[07/22/2026-00:35:50] [TRT] [V]         1024	1024
[07/22/2026-00:35:50] [TRT] [V] MATRIX_MULTIPLY node_linear_1_2
[07/22/2026-00:35:50] [TRT] [V]     Input 0
[07/22/2026-00:35:50] [TRT] [V]         [1,4]	nBS
[07/22/2026-00:35:50] [TRT] [V]         1024	1024
[07/22/2026-00:35:50] [TRT] [V]     Input 1
[07/22/2026-00:35:50] [TRT] [V]         10	10
[07/22/2026-00:35:50] [TRT] [V]         1024	1024
[07/22/2026-00:35:50] [TRT] [V]     Output 0
[07/22/2026-00:35:50] [TRT] [V]         [1,4]	nBS
[07/22/2026-00:35:50] [TRT] [V]         10	10
[07/22/2026-00:35:50] [TRT] [V] ELEMENTWISE node_linear_1_5
[07/22/2026-00:35:50] [TRT] [V]     Input 0
[07/22/2026-00:35:50] [TRT] [V]         [1,4]	nBS
[07/22/2026-00:35:50] [TRT] [V]         10	10
[07/22/2026-00:35:50] [TRT] [V]     Input 1
[07/22/2026-00:35:50] [TRT] [V]         1	1
[07/22/2026-00:35:50] [TRT] [V]         10	10
[07/22/2026-00:35:50] [TRT] [V]     Output 0
[07/22/2026-00:35:50] [TRT] [V]         [1,4]	nBS
[07/22/2026-00:35:50] [TRT] [V]         10	10
[07/22/2026-00:35:50] [TRT] [V] SOFTMAX node_softmax
[07/22/2026-00:35:50] [TRT] [V]     Input 0
[07/22/2026-00:35:50] [TRT] [V]         [1,4]	nBS
[07/22/2026-00:35:50] [TRT] [V]         10	10
[07/22/2026-00:35:50] [TRT] [V]     Output 0
[07/22/2026-00:35:50] [TRT] [V]         [1,4]	nBS
[07/22/2026-00:35:50] [TRT] [V]         10	10
[07/22/2026-00:35:50] [TRT] [V] SHUFFLE ONNXTRT_ShapeShuffle_7
[07/22/2026-00:35:50] [TRT] [V]     Input 0
[07/22/2026-00:35:50] [TRT] [V]         [1,4]	nBS
[07/22/2026-00:35:50] [TRT] [V]         10	10
[07/22/2026-00:35:50] [TRT] [V]     Output 0
[07/22/2026-00:35:50] [TRT] [V]         [1,4]	nBS
[07/22/2026-00:35:50] [TRT] [V]         10	10
[07/22/2026-00:35:50] [TRT] [V] TOPK node_argmax
[07/22/2026-00:35:50] [TRT] [V]     Input 0
[07/22/2026-00:35:50] [TRT] [V]         [1,4]	nBS
[07/22/2026-00:35:50] [TRT] [V]         10	10
[07/22/2026-00:35:50] [TRT] [V]     Output 0
[07/22/2026-00:35:50] [TRT] [V]         [1,4]	nBS
[07/22/2026-00:35:50] [TRT] [V]         1	1
[07/22/2026-00:35:50] [TRT] [V]     Output 1
[07/22/2026-00:35:50] [TRT] [V]         [1,4]	nBS
[07/22/2026-00:35:50] [TRT] [V]         1	1
[07/22/2026-00:35:50] [TRT] [V] CAST ONNXTRT_castHelper_8
[07/22/2026-00:35:50] [TRT] [V]     Input 0
[07/22/2026-00:35:50] [TRT] [V]         [1,4]	nBS
[07/22/2026-00:35:50] [TRT] [V]         1	1
[07/22/2026-00:35:50] [TRT] [V]     Output 0
[07/22/2026-00:35:50] [TRT] [V]         [1,4]	nBS
[07/22/2026-00:35:50] [TRT] [V]         1	1
[07/22/2026-00:35:50] [TRT] [V] SHUFFLE ONNXTRT_squeezeTensor
[07/22/2026-00:35:50] [TRT] [V]     Input 0
[07/22/2026-00:35:50] [TRT] [V]         [1,4]	nBS
[07/22/2026-00:35:50] [TRT] [V]         1	1
[07/22/2026-00:35:50] [TRT] [V]     Output 0
[07/22/2026-00:35:50] [TRT] [V]         [1,4]	nBS
[07/22/2026-00:35:50] [TRT] [V] CAST ONNXTRT_castHelper_9
[07/22/2026-00:35:50] [TRT] [V]     Input 0
[07/22/2026-00:35:50] [TRT] [V]         [1,4]	nBS
[07/22/2026-00:35:50] [TRT] [V]     Output 0
[07/22/2026-00:35:50] [TRT] [V]         [1,4]	nBS
[07/22/2026-00:35:50] [TRT] [V] Graph construction completed in 0.0238672 seconds.
[07/22/2026-00:35:50] [TRT] [V] After adding DebugOutput nodes: 24 layers
[07/22/2026-00:35:50] [TRT] [V] Running: ConstShuffleFusion on gemm1.bias
[07/22/2026-00:35:50] [TRT] [V] ConstShuffleFusion: Fusing gemm1.bias with ONNXTRT_Broadcast
[07/22/2026-00:35:50] [TRT] [V] Running: ConstShuffleFusion on gemm2.bias
[07/22/2026-00:35:50] [TRT] [V] ConstShuffleFusion: Fusing gemm2.bias with ONNXTRT_Broadcast_4
[07/22/2026-00:35:50] [TRT] [V] Running: ShuffleErasure on ONNXTRT_ShapeShuffle_7
[07/22/2026-00:35:50] [TRT] [V] Removing ONNXTRT_ShapeShuffle_7
[07/22/2026-00:35:50] [TRT] [V] After Myelin optimization: 1 layers
[07/22/2026-00:35:50] [TRT] [V] Applying ScaleNodes fusions.
[07/22/2026-00:35:50] [TRT] [V] After scale fusion: 1 layers
[07/22/2026-00:35:50] [TRT] [V] After dupe layer removal: 1 layers
[07/22/2026-00:35:50] [TRT] [V] After final dead-layer removal: 1 layers
[07/22/2026-00:35:50] [TRT] [V] After tensor merging: 1 layers
[07/22/2026-00:35:50] [TRT] [V] After vertical fusions: 1 layers
[07/22/2026-00:35:50] [TRT] [V] After dupe layer removal: 1 layers
[07/22/2026-00:35:50] [TRT] [V] After final dead-layer removal: 1 layers
[07/22/2026-00:35:50] [TRT] [V] After tensor merging: 1 layers
[07/22/2026-00:35:50] [TRT] [V] After slice removal: 1 layers
[07/22/2026-00:35:50] [TRT] [V] After concat removal: 1 layers
[07/22/2026-00:35:50] [TRT] [V] Trying to split Reshape and strided tensor
[07/22/2026-00:35:50] [TRT] [V] Graph optimization time: 0.00051281 seconds.
[07/22/2026-00:35:50] [TRT] [V] Building graph using backend strategy 2
[07/22/2026-00:35:50] [TRT] [I] Local timing cache in use. Profiling results in this builder pass will not be stored.
[07/22/2026-00:35:50] [TRT] [V] Constructing optimization profile number 0 [1/2].
[07/22/2026-00:35:50] [TRT] [V] Applying generic optimizations to the graph for inference.
[07/22/2026-00:35:50] [TRT] [V] Reserving memory for host IO tensors. Host: 0 bytes
[07/22/2026-00:35:50] [TRT] [V] =============== Computing costs for {ForeignNode[node_conv2d...ONNXTRT_castHelper_9]}
[07/22/2026-00:35:50] [TRT] [V] ForeignNode {ForeignNode[node_conv2d...ONNXTRT_castHelper_9]} metadata: [ONNX Layer: node_conv2d][ONNX Layer: node_relu][ONNX Layer: node_max_pool2d][ONNX Layer: node_conv2d_1][ONNX Layer: node_relu_1][ONNX Layer: node_max_pool2d_1][ONNX Layer: node_view][ONNX Layer: node_linear][ONNX Layer: node_relu_2][ONNX Layer: node_linear_1][ONNX Layer: node_softmax][ONNX Layer: node_argmax]
[07/22/2026-00:35:50] [TRT] [V] *************** Autotuning format combination: Float(784,784,28,1) -> Float(10,1), Int64(1) ***************
[07/22/2026-00:35:50] [TRT] [V] --------------- Timing Runner: {ForeignNode[node_conv2d...ONNXTRT_castHelper_9]} (Myelin[0x80000023])
[07/22/2026-00:35:50] [TRT] [I] Compiler backend is used during engine build.
[07/22/2026-00:35:55] [TRT] [V]  (foreignNode) Set user's cuda kernel library
[07/22/2026-00:35:55] [TRT] [V]  (foreignNode) Using legacy CPU-only mode.
[07/22/2026-00:35:55] [TRT] [V]  (foreignNode) Autotuning op node_conv2d: [ONNX Layer: node_conv2d][ONNX Layer: node_relu]
[07/22/2026-00:35:55] [TRT] [V]  (foreignNode) Sorted table of all evaluated tactics:
[07/22/2026-00:35:55] [TRT] [V]  (foreignNode) tactic_id, cost(in ms), cost/fastest_cost, prediction_correlation, kernel_name, tactic_hash, tunable_parameter, conv_w2c_input_fold
[07/22/2026-00:35:55] [TRT] [V]  (foreignNode)   62, 0.0039936, 1.00000, 2.56737, sm80_xmma_fprop_implicit_gemm_indexed_wo_smem_f32f32_tf32f32_f32_nhwckrsc_nhwc_tilesize128x16x32_stage1_warpsize4x1x1_g1_tensor16x8x8_aligna4_alignc8, 0x447797f84b244, , 0
[07/22/2026-00:35:55] [TRT] [V]  (foreignNode)   63, 0.0041984, 1.05128, 2.45510, sm80_xmma_fprop_implicit_gemm_indexed_wo_smem_f32f32_tf32f32_f32_nhwckrsc_nhwc_tilesize128x16x32_stage1_warpsize4x1x1_g1_tensor16x8x8_aligna4_alignc4, 0x61203a5779dda, , 0
[07/22/2026-00:35:55] [TRT] [V]  (foreignNode)   49, 0.0046080, 1.15385, 2.00484, sm80_xmma_fprop_implicit_gemm_indexed_wo_smem_f32f32_tf32f32_f32_nhwckrsc_nhwc_tilesize128x32x16_stage1_warpsize4x1x1_g1_tensor16x8x8_aligna4_alignc8, 0x40b656980a6a1, , 0
[07/22/2026-00:35:55] [TRT] [V]  (foreignNode)   52, 0.0048096, 1.20433, 1.97219, sm80_xmma_fprop_implicit_gemm_indexed_wo_smem_f32f32_tf32f32_f32_nhwckrsc_nhwc_tilesize128x32x16_stage1_warpsize4x1x1_g1_tensor16x8x8_aligna4_alignc4, 0x4932958f86249, , 0
[07/22/2026-00:35:55] [TRT] [V]  (foreignNode)   16, 0.0048128, 1.20513, 1.29682, sm80_xmma_fprop_implicit_gemm_indexed_wo_smem_f32f32_tf32f32_f32_nhwckrsc_nhwc_tilesize128x16x64_stage1_warpsize4x1x1_g1_tensor16x8x8, 0x53e82ebe669a9, , 0
[07/22/2026-00:35:55] [TRT] [V]  (foreignNode)   66, 0.0048128, 1.20513, 2.19281, sm80_xmma_fprop_implicit_gemm_indexed_wo_smem_f32f32_tf32f32_f32_nhwckrsc_nhwc_tilesize128x32x16_stage1_warpsize4x1x1_g1_tensor16x8x8_aligna4, 0x32f0a2fe3851f, , 0
[07/22/2026-00:35:55] [TRT] [V]  (foreignNode)   77, 0.0048128, 1.20513, 2.24084, sm80_xmma_fprop_implicit_gemm_indexed_wo_smem_f32f32_tf32f32_f32_nhwckrsc_nhwc_tilesize128x16x32_stage1_warpsize4x1x1_g1_tensor16x8x8_aligna4, 0x68bbd65d1a060, , 0
[07/22/2026-00:35:55] [TRT] [V]  (foreignNode)   19, 0.0050176, 1.25641, 1.32629, sm80_xmma_fprop_implicit_gemm_indexed_wo_smem_f32f32_tf32f32_f32_nhwckrsc_nhwc_tilesize128x16x64_stage1_warpsize4x1x1_g1_tensor16x8x8_alignc4, 0x5e9e9f3b6510b, , 0
[07/22/2026-00:35:55] [TRT] [V]  (foreignNode)   76, 0.0052224, 1.30769, 2.05836, sm80_xmma_fprop_implicit_gemm_indexed_wo_smem_f32f32_tf32f32_f32_nhwckrsc_nhwc_tilesize128x16x64_stage1_warpsize4x1x1_g1_tensor16x8x8_aligna4_alignc8, 0x36b20acc48e3e, , 0
[07/22/2026-00:35:55] [TRT] [V]  (foreignNode)   92, 0.0052224, 1.30769, 2.33431, sm80_xmma_fprop_implicit_gemm_indexed_wo_smem_f32f32_tf32f32_f32_nhwckrsc_nhwc_tilesize128x32x64_stage1_warpsize4x1x1_g1_tensor16x8x8_aligna4_alignc8, 0x45e4a977c1240, , 0
[07/22/2026-00:35:55] [TRT] [V]  (foreignNode)   23, 0.0054272, 1.35897, 1.38714, sm80_xmma_fprop_implicit_gemm_indexed_wo_smem_f32f32_tf32f32_f32_nhwckrsc_nhwc_tilesize128x32x64_stage1_warpsize4x1x1_g1_tensor16x8x8, 0x2bde4e2ffd726, , 0
[07/22/2026-00:35:55] [TRT] [V]  (foreignNode)   34, 0.0056320, 1.41026, 1.44756, sm80_xmma_fprop_implicit_gemm_indexed_wo_smem_f32f32_tf32f32_f32_nhwckrsc_nhwc_tilesize128x32x64_stage1_warpsize4x1x1_g1_tensor16x8x8_alignc8, 0x52a765b97fd00, , 0
[07/22/2026-00:35:55] [TRT] [V]  (foreignNode)   39, 0.0056320, 1.41026, 1.47182, sm80_xmma_fprop_implicit_gemm_indexed_wo_smem_f32f32_tf32f32_f32_nhwckrsc_nhwc_tilesize128x32x64_stage1_warpsize4x1x1_g1_tensor16x8x8_alignc4, 0x5ca966606ead6, , 0
[07/22/2026-00:35:55] [TRT] [V]  (foreignNode)   28, 0.0060416, 1.51282, 1.29361, sm80_xmma_fprop_implicit_gemm_indexed_wo_smem_f32f32_tf32f32_f32_nhwckrsc_nhwc_tilesize128x32x64_stage1_warpsize4x1x1_g1_tensor16x8x8_aligna8, 0x399cd25e740a2, , 0
[07/22/2026-00:35:55] [TRT] [V]  (foreignNode)   36, 0.0060416, 1.51282, 1.36152, sm80_xmma_fprop_implicit_gemm_indexed_wo_smem_f32f32_tf32f32_f32_nhwckrsc_nhwc_tilesize128x16x64_stage1_warpsize4x1x1_g1_tensor16x8x8_alignc8, 0x2c42b19f834dd, , 0
[07/22/2026-00:35:55] [TRT] [V]  (foreignNode)   33, 0.0062400, 1.56250, 1.29937, sm80_xmma_fprop_implicit_gemm_indexed_wo_smem_f32f32_tf32f32_f32_nhwckrsc_nhwc_tilesize128x32x64_stage1_warpsize4x1x1_g1_tensor16x8x8_aligna8_alignc4, 0x36c92cea3ae7c, , 0
[07/22/2026-00:35:55] [TRT] [V]  (foreignNode)   45, 0.0062464, 1.56410, 1.42609, sm80_xmma_fprop_implicit_gemm_indexed_wo_smem_f32f32_tf32f32_f32_nhwckrsc_nhwc_tilesize128x16x32_stage1_warpsize4x1x1_g1_tensor16x8x8_aligna8, 0x56d0b592d555c, , 0
[07/22/2026-00:35:55] [TRT] [V]  (foreignNode)   46, 0.0062464, 1.56410, 1.43058, sm80_xmma_fprop_implicit_gemm_indexed_wo_smem_f32f32_tf32f32_f32_nhwckrsc_nhwc_tilesize128x16x32_stage1_warpsize4x1x1_g1_tensor16x8x8_aligna8_alignc8, 0x51c3180075f77, , 0
[07/22/2026-00:35:55] [TRT] [V]  (foreignNode)   42, 0.0064512, 1.61538, 1.29236, sm80_xmma_fprop_implicit_gemm_indexed_wo_smem_f32f32_tf32f32_f32_nhwckrsc_nhwc_tilesize128x16x32_stage1_warpsize4x1x1_g1_tensor16x8x8, 0x4e96e01ba9248, , 0
[07/22/2026-00:35:55] [TRT] [V]  (foreignNode)   47, 0.0064544, 1.61619, 1.38898, sm80_xmma_fprop_implicit_gemm_indexed_wo_smem_f32f32_tf32f32_f32_nhwckrsc_nhwc_tilesize128x16x64_stage1_warpsize4x1x1_g1_tensor16x8x8_aligna8, 0x43ad737d35171, , 0
[07/22/2026-00:35:55] [TRT] [V]  (foreignNode)   41, 0.0064576, 1.61699, 1.28997, sm80_xmma_fprop_implicit_gemm_indexed_wo_smem_f32f32_tf32f32_f32_nhwckrsc_nhwc_tilesize128x16x32_stage1_warpsize4x1x1_g1_tensor16x8x8_alignc8, 0x39efcb854db0c, , 0
[07/22/2026-00:35:55] [TRT] [V]  (foreignNode)   43, 0.0066656, 1.66907, 1.26108, sm80_xmma_fprop_implicit_gemm_indexed_wo_smem_f32f32_tf32f32_f32_nhwckrsc_nhwc_tilesize128x16x32_stage1_warpsize4x1x1_g1_tensor16x8x8_alignc4, 0x39ccfb178f0a3, , 0
[07/22/2026-00:35:55] [TRT] [V]  (foreignNode)   48, 0.0066656, 1.66907, 1.35864, sm80_xmma_fprop_implicit_gemm_indexed_wo_smem_f32f32_tf32f32_f32_nhwckrsc_nhwc_tilesize128x16x64_stage1_warpsize4x1x1_g1_tensor16x8x8_aligna8_alignc4, 0x4da24cec60f34, , 0
[07/22/2026-00:35:55] [TRT] [V]  (foreignNode)   13, 0.0072192, 1.80769, 0.78152, sm80_xmma_fprop_implicit_gemm_f32f32_f32f32_f32_nchwkcrs_nchw_tilesize32x32x8_stage3_warpsize1x2x1_g1_ffma_aligna4_alignc4, 0x431ac8662980a, , 0
[07/22/2026-00:35:55] [TRT] [V]  (foreignNode)   25, 0.0074752, 1.87180, 1.01811, cutlass3x_sm100_tensorop_s128x128x8tf32implicit_gemm_fprop_f32_f32_f32_f32_f32_f32_128x128x32_dyn_cga_ndhwc_ndhwc_ndhwc_align4_2sm_relu_valpha_vbeta, 0x39a08467981a4, cga={2 8 1 1 2 1 1} , 1
[07/22/2026-00:35:55] [TRT] [V]  (foreignNode)   73, 0.0074752, 1.87180, 1.41861, sm80_xmma_fprop_implicit_gemm_indexed_wo_smem_f32f32_tf32f32_f32_nhwckrsc_nhwc_tilesize128x32x16_stage1_warpsize4x1x1_g1_tensor16x8x8_aligna8_alignc8, 0x5d3fc97fc5ece, , 0
[07/22/2026-00:35:55] [TRT] [V]  (foreignNode)   74, 0.0074752, 1.87180, 1.43078, sm80_xmma_fprop_implicit_gemm_indexed_wo_smem_f32f32_tf32f32_f32_nhwckrsc_nhwc_tilesize128x32x16_stage1_warpsize4x1x1_g1_tensor16x8x8_aligna8, 0x4b1795081a257, , 0
[07/22/2026-00:35:55] [TRT] [V]  (foreignNode)   84, 0.0074752, 1.87180, 1.48202, sm80_xmma_fprop_implicit_gemm_indexed_wo_smem_f32f32_tf32f32_f32_nhwckrsc_nhwc_tilesize128x32x16_stage1_warpsize4x1x1_g1_tensor16x8x8, 0x65ed69f9242d6, , 0
[07/22/2026-00:35:55] [TRT] [V]  (foreignNode)   81, 0.0074816, 1.87340, 1.47573, sm80_xmma_fprop_implicit_gemm_indexed_wo_smem_f32f32_tf32f32_f32_nhwckrsc_nhwc_tilesize128x32x16_stage1_warpsize4x1x1_g1_tensor16x8x8_alignc8, 0x320f2e828cc56, , 0
[07/22/2026-00:35:55] [TRT] [V]  (foreignNode)   75, 0.0076768, 1.92228, 1.39624, sm80_xmma_fprop_implicit_gemm_indexed_wo_smem_f32f32_tf32f32_f32_nhwckrsc_nhwc_tilesize128x32x16_stage1_warpsize4x1x1_g1_tensor16x8x8_aligna8_alignc4, 0x34cb1bfa1a587, , 0
[07/22/2026-00:35:55] [TRT] [V]  (foreignNode)   44, 0.0076800, 1.92308, 1.13292, cutlass3x_sm100_tensorop_s128x128x8tf32implicit_gemm_fprop_f32_f32_f32_f32_f32_f32_128x128x32_dyn_cga_ndhwc_ndhwc_ndhwc_align4_2sm_relu_valpha_vbeta, 0x2ab2633c442a5, cga={2 8 2 1 2 1 1} , 1
[07/22/2026-00:35:55] [TRT] [V]  (foreignNode)   87, 0.0077824, 1.94872, 1.44460, sm80_xmma_fprop_implicit_gemm_indexed_wo_smem_f32f32_tf32f32_f32_nhwckrsc_nhwc_tilesize128x32x16_stage1_warpsize4x1x1_g1_tensor16x8x8_alignc4, 0x2bf76ead0e8e7, , 0
[07/22/2026-00:35:55] [TRT] [V]  (foreignNode)   86, 0.0078848, 1.97436, 1.42115, cutlass3x_sm100_tensorop_s128x256x8tf32implicit_gemm_fprop_f32_f32_f32_f32_f32_f32_128x256x32_dyn_cga_ndhwc_ndhwc_ndhwc_align4_2sm_relu_valpha_vbeta, 0x64c4c130b2b15, cga={2 4 1 1 2 1 1} , 1
[07/22/2026-00:35:55] [TRT] [V]  (foreignNode)   30, 0.0079680, 1.99519, 0.99429, sm80_xmma_fprop_implicit_gemm_f32f32_f32f32_f32_nchwkcrs_nchw_tilesize128x16x8_stage3_warpsize4x1x1_g1_ffma_aligna4_alignc4, 0x4f761254ffcf1, , 0
[07/22/2026-00:35:55] [TRT] [V]  (foreignNode)   24, 0.0079872, 2.00000, 0.95212, cutlass3x_sm100_tensorop_s128x128x8tf32implicit_gemm_fprop_f32_f32_f32_f32_f32_f32_128x128x32_dyn_cga_ndhwc_ndhwc_ndhwc_align4_2sm_relu_valpha_vbeta, 0x512169c0e6ae4, cga={2 4 1 1 2 1 1} , 1
[07/22/2026-00:35:55] [TRT] [V]  (foreignNode)    9, 0.0080896, 2.02564, 0.54051, sm80_xmma_fprop_implicit_gemm_indexed_f32f32_f32f32_f32_nhwckrsc_nhwc_tilesize32x32x8_stage3_warpsize1x2x1_g1_ffma_aligna4_alignc4, 0x46a1e74539894, , 0
[07/22/2026-00:35:55] [TRT] [V]  (foreignNode)   50, 0.0080896, 2.02564, 1.14948, cutlass3x_sm100_tensorop_s128x128x8tf32implicit_gemm_fprop_f32_f32_f32_f32_f32_f32_128x128x32_dyn_cga_ndhwc_ndhwc_ndhwc_align4_2sm_relu_valpha_vbeta, 0x524b8b813aebb, cga={2 4 2 1 2 1 1} , 1
[07/22/2026-00:35:55] [TRT] [V]  (foreignNode)   85, 0.0080928, 2.02644, 1.38269, cutlass3x_sm100_tensorop_s128x256x8tf32implicit_gemm_fprop_f32_f32_f32_f32_f32_f32_128x256x32_dyn_cga_ndhwc_ndhwc_ndhwc_align4_2sm_relu_valpha_vbeta, 0x33a3368ba6b62, cga={2 8 1 1 2 1 1} , 1
[07/22/2026-00:35:55] [TRT] [V]  (foreignNode)   12, 0.0081408, 2.03846, 0.66787, sm80_xmma_fprop_implicit_gemm_indexed_f32f32_f32f32_f32_nchwkcrs_nchw_tilesize32x32x8_stage3_warpsize1x2x1_g1_ffma_aligna4_alignc4, 0x53072733c7601, , 0
[07/22/2026-00:35:55] [TRT] [V]  (foreignNode)   11, 0.0082912, 2.07612, 0.62847, sm80_xmma_fprop_implicit_gemm_f32f32_f32f32_f32_nhwckrsc_nhwc_tilesize32x32x8_stage3_warpsize1x2x1_g1_ffma_aligna4_alignc4, 0x6611607d187d4, , 0
[07/22/2026-00:35:55] [TRT] [V]  (foreignNode)   56, 0.0083968, 2.10256, 1.15772, cutlass3x_sm100_tensorop_s64x128x8tf32implicit_gemm_fprop_f32_f32_f32_f32_f32_f32_64x128x32_dyn_cga_ndhwc_ndhwc_ndhwc_align4_1sm_relu_valpha_vbeta, 0x42d6eee2af3c1, cga={2 8 1 1 2 1 1} , 1
[07/22/2026-00:35:55] [TRT] [V]  (foreignNode)   78, 0.0083968, 2.10256, 1.28519, cutlass3x_sm100_tensorop_s64x128x8tf32implicit_gemm_fprop_f32_f32_f32_f32_f32_f32_64x128x32_dyn_cga_ndhwc_ndhwc_ndhwc_align4_1sm_relu_valpha_vbeta, 0x335de326c46e4, cga={2 8 2 1 1 2 1} , 1
[07/22/2026-00:35:55] [TRT] [V]  (foreignNode)   58, 0.0084960, 2.12740, 1.14989, cutlass3x_sm100_tensorop_s64x128x8tf32implicit_gemm_fprop_f32_f32_f32_f32_f32_f32_64x128x32_dyn_cga_ndhwc_ndhwc_ndhwc_align4_1sm_relu_valpha_vbeta, 0x3c85962b2abe5, cga={2 8 2 1 2 1 1} , 1
[07/22/2026-00:35:55] [TRT] [V]  (foreignNode)   89, 0.0084960, 2.12740, 1.35618, cutlass3x_sm100_tensorop_s128x128x8tf32implicit_gemm_fprop_f32_f32_f32_f32_f32_f32_128x128x32_dyn_cga_ndhwc_ndhwc_ndhwc_align4_2sm_relu_valpha_vbeta, 0x30a9ae9ac00d1, cga={2 2 2 1 2 1 1} , 1
[07/22/2026-00:35:55] [TRT] [V]  (foreignNode)   54, 0.0086016, 2.15385, 1.12947, cutlass3x_sm100_tensorop_s64x128x8tf32implicit_gemm_fprop_f32_f32_f32_f32_f32_f32_64x128x32_dyn_cga_ndhwc_ndhwc_ndhwc_align4_1sm_relu_valpha_vbeta, 0x63fab4afced86, cga={2 4 1 1 2 1 1} , 1
[07/22/2026-00:35:55] [TRT] [V]  (foreignNode)   59, 0.0086016, 2.15385, 1.13704, cutlass3x_sm100_tensorop_s64x128x8tf32implicit_gemm_fprop_f32_f32_f32_f32_f32_f32_64x128x32_dyn_cga_ndhwc_ndhwc_ndhwc_align4_1sm_relu_valpha_vbeta, 0x3c8c7516f47f0, cga={2 4 2 1 2 1 1} , 1
[07/22/2026-00:35:55] [TRT] [V]  (foreignNode)   79, 0.0086016, 2.15385, 1.25758, cutlass3x_sm100_tensorop_s64x128x8tf32implicit_gemm_fprop_f32_f32_f32_f32_f32_f32_64x128x32_dyn_cga_ndhwc_ndhwc_ndhwc_align4_1sm_relu_valpha_vbeta, 0x39eb43261733c, cga={2 4 2 1 1 2 1} , 1
[07/22/2026-00:35:55] [TRT] [V]  (foreignNode)   68, 0.0086048, 2.15465, 1.22668, cutlass3x_sm100_tensorop_s256x128x8tf32implicit_gemm_fprop_f32_f32_f32_f32_f32_f32_256x128x32_dyn_cga_ndhwc_ndhwc_ndhwc_align4_2sm_relu_valpha_vbeta, 0x2f8b9515c6bf4, cga={2 2 2 1 2 1 1} , 1
[07/22/2026-00:35:55] [TRT] [V]  (foreignNode)   99, 0.0087008, 2.17869, 1.54172, cutlass3x_sm100_tensorop_s256x128x8tf32implicit_gemm_fprop_f32_f32_f32_f32_f32_f32_256x128x32_dyn_cga_ndhwc_ndhwc_ndhwc_align4_2sm_relu_valpha_vbeta, 0x46b86d07bcad2, cga={2 2 4 1 2 1 1} , 1
[07/22/2026-00:35:55] [TRT] [V]  (foreignNode)   55, 0.0087072, 2.18029, 1.11602, cutlass3x_sm100_tensorop_s64x128x8tf32implicit_gemm_fprop_f32_f32_f32_f32_f32_f32_64x128x32_dyn_cga_ndhwc_ndhwc_ndhwc_align4_1sm_relu_valpha_vbeta, 0x2e38345f24ce6, cga={2 2 1 1 2 1 1} , 1
[07/22/2026-00:35:55] [TRT] [V]  (foreignNode)   37, 0.0087200, 2.18349, 0.95046, cutlass3x_sm100_tensorop_s128x128x8tf32implicit_gemm_fprop_f32_f32_f32_f32_f32_f32_128x128x32_dyn_cga_ndhwc_ndhwc_ndhwc_align4_2sm_relu_valpha_vbeta, 0x4098bc9a582e5, cga={0 0 0 1 0 0 1} , 1
[07/22/2026-00:35:55] [TRT] [V]  (foreignNode)   14, 0.0087648, 2.19471, 0.68692, sm80_xmma_fprop_implicit_gemm_indexed_f32f32_f32f32_f32_nchwkcrs_nchw_tilesize64x64x8_stage3_warpsize1x4x1_g1_ffma_aligna4_alignc4, 0x50058707ad9d1, , 0
[07/22/2026-00:35:55] [TRT] [V]  (foreignNode)   88, 0.0088000, 2.20353, 1.30811, cutlass3x_sm100_tensorop_s256x128x8tf32implicit_gemm_fprop_f32_f32_f32_f32_f32_f32_256x128x32_dyn_cga_ndhwc_ndhwc_ndhwc_align4_2sm_relu_valpha_vbeta, 0x3da6f833cc165, cga={2 4 4 1 2 1 1} , 1
[07/22/2026-00:35:55] [TRT] [V]  (foreignNode)   72, 0.0088096, 2.20593, 1.19907, cutlass3x_sm100_tensorop_s256x128x8tf32implicit_gemm_fprop_f32_f32_f32_f32_f32_f32_256x128x32_dyn_cga_ndhwc_ndhwc_ndhwc_align4_2sm_relu_valpha_vbeta, 0x43715d052237b, cga={2 8 2 1 2 1 1} , 1
[07/22/2026-00:35:55] [TRT] [V]  (foreignNode)   98, 0.0089056, 2.22997, 1.48834, cutlass3x_sm100_tensorop_s128x256x8tf32implicit_gemm_fprop_f32_f32_f32_f32_f32_f32_128x256x32_dyn_cga_ndhwc_ndhwc_ndhwc_align4_2sm_relu_valpha_vbeta, 0x56704b87dfb92, cga={2 2 1 1 2 1 1} , 1
[07/22/2026-00:35:55] [TRT] [V]  (foreignNode)   71, 0.0089088, 2.23077, 1.18492, cutlass3x_sm100_tensorop_s256x128x8tf32implicit_gemm_fprop_f32_f32_f32_f32_f32_f32_256x128x32_dyn_cga_ndhwc_ndhwc_ndhwc_align4_2sm_relu_valpha_vbeta, 0x463bd845d6f45, cga={2 4 2 1 2 1 1} , 1
[07/22/2026-00:35:55] [TRT] [V]  (foreignNode)   91, 0.0089088, 2.23077, 1.32757, cutlass3x_sm100_tensorop_s64x128x8tf32implicit_gemm_fprop_f32_f32_f32_f32_f32_f32_64x128x32_dyn_cga_ndhwc_ndhwc_ndhwc_align4_1sm_relu_valpha_vbeta, 0x43a99cc829f69, cga={2 2 2 1 2 1 1} , 1
[07/22/2026-00:35:55] [TRT] [V]  (foreignNode)   93, 0.0089088, 2.23077, 1.40230, cutlass3x_sm100_tensorop_s64x128x8tf32implicit_gemm_fprop_f32_f32_f32_f32_f32_f32_64x128x32_dyn_cga_ndhwc_ndhwc_ndhwc_align4_1sm_relu_valpha_vbeta, 0x6131fea00d78e, cga={2 2 2 1 1 2 1} , 1
[07/22/2026-00:35:55] [TRT] [V]  (foreignNode)   97, 0.0089088, 2.23077, 1.48781, cutlass3x_sm100_tensorop_s128x256x8tf32implicit_gemm_fprop_f32_f32_f32_f32_f32_f32_128x256x32_dyn_cga_ndhwc_ndhwc_ndhwc_align4_2sm_relu_valpha_vbeta, 0x2c44a9962d227, cga={0 0 0 1 0 0 1} , 1
[07/22/2026-00:35:55] [TRT] [V]  (foreignNode)   38, 0.0090112, 2.25641, 0.91974, cutlass3x_sm100_tensorop_s128x128x8tf32implicit_gemm_fprop_f32_f32_f32_f32_f32_f32_128x128x32_dyn_cga_ndhwc_ndhwc_ndhwc_align4_2sm_relu_valpha_vbeta, 0x2ddf60afb1c3a, cga={2 2 1 1 2 1 1} , 1
[07/22/2026-00:35:55] [TRT] [V]  (foreignNode)   53, 0.0090624, 2.26923, 1.06987, sm80_xmma_fprop_implicit_gemm_f32f32_f32f32_f32_nchwkcrs_nchw_tilesize64x64x8_stage3_warpsize1x4x1_g1_ffma_aligna4_alignc4, 0x52fd2cc1fc4ec, , 0
[07/22/2026-00:35:55] [TRT] [V]  (foreignNode)   67, 0.0091136, 2.28205, 1.15805, cutlass3x_sm100_tensorop_s256x128x8tf32implicit_gemm_fprop_f32_f32_f32_f32_f32_f32_256x128x32_dyn_cga_ndhwc_ndhwc_ndhwc_align4_2sm_relu_valpha_vbeta, 0x453d81e7227d5, cga={2 8 1 1 2 1 1} , 1
[07/22/2026-00:35:55] [TRT] [V]  (foreignNode)   65, 0.0096256, 2.41026, 1.09582, cutlass3x_sm100_tensorop_s256x128x8tf32implicit_gemm_fprop_f32_f32_f32_f32_f32_f32_256x128x32_dyn_cga_ndhwc_ndhwc_ndhwc_align4_2sm_relu_valpha_vbeta, 0x698792e76b689, cga={2 4 1 1 2 1 1} , 1
[07/22/2026-00:35:55] [TRT] [V]  (foreignNode)   82, 0.0097280, 2.43590, 1.13695, cutlass3x_sm100_tensorop_s64x128x8tf32implicit_gemm_fprop_f32_f32_f32_f32_f32_f32_64x128x32_dyn_cga_ndhwc_ndhwc_ndhwc_align4_1sm_relu_valpha_vbeta, 0x328b57f629ef8, cga={0 0 0 1 0 0 1} , 1
[07/22/2026-00:35:55] [TRT] [V]  (foreignNode)   83, 0.0097312, 2.43670, 1.13658, cutlass3x_sm100_tensorop_s64x128x8tf32implicit_gemm_fprop_f32_f32_f32_f32_f32_f32_64x128x32_dyn_cga_ndhwc_ndhwc_ndhwc_align4_1sm_relu_valpha_vbeta, 0x2dedc897174c8, cga={2 1 1 1 1 1 1} , 1
[07/22/2026-00:35:55] [TRT] [V]  (foreignNode)   27, 0.0099328, 2.48718, 0.77484, sm80_xmma_fprop_implicit_gemm_f32f32_f32f32_f32_nhwckrsc_nhwc_tilesize128x16x8_stage3_warpsize4x1x1_g1_ffma_aligna4_alignc4, 0x4ae5e6b95a5f8, , 0
[07/22/2026-00:35:55] [TRT] [V]  (foreignNode)   70, 0.0105472, 2.64103, 1.00079, cutlass3x_sm100_tensorop_s256x128x8tf32implicit_gemm_fprop_f32_f32_f32_f32_f32_f32_256x128x32_dyn_cga_ndhwc_ndhwc_ndhwc_align4_2sm_relu_valpha_vbeta, 0x535a8851f45af, cga={2 2 1 1 2 1 1} , 1
[07/22/2026-00:35:55] [TRT] [V]  (foreignNode)   69, 0.0105504, 2.64183, 1.00049, cutlass3x_sm100_tensorop_s256x128x8tf32implicit_gemm_fprop_f32_f32_f32_f32_f32_f32_256x128x32_dyn_cga_ndhwc_ndhwc_ndhwc_align4_2sm_relu_valpha_vbeta, 0x6897023cbda56, cga={0 0 0 1 0 0 1} , 1
[07/22/2026-00:35:55] [TRT] [V]  (foreignNode)   29, 0.0105936, 2.65264, 0.73951, sm80_xmma_fprop_implicit_gemm_indexed_f32f32_f32f32_f32_nchwkcrs_nchw_tilesize128x16x8_stage3_warpsize4x1x1_g1_ffma_aligna4_alignc4, 0x381f105003178, , 0
[07/22/2026-00:35:55] [TRT] [V]  (foreignNode)   31, 0.0106128, 2.65745, 0.75664, sm80_xmma_fprop_implicit_gemm_indexed_f32f32_f32f32_f32_nchwkcrs_nchw_tilesize128x32x8_stage3_warpsize2x2x1_g1_ffma_aligna4_alignc4, 0x38b375fe898eb, , 0
[07/22/2026-00:35:55] [TRT] [V]  (foreignNode)   60, 0.0109600, 2.74439, 0.90520, sm80_xmma_fprop_implicit_gemm_f32f32_f32f32_f32_nhwckrsc_nhwc_tilesize64x64x8_stage3_warpsize1x4x1_g1_ffma_aligna4_alignc4, 0x531c3b8549188, , 0
[07/22/2026-00:35:55] [TRT] [V]  (foreignNode)   94, 0.0114848, 2.87580, 1.09529, cutlass3x_sm100_tensorop_s128x128x8tf32implicit_gemm_fprop_f32_f32_f32_f32_f32_f32_128x128x32_dyn_cga_ndhwc_ndhwc_ndhwc_align4_1sm_relu_valpha_vbeta, 0x4c8f00b51b7ca, cga={0 0 0 1 0 0 1} , 1
[07/22/2026-00:35:55] [TRT] [V]  (foreignNode)   95, 0.0115712, 2.89744, 1.08712, cutlass3x_sm100_tensorop_s128x128x8tf32implicit_gemm_fprop_f32_f32_f32_f32_f32_f32_128x128x32_dyn_cga_ndhwc_ndhwc_ndhwc_align4_1sm_relu_valpha_vbeta, 0x5c331297e0160, cga={2 1 1 1 1 1 1} , 1
[07/22/2026-00:35:55] [TRT] [V]  (foreignNode)   22, 0.0121344, 3.03846, 0.60794, sm80_xmma_fprop_implicit_gemm_indexed_f32f32_f32f32_f32_nchwkcrs_nchw_tilesize128x64x8_stage2_warpsize1x4x1_g1_ffma_aligna4_alignc4_beta0_packed_stride, 0x491c74b83d98c, , 0
[07/22/2026-00:35:55] [TRT] [V]  (foreignNode)   32, 0.0124416, 3.11538, 0.64774, sm80_xmma_fprop_implicit_gemm_indexed_f32f32_f32f32_f32_nchwkcrs_nchw_tilesize128x64x8_stage2_warpsize2x2x1_g1_ffma_aligna4_alignc4_beta0_packed_stride, 0x6105a76debc1c, , 0
[07/22/2026-00:35:55] [TRT] [V]  (foreignNode)   15, 0.0125792, 3.14984, 0.48867, sm80_xmma_fprop_implicit_gemm_indexed_f32f32_f32f32_f32_nhwckrsc_nhwc_tilesize64x64x8_stage3_warpsize1x4x1_g1_ffma_aligna4_alignc4, 0x45757ccc39352, , 0
[07/22/2026-00:35:55] [TRT] [V]  (foreignNode)   10, 0.0128000, 3.20513, 0.38197, sm80_xmma_fprop_implicit_gemm_indexed_f32f32_f32f32_f32_nhwckrsc_nhwc_tilesize128x16x8_stage3_warpsize4x1x1_g1_ffma_aligna4_alignc4, 0x5c10a53c8e4ee, , 0
[07/22/2026-00:35:55] [TRT] [V]  (foreignNode)    8, 0.0132128, 3.30849, 0.31654, sm80_xmma_fprop_implicit_gemm_f32f32_tf32f32_f32_nhwckrsc_nhwc_tilesize128x128x16_stage4_warpsize2x2x1_g1_tensor16x8x8_t1r5s5, 0x4a22061aa1bca, , 0
[07/22/2026-00:35:55] [TRT] [V]  (foreignNode)    2, 0.0134848, 3.37660, 0.02610, sm80_xmma_fprop_implicit_gemm_f32f32_tf32f32_f32_nhwckrsc_nhwc_tilesize64x32x64_stage5_warpsize2x2x1_g1_tensor16x8x8_t1r5s5, 0x6671027229437, , 0
[07/22/2026-00:35:55] [TRT] [V]  (foreignNode)   21, 0.0136192, 3.41026, 0.51641, sm80_xmma_fprop_implicit_gemm_indexed_f32f32_f32f32_f32_nhwckrsc_nhwc_tilesize128x32x8_stage3_warpsize2x2x1_g1_ffma_aligna4_alignc4, 0x593cc3676fa2f, , 0
[07/22/2026-00:35:55] [TRT] [V]  (foreignNode)   40, 0.0136656, 3.42188, 0.60945, sm80_xmma_fprop_implicit_gemm_indexed_f32f32_f32f32_f32_nchwkcrs_nchw_tilesize128x64x8_stage2_warpsize4x1x1_g1_ffma_aligna4_alignc4_beta0_packed_stride, 0x2ed49b83a1ace, , 0
[07/22/2026-00:35:55] [TRT] [V]  (foreignNode)    1, 0.0139200, 3.48558, 0.01236, sm80_xmma_fprop_implicit_gemm_f32f32_tf32f32_f32_nhwckrsc_nhwc_tilesize64x128x32_stage5_warpsize2x2x1_g1_tensor16x8x8_t1r5s5, 0x50bf9238876a8, , 0
[07/22/2026-00:35:55] [TRT] [V]  (foreignNode)   20, 0.0146432, 3.66667, 0.47314, sm80_xmma_fprop_implicit_gemm_indexed_f32f32_tf32f32_f32_nhwckrsc_nhwc_tilesize64x128x32_stage5_warpsize2x2x1_g1_tensor16x8x8, 0x63349d53d88ef, , 0
[07/22/2026-00:35:55] [TRT] [V]  (foreignNode)    3, 0.0146464, 3.66747, 0.02560, sm80_xmma_fprop_implicit_gemm_f32f32_tf32f32_f32_nhwckrsc_nhwc_tilesize128x64x32_stage5_warpsize2x2x1_g1_tensor16x8x8_t1r5s5, 0x2d7ff302789c4, , 0
[07/22/2026-00:35:55] [TRT] [V]  (foreignNode)   51, 0.0146624, 3.67147, 0.64592, sm80_xmma_fprop_implicit_gemm_indexed_f32f32_tf32f32_f32_nhwckrsc_nhwc_tilesize128x128x16_stage4_warpsize2x2x1_g1_tensor16x8x8, 0x569a5b44f4eab, , 0
[07/22/2026-00:35:55] [TRT] [V]  (foreignNode)   18, 0.0154592, 3.87099, 0.42443, sm80_xmma_fprop_implicit_gemm_indexed_f32f32_tf32f32_f32_nhwckrsc_nhwc_tilesize64x32x64_stage5_warpsize2x2x1_g1_tensor16x8x8, 0x5af5049c6d4f9, , 0
[07/22/2026-00:35:55] [TRT] [V]  (foreignNode)   26, 0.0167040, 4.18269, 0.45868, sm80_xmma_fprop_implicit_gemm_indexed_f32f32_tf32f32_f32_nhwckrsc_nhwc_tilesize128x64x32_stage5_warpsize2x2x1_g1_tensor16x8x8, 0x63102d914fbd2, , 0
[07/22/2026-00:35:55] [TRT] [V]  (foreignNode)    4, 0.0175104, 4.38462, 0.02423, sm80_xmma_fprop_implicit_gemm_f32f32_tf32f32_f32_nhwckrsc_nhwc_tilesize64x64x64_stage4_warpsize2x2x1_g1_tensor16x8x8_t1r5s5, 0x4163a3df68b16, , 0
[07/22/2026-00:35:55] [TRT] [V]  (foreignNode)   17, 0.0181248, 4.53846, 0.34922, sm80_xmma_fprop_implicit_gemm_indexed_f32f32_tf32f32_f32_nhwckrsc_nhwc_tilesize64x64x64_stage4_warpsize2x2x1_g1_tensor16x8x8, 0x2ced820775fe7, , 0
[07/22/2026-00:35:55] [TRT] [V]  (foreignNode)    5, 0.0234496, 5.87180, 0.02017, sm80_xmma_fprop_implicit_gemm_f32f32_tf32f32_f32_nhwckrsc_nhwc_tilesize128x128x32_stage4_warpsize2x2x1_g1_tensor16x8x8_t1r5s5, 0x3c2813949d00d, , 0
[07/22/2026-00:35:55] [TRT] [V]  (foreignNode)    7, 0.0245888, 6.15705, 0.10216, sm80_xmma_fprop_implicit_gemm_f32f32_tf32f32_f32_nhwckrsc_nhwc_tilesize256x64x32_stage3_warpsize4x2x1_g1_tensor16x8x8_t1r5s5, 0x5fe33cf2915df, , 0
[07/22/2026-00:35:55] [TRT] [V]  (foreignNode)   57, 0.0257024, 6.43590, 0.37873, sm80_xmma_fprop_implicit_gemm_indexed_f32f32_tf32f32_f32_nhwckrsc_nhwc_tilesize128x128x32_stage4_warpsize2x2x1_g1_tensor16x8x8, 0x571ad7d8034d3, , 0
[07/22/2026-00:35:55] [TRT] [V]  (foreignNode)    6, 0.0265216, 6.64103, 0.02597, sm80_xmma_fprop_implicit_gemm_f32f32_tf32f32_f32_nhwckrsc_nhwc_tilesize128x64x64_stage3_warpsize2x2x1_g1_tensor16x8x8_t1r5s5, 0x4185075da43a9, , 0
[07/22/2026-00:35:55] [TRT] [V]  (foreignNode)   64, 0.0273408, 6.84615, 0.37955, sm80_xmma_fprop_implicit_gemm_indexed_f32f32_tf32f32_f32_nhwckrsc_nhwc_tilesize256x64x32_stage3_warpsize4x2x1_g1_tensor16x8x8, 0x58cfb7217d527, , 0
[07/22/2026-00:35:55] [TRT] [V]  (foreignNode)   35, 0.0277504, 6.94872, 0.29619, sm80_xmma_fprop_implicit_gemm_indexed_f32f32_tf32f32_f32_nhwckrsc_nhwc_tilesize128x64x64_stage3_warpsize2x2x1_g1_tensor16x8x8, 0x65a391c4bf119, , 0
[07/22/2026-00:35:55] [TRT] [V]  (foreignNode)   80, 0.0359392, 8.99920, 0.30153, sm80_xmma_fprop_implicit_gemm_f32f32_tf32f32_f32_nhwckrsc_nhwc_tilesize128x256x32_stage3_warpsize2x4x1_g1_tensor16x8x8_t1r5s5, 0x65e9d61c48eda, , 0
[07/22/2026-00:35:55] [TRT] [V]  (foreignNode)   61, 0.0363520, 9.10256, 0.27699, sm80_xmma_fprop_implicit_gemm_f32f32_tf32f32_f32_nhwckrsc_nhwc_tilesize256x128x32_stage3_warpsize4x2x1_g1_tensor16x8x8_t1r5s5, 0x610c895e8b973, , 0
[07/22/2026-00:35:55] [TRT] [V]  (foreignNode)   90, 0.0375808, 9.41026, 0.31407, sm80_xmma_fprop_implicit_gemm_indexed_f32f32_tf32f32_f32_nhwckrsc_nhwc_tilesize128x256x32_stage3_warpsize2x4x1_g1_tensor16x8x8, 0x531a58fc22ee1, , 0
[07/22/2026-00:35:55] [TRT] [V]  (foreignNode)   96, 0.0398432, 9.97676, 0.31872, sm80_xmma_fprop_implicit_gemm_indexed_f32f32_tf32f32_f32_nhwckrsc_nhwc_tilesize256x128x32_stage3_warpsize4x2x1_g1_tensor16x8x8, 0x5389bdefe16fd, , 0
[07/22/2026-00:35:55] [TRT] [V]  (foreignNode)    0, 0.1301536, 32.59055, 0.00010, sm80_xmma_fprop_implicit_gemm_f32f32_f32f32_f32_nhwckrsc_nhwc_tilesize64x32x32_stage3_warpsize1x1x1_g1_ffma_t1r5s5_aligna4_alignc4, 0x5efcc2f47736d, , 0
[07/22/2026-00:35:55] [TRT] [V]  (foreignNode) Autotuning op node_max_pool2d: [ONNX Layer: node_max_pool2d]
[07/22/2026-00:35:55] [TRT] [V]  (foreignNode) Sorted table of all evaluated tactics:
[07/22/2026-00:35:55] [TRT] [V]  (foreignNode) tactic_id, cost(in ms), cost/fastest_cost, prediction_correlation, kernel_name, tactic_hash, tunable_parameter
[07/22/2026-00:35:55] [TRT] [V]  (foreignNode)   20, 0.0030720, 1.00000, 0.00000, sm50_xmma_pooling_max_nhwc_FP32FP32_WINDOWSIZE_0_PROPAGATE_NAN_3D, 0x63d934f4d43ce, 
[07/22/2026-00:35:55] [TRT] [V]  (foreignNode)   22, 0.0030720, 1.00000, 0.00000, sm50_xmma_pooling_max_nhwc_FP32FP32_WINDOWSIZE_0_PROPAGATE_NAN_2D, 0x66f0f7054b2a5, 
[07/22/2026-00:35:55] [TRT] [V]  (foreignNode)   18, 0.0032672, 1.06354, 0.00000, sm50_xmma_pooling_max_nhwc_FP32FP32_WINDOWSIZE_0_NOT_PROPAGATE_NAN_2D, 0x4327a8fca68b1, 
[07/22/2026-00:35:55] [TRT] [V]  (foreignNode)   21, 0.0033856, 1.10208, 0.00000, sm50_xmma_pooling_fw_4d_FP32FP32NHWC_Max_CAlign4, 0x6617c82cae8f0, 
[07/22/2026-00:35:55] [TRT] [V]  (foreignNode)   19, 0.0033888, 1.10313, 0.00000, sm50_xmma_pooling_max_nhwc_FP32FP32_WINDOWSIZE_0_NOT_PROPAGATE_NAN_3D, 0x67bdb004749ae, 
[07/22/2026-00:35:55] [TRT] [V]  (foreignNode)   11, 0.0041472, 1.35000, 0.00000, sm50_xmma_pooling_tiled_FP32NCHW_kMAX_tP2_tQ16_tR2_tS2_tU2_tV2_tUnroll3_tThreads128, 0x637977ba0d6e2, 
[07/22/2026-00:35:55] [TRT] [V]  (foreignNode)   13, 0.0041472, 1.35000, 0.00000, sm50_xmma_pooling_tiled_FP32NCHW_kMAX_tP2_tQ16_tR2_tS2_tU2_tV2_tUnroll2_tThreads128, 0x2f6b14a6cb8d4, 
[07/22/2026-00:35:55] [TRT] [V]  (foreignNode)   15, 0.0041472, 1.35000, 0.00000, sm50_xmma_pooling_tiled_FP32NCHW_kMAX_tP2_tQ16_tR2_tS2_tU2_tV2_tUnroll1_tThreads128, 0x2864d40f44906, 
[07/22/2026-00:35:55] [TRT] [V]  (foreignNode)   16, 0.0041472, 1.35000, 0.00000, sm50_xmma_pooling_tiled_FP32NCHW_kMAX_tP2_tQ32_tR2_tS2_tU2_tV2_tUnroll6_tThreads256, 0x5ba888b4b619c, 
[07/22/2026-00:35:55] [TRT] [V]  (foreignNode)    4, 0.0041520, 1.35156, 0.00000, sm50_xmma_pooling_tiled_FP32NCHW_kMAX_tP2_tQ16_tR2_tS2_tU2_tV2_tUnroll7_tThreads128, 0x503c1745dac9b, 
[07/22/2026-00:35:55] [TRT] [V]  (foreignNode)   12, 0.0041568, 1.35313, 0.00000, sm50_xmma_pooling_tiled_FP32NCHW_kMAX_tP2_tQ32_tR2_tS2_tU2_tV2_tUnroll2_tThreads256, 0x40206b28bf3c4, 
[07/22/2026-00:35:55] [TRT] [V]  (foreignNode)    7, 0.0042960, 1.39844, 0.00000, sm50_xmma_pooling_tiled_FP32NCHW_kMAX_tP2_tQ32_tR2_tS2_tU2_tV2_tUnroll3_tThreads256, 0x64c8cc77ba50e, 
[07/22/2026-00:35:55] [TRT] [V]  (foreignNode)    8, 0.0042960, 1.39844, 0.00000, sm50_xmma_pooling_tiled_FP32NCHW_kMAX_tP2_tQ32_tR2_tS2_tU2_tV2_tUnroll5_tThreads256, 0x29624b9510e6c, 
[07/22/2026-00:35:55] [TRT] [V]  (foreignNode)   14, 0.0042960, 1.39844, 0.00000, sm50_xmma_pooling_tiled_FP32NCHW_kMAX_tP2_tQ16_tR2_tS2_tU2_tV2_tUnroll4_tThreads128, 0x42627c41262ef, 
[07/22/2026-00:35:55] [TRT] [V]  (foreignNode)    5, 0.0043008, 1.40000, 0.00000, sm50_xmma_pooling_tiled_FP32NCHW_kMAX_tP2_tQ16_tR2_tS2_tU2_tV2_tUnroll6_tThreads128, 0x4f17e05940187, 
[07/22/2026-00:35:55] [TRT] [V]  (foreignNode)    6, 0.0043008, 1.40000, 0.00000, sm50_xmma_pooling_tiled_FP32NCHW_kMAX_tP2_tQ16_tR2_tS2_tU2_tV2_tUnroll5_tThreads128, 0x38a93743d776a, 
[07/22/2026-00:35:55] [TRT] [V]  (foreignNode)    9, 0.0043008, 1.40000, 0.00000, sm50_xmma_pooling_tiled_FP32NCHW_kMAX_tP2_tQ32_tR2_tS2_tU2_tV2_tUnroll4_tThreads256, 0x6be0fd1dba7a4, 
[07/22/2026-00:35:55] [TRT] [V]  (foreignNode)   10, 0.0043008, 1.40000, 0.00000, sm50_xmma_pooling_tiled_FP32NCHW_kMAX_tP2_tQ32_tR2_tS2_tU2_tV2_tUnroll7_tThreads256, 0x2efb789daae6f, 
[07/22/2026-00:35:55] [TRT] [V]  (foreignNode)   17, 0.0043008, 1.40000, 0.00000, sm50_xmma_pooling_tiled_FP32NCHW_kMAX_tP2_tQ32_tR2_tS2_tU2_tV2_tUnroll1_tThreads256, 0x51cb4d25cbb1e, 
[07/22/2026-00:35:55] [TRT] [V]  (foreignNode)    2, 0.0046080, 1.50000, 0.00000, sm50_xmma_pooling_tiled_FP32NCHW_kMAX_tP2_tQ32_tR2_tS2_tU2_tV2_tUnroll8_tThreads256, 0x3ba7abd9d0585, 
[07/22/2026-00:35:55] [TRT] [V]  (foreignNode)    3, 0.0046128, 1.50156, 0.00000, sm50_xmma_pooling_tiled_FP32NCHW_kMAX_tP2_tQ16_tR2_tS2_tU2_tV2_tUnroll8_tThreads128, 0x380c4a94fc854, 
[07/22/2026-00:35:55] [TRT] [V]  (foreignNode)    1, 0.0047568, 1.54844, 0.00000, sm50_xmma_pooling_nd_NCDHW_kMAX_kGENERIC_3D_POOLING_MODE_kFLOAT_0, 0x613f51227b01b, 
[07/22/2026-00:35:55] [TRT] [V]  (foreignNode)    0, 0.0048960, 1.59375, 0.00000, sm50_xmma_pooling_fw_4d_FP32FP32NCHW_Max, 0x2b65065dee694, 
[07/22/2026-00:35:55] [TRT] [V]  (foreignNode) Autotuning op node_conv2d_1: [ONNX Layer: node_conv2d_1][ONNX Layer: node_relu_1]
[07/22/2026-00:35:55] [TRT] [V]  (foreignNode) Sorted table of all evaluated tactics:
[07/22/2026-00:35:55] [TRT] [V]  (foreignNode) tactic_id, cost(in ms), cost/fastest_cost, prediction_correlation, kernel_name, tactic_hash, tunable_parameter, conv_w2c_input_fold
[07/22/2026-00:35:55] [TRT] [V]  (foreignNode)   19, 0.0057344, 1.00000, 1.32541, cutlass3x_sm100_tensorop_s128x128x8tf32implicit_gemm_fprop_f32_f32_f32_f32_f32_f32_128x128x32_dyn_cga_ndhwc_ndhwc_ndhwc_align4_2sm_relu_valpha_vbeta, 0x285cce0d4d43f, cga={0 0 0 1 0 0 1} , 1
[07/22/2026-00:35:55] [TRT] [V]  (foreignNode)   20, 0.0058368, 1.01786, 1.30215, cutlass3x_sm100_tensorop_s128x128x8tf32implicit_gemm_fprop_f32_f32_f32_f32_f32_f32_128x128x32_dyn_cga_ndhwc_ndhwc_ndhwc_align4_2sm_relu_valpha_vbeta, 0x552274bdc9046, cga={2 2 1 1 2 1 1} , 1
[07/22/2026-00:35:55] [TRT] [V]  (foreignNode)   21, 0.0058400, 1.01842, 1.30251, cutlass3x_sm100_tensorop_s128x128x8tf32implicit_gemm_fprop_f32_f32_f32_f32_f32_f32_128x128x32_dyn_cga_ndhwc_ndhwc_ndhwc_align4_2sm_relu_valpha_vbeta, 0x338b9af98fb76, cga={2 4 1 1 2 1 1} , 1
[07/22/2026-00:35:55] [TRT] [V]  (foreignNode)   23, 0.0060416, 1.05357, 1.26000, cutlass3x_sm100_tensorop_s128x128x8tf32implicit_gemm_fprop_f32_f32_f32_f32_f32_f32_128x128x32_dyn_cga_ndhwc_ndhwc_ndhwc_align4_2sm_relu_valpha_vbeta, 0x580cce0798e67, cga={2 8 1 1 2 1 1} , 1
[07/22/2026-00:35:55] [TRT] [V]  (foreignNode)   22, 0.0062464, 1.08929, 1.21776, cutlass3x_sm100_tensorop_s128x128x8tf32implicit_gemm_fprop_f32_f32_f32_f32_f32_f32_128x128x32_dyn_cga_ndhwc_ndhwc_ndhwc_align4_2sm_relu_valpha_vbeta, 0x43fce5e7da296, cga={2 2 2 1 2 1 1} , 1
[07/22/2026-00:35:55] [TRT] [V]  (foreignNode)   28, 0.0066496, 1.15960, 1.14871, cutlass3x_sm100_tensorop_s128x128x8tf32implicit_gemm_fprop_f32_f32_f32_f32_f32_f32_128x128x32_dyn_cga_ndhwc_ndhwc_ndhwc_align4_2sm_relu_valpha_vbeta, 0x48cd5f15223c5, cga={2 2 8 1 2 1 1} , 1
[07/22/2026-00:35:55] [TRT] [V]  (foreignNode)   24, 0.0066560, 1.16071, 1.14369, cutlass3x_sm100_tensorop_s128x128x8tf32implicit_gemm_fprop_f32_f32_f32_f32_f32_f32_128x128x32_dyn_cga_ndhwc_ndhwc_ndhwc_align4_2sm_relu_valpha_vbeta, 0x45f4ebc6c497d, cga={2 2 4 1 2 1 1} , 1
[07/22/2026-00:35:55] [TRT] [V]  (foreignNode)   25, 0.0066560, 1.16071, 1.14401, cutlass3x_sm100_tensorop_s128x128x8tf32implicit_gemm_fprop_f32_f32_f32_f32_f32_f32_128x128x32_dyn_cga_ndhwc_ndhwc_ndhwc_align4_2sm_relu_valpha_vbeta, 0x2af9437602943, cga={2 4 2 1 2 1 1} , 1
[07/22/2026-00:35:55] [TRT] [V]  (foreignNode)   56, 0.0067584, 1.17857, 1.55983, cutlass3x_sm100_tensorop_s256x128x8tf32implicit_gemm_fprop_f32_f32_f32_f32_f32_f32_256x128x32_dyn_cga_ndhwc_ndhwc_ndhwc_align4_2sm_relu_valpha_vbeta, 0x5285dff98d9f3, cga={2 2 1 1 2 1 1} , 1
[07/22/2026-00:35:55] [TRT] [V]  (foreignNode)   58, 0.0067616, 1.17913, 1.56004, cutlass3x_sm100_tensorop_s256x128x8tf32implicit_gemm_fprop_f32_f32_f32_f32_f32_f32_256x128x32_dyn_cga_ndhwc_ndhwc_ndhwc_align4_2sm_relu_valpha_vbeta, 0x3e4586d4bcf51, cga={2 2 2 1 2 1 1} , 1
[07/22/2026-00:35:55] [TRT] [V]  (foreignNode)   67, 0.0068576, 1.19587, 1.62996, cutlass3x_sm100_tensorop_s128x256x8tf32implicit_gemm_fprop_f32_f32_f32_f32_f32_f32_128x256x32_dyn_cga_ndhwc_ndhwc_ndhwc_align4_2sm_relu_valpha_vbeta, 0x30a3eecce76a0, cga={2 2 1 1 2 1 1} , 1
[07/22/2026-00:35:55] [TRT] [V]  (foreignNode)   26, 0.0068608, 1.19643, 1.11087, cutlass3x_sm100_tensorop_s128x128x8tf32implicit_gemm_fprop_f32_f32_f32_f32_f32_f32_128x128x32_dyn_cga_ndhwc_ndhwc_ndhwc_align4_2sm_relu_valpha_vbeta, 0x5c77c521341fe, cga={2 8 2 1 2 1 1} , 1
[07/22/2026-00:35:55] [TRT] [V]  (foreignNode)   27, 0.0068608, 1.19643, 1.11087, cutlass3x_sm100_tensorop_s128x128x8tf32implicit_gemm_fprop_f32_f32_f32_f32_f32_f32_128x128x32_dyn_cga_ndhwc_ndhwc_ndhwc_align4_2sm_relu_valpha_vbeta, 0x3d5e8ae1f53f7, cga={2 4 4 1 2 1 1} , 1
[07/22/2026-00:35:55] [TRT] [V]  (foreignNode)   55, 0.0068608, 1.19643, 1.53654, cutlass3x_sm100_tensorop_s256x128x8tf32implicit_gemm_fprop_f32_f32_f32_f32_f32_f32_256x128x32_dyn_cga_ndhwc_ndhwc_ndhwc_align4_2sm_relu_valpha_vbeta, 0x2c083b2f88f8a, cga={0 0 0 1 0 0 1} , 1
[07/22/2026-00:35:55] [TRT] [V]  (foreignNode)   57, 0.0068608, 1.19643, 1.53749, cutlass3x_sm100_tensorop_s256x128x8tf32implicit_gemm_fprop_f32_f32_f32_f32_f32_f32_256x128x32_dyn_cga_ndhwc_ndhwc_ndhwc_align4_2sm_relu_valpha_vbeta, 0x5b7ba1b2149ee, cga={2 4 1 1 2 1 1} , 1
[07/22/2026-00:35:55] [TRT] [V]  (foreignNode)   59, 0.0068608, 1.19643, 1.53836, cutlass3x_sm100_tensorop_s256x128x8tf32implicit_gemm_fprop_f32_f32_f32_f32_f32_f32_256x128x32_dyn_cga_ndhwc_ndhwc_ndhwc_align4_2sm_relu_valpha_vbeta, 0x30b7029716b7a, cga={2 8 1 1 2 1 1} , 1
[07/22/2026-00:35:55] [TRT] [V]  (foreignNode)   61, 0.0068608, 1.19643, 1.53869, cutlass3x_sm100_tensorop_s256x128x8tf32implicit_gemm_fprop_f32_f32_f32_f32_f32_f32_256x128x32_dyn_cga_ndhwc_ndhwc_ndhwc_align4_2sm_relu_valpha_vbeta, 0x60e59af0f93cf, cga={2 4 2 1 2 1 1} , 1
[07/22/2026-00:35:55] [TRT] [V]  (foreignNode)   68, 0.0068608, 1.19643, 1.63016, cutlass3x_sm100_tensorop_s128x256x8tf32implicit_gemm_fprop_f32_f32_f32_f32_f32_f32_128x256x32_dyn_cga_ndhwc_ndhwc_ndhwc_align4_2sm_relu_valpha_vbeta, 0x442a1623f91d1, cga={2 4 1 1 2 1 1} , 1
[07/22/2026-00:35:55] [TRT] [V]  (foreignNode)   60, 0.0068640, 1.19699, 1.53765, cutlass3x_sm100_tensorop_s256x128x8tf32implicit_gemm_fprop_f32_f32_f32_f32_f32_f32_256x128x32_dyn_cga_ndhwc_ndhwc_ndhwc_align4_2sm_relu_valpha_vbeta, 0x5a723f520c9e6, cga={2 2 4 1 2 1 1} , 1
[07/22/2026-00:35:55] [TRT] [V]  (foreignNode)   66, 0.0068640, 1.19699, 1.62844, cutlass3x_sm100_tensorop_s128x256x8tf32implicit_gemm_fprop_f32_f32_f32_f32_f32_f32_128x256x32_dyn_cga_ndhwc_ndhwc_ndhwc_align4_2sm_relu_valpha_vbeta, 0x5731dc8589652, cga={0 0 0 1 0 0 1} , 1
[07/22/2026-00:35:55] [TRT] [V]  (foreignNode)   42, 0.0069632, 1.21429, 1.39614, cutlass3x_sm100_tensorop_s64x128x8tf32implicit_gemm_fprop_f32_f32_f32_f32_f32_f32_64x128x32_dyn_cga_ndhwc_ndhwc_ndhwc_align4_1sm_relu_valpha_vbeta, 0x3dd921239daea, cga={2 8 1 1 2 1 1} , 1
[07/22/2026-00:35:55] [TRT] [V]  (foreignNode)   64, 0.0069632, 1.21429, 1.51709, cutlass3x_sm100_tensorop_s256x128x8tf32implicit_gemm_fprop_f32_f32_f32_f32_f32_f32_256x128x32_dyn_cga_ndhwc_ndhwc_ndhwc_align4_2sm_relu_valpha_vbeta, 0x3f0763c0c4647, cga={2 4 4 1 2 1 1} , 1
[07/22/2026-00:35:55] [TRT] [V]  (foreignNode)   70, 0.0069632, 1.21429, 1.60706, cutlass3x_sm100_tensorop_s128x256x8tf32implicit_gemm_fprop_f32_f32_f32_f32_f32_f32_128x256x32_dyn_cga_ndhwc_ndhwc_ndhwc_align4_2sm_relu_valpha_vbeta, 0x2d8aa242be81f, cga={2 8 1 1 2 1 1} , 1
[07/22/2026-00:35:55] [TRT] [V]  (foreignNode)   69, 0.0070624, 1.23158, 1.58362, cutlass3x_sm100_tensorop_s128x256x8tf32implicit_gemm_fprop_f32_f32_f32_f32_f32_f32_128x256x32_dyn_cga_ndhwc_ndhwc_ndhwc_align4_2sm_relu_valpha_vbeta, 0x45e6226562935, cga={2 2 2 1 2 1 1} , 1
[07/22/2026-00:35:55] [TRT] [V]  (foreignNode)   43, 0.0070656, 1.23214, 1.37591, cutlass3x_sm100_tensorop_s64x128x8tf32implicit_gemm_fprop_f32_f32_f32_f32_f32_f32_64x128x32_dyn_cga_ndhwc_ndhwc_ndhwc_align4_1sm_relu_valpha_vbeta, 0x62004b46a5148, cga={2 4 2 1 1 2 1} , 1
[07/22/2026-00:35:55] [TRT] [V]  (foreignNode)   62, 0.0070656, 1.23214, 1.49424, cutlass3x_sm100_tensorop_s256x128x8tf32implicit_gemm_fprop_f32_f32_f32_f32_f32_f32_256x128x32_dyn_cga_ndhwc_ndhwc_ndhwc_align4_2sm_relu_valpha_vbeta, 0x2cd14519bae3e, cga={2 2 8 1 2 1 1} , 1
[07/22/2026-00:35:55] [TRT] [V]  (foreignNode)   71, 0.0070656, 1.23214, 1.58377, cutlass3x_sm100_tensorop_s128x256x8tf32implicit_gemm_fprop_f32_f32_f32_f32_f32_f32_128x256x32_dyn_cga_ndhwc_ndhwc_ndhwc_align4_2sm_relu_valpha_vbeta, 0x35ca6792f5490, cga={2 2 4 1 2 1 1} , 1
[07/22/2026-00:35:55] [TRT] [V]  (foreignNode)   72, 0.0070656, 1.23214, 1.58409, cutlass3x_sm100_tensorop_s128x256x8tf32implicit_gemm_fprop_f32_f32_f32_f32_f32_f32_128x256x32_dyn_cga_ndhwc_ndhwc_ndhwc_align4_2sm_relu_valpha_vbeta, 0x4ba4cc8612d29, cga={2 4 2 1 2 1 1} , 1
[07/22/2026-00:35:55] [TRT] [V]  (foreignNode)   63, 0.0070688, 1.23270, 1.49443, cutlass3x_sm100_tensorop_s256x128x8tf32implicit_gemm_fprop_f32_f32_f32_f32_f32_f32_256x128x32_dyn_cga_ndhwc_ndhwc_ndhwc_align4_2sm_relu_valpha_vbeta, 0x2990a7a09d869, cga={2 8 2 1 2 1 1} , 1
[07/22/2026-00:35:55] [TRT] [V]  (foreignNode)   73, 0.0070688, 1.23270, 1.58440, cutlass3x_sm100_tensorop_s128x256x8tf32implicit_gemm_fprop_f32_f32_f32_f32_f32_f32_128x256x32_dyn_cga_ndhwc_ndhwc_ndhwc_align4_2sm_relu_valpha_vbeta, 0x6305b01e9cdbc, cga={2 8 2 1 2 1 1} , 1
[07/22/2026-00:35:55] [TRT] [V]  (foreignNode)   83, 0.0071680, 1.25000, 1.88293, cutlass3x_sm100_tensorop_s128x128x8tf32implicit_gemm_fprop_f32_f32_f32_f32_f32_f32_128x128x32_dyn_cga_ndhwc_ndhwc_ndhwc_align4_1sm_relu_valpha_vbeta, 0x3168ecf233768, cga={2 2 1 1 2 1 1} , 1
[07/22/2026-00:35:55] [TRT] [V]  (foreignNode)   87, 0.0071680, 1.25000, 1.88388, cutlass3x_sm100_tensorop_s128x128x8tf32implicit_gemm_fprop_f32_f32_f32_f32_f32_f32_128x128x32_dyn_cga_ndhwc_ndhwc_ndhwc_align4_1sm_relu_valpha_vbeta, 0x302e4b7ca4807, cga={2 2 2 1 1 2 1} , 1
[07/22/2026-00:35:55] [TRT] [V]  (foreignNode)   89, 0.0071680, 1.25000, 1.88477, cutlass3x_sm100_tensorop_s128x128x8tf32implicit_gemm_fprop_f32_f32_f32_f32_f32_f32_128x128x32_dyn_cga_ndhwc_ndhwc_ndhwc_align4_1sm_relu_valpha_vbeta, 0x416159919669a, cga={2 8 1 1 2 1 1} , 1
[07/22/2026-00:35:55] [TRT] [V]  (foreignNode)   90, 0.0071680, 1.25000, 1.88477, cutlass3x_sm100_tensorop_s128x128x8tf32implicit_gemm_fprop_f32_f32_f32_f32_f32_f32_128x128x32_dyn_cga_ndhwc_ndhwc_ndhwc_align4_1sm_relu_valpha_vbeta, 0x2a0df310453d9, cga={2 4 2 1 1 2 1} , 1
[07/22/2026-00:35:55] [TRT] [V]  (foreignNode)   93, 0.0071680, 1.25000, 1.88510, cutlass3x_sm100_tensorop_s128x128x8tf32implicit_gemm_fprop_f32_f32_f32_f32_f32_f32_128x128x32_dyn_cga_ndhwc_ndhwc_ndhwc_align4_1sm_relu_valpha_vbeta, 0x6d889b7d61107, cga={2 4 2 1 2 1 1} , 1
[07/22/2026-00:35:55] [TRT] [V]  (foreignNode)   45, 0.0072672, 1.26730, 1.33804, cutlass3x_sm100_tensorop_s64x128x8tf32implicit_gemm_fprop_f32_f32_f32_f32_f32_f32_64x128x32_dyn_cga_ndhwc_ndhwc_ndhwc_align4_1sm_relu_valpha_vbeta, 0x5b054723190f4, cga={2 4 2 1 2 1 1} , 1
[07/22/2026-00:35:55] [TRT] [V]  (foreignNode)   79, 0.0072672, 1.26730, 1.66479, cutlass3x_sm100_tensorop_s128x128x8tf32implicit_gemm_fprop_f32_f32_f32_f32_f32_f32_128x128x32_dyn_cga_ndhwc_ndhwc_ndhwc_align4_1sm_relu_valpha_vbeta, 0x3bbc0347a23e8, cga={0 0 0 1 0 0 1} , 1
[07/22/2026-00:35:55] [TRT] [V]  (foreignNode)   36, 0.0072704, 1.26786, 1.33547, cutlass3x_sm100_tensorop_s64x128x8tf32implicit_gemm_fprop_f32_f32_f32_f32_f32_f32_64x128x32_dyn_cga_ndhwc_ndhwc_ndhwc_align4_1sm_relu_valpha_vbeta, 0x40ea2fcbc4258, cga={2 2 1 1 2 1 1} , 1
[07/22/2026-00:35:55] [TRT] [V]  (foreignNode)   47, 0.0072704, 1.26786, 1.33759, cutlass3x_sm100_tensorop_s64x128x8tf32implicit_gemm_fprop_f32_f32_f32_f32_f32_f32_64x128x32_dyn_cga_ndhwc_ndhwc_ndhwc_align4_1sm_relu_valpha_vbeta, 0x6648f2426a146, cga={2 8 2 1 1 2 1} , 1
[07/22/2026-00:35:55] [TRT] [V]  (foreignNode)   49, 0.0072704, 1.26786, 1.33841, cutlass3x_sm100_tensorop_s64x128x8tf32implicit_gemm_fprop_f32_f32_f32_f32_f32_f32_64x128x32_dyn_cga_ndhwc_ndhwc_ndhwc_align4_1sm_relu_valpha_vbeta, 0x49d1dc8677b35, cga={2 4 4 1 2 1 1} , 1
[07/22/2026-00:35:55] [TRT] [V]  (foreignNode)   75, 0.0072704, 1.26786, 1.54293, cutlass3x_sm100_tensorop_s128x256x8tf32implicit_gemm_fprop_f32_f32_f32_f32_f32_f32_128x256x32_dyn_cga_ndhwc_ndhwc_ndhwc_align4_2sm_relu_valpha_vbeta, 0x66a090dd24c6d, cga={2 2 8 1 2 1 1} , 1
[07/22/2026-00:35:55] [TRT] [V]  (foreignNode)   80, 0.0072704, 1.26786, 1.66405, cutlass3x_sm100_tensorop_s128x128x8tf32implicit_gemm_fprop_f32_f32_f32_f32_f32_f32_128x128x32_dyn_cga_ndhwc_ndhwc_ndhwc_align4_1sm_relu_valpha_vbeta, 0x47078bc007a52, cga={2 1 1 1 1 1 1} , 1
[07/22/2026-00:35:55] [TRT] [V]  (foreignNode)   86, 0.0072704, 1.26786, 1.85735, cutlass3x_sm100_tensorop_s128x128x8tf32implicit_gemm_fprop_f32_f32_f32_f32_f32_f32_128x128x32_dyn_cga_ndhwc_ndhwc_ndhwc_align4_1sm_relu_valpha_vbeta, 0x59162f20061ab, cga={2 2 2 1 2 1 1} , 1
[07/22/2026-00:35:55] [TRT] [V]  (foreignNode)   91, 0.0072704, 1.26786, 1.85822, cutlass3x_sm100_tensorop_s128x128x8tf32implicit_gemm_fprop_f32_f32_f32_f32_f32_f32_128x128x32_dyn_cga_ndhwc_ndhwc_ndhwc_align4_1sm_relu_valpha_vbeta, 0x33953521c260e, cga={2 2 4 1 2 1 1} , 1
[07/22/2026-00:35:55] [TRT] [V]  (foreignNode)   94, 0.0072704, 1.26786, 1.85855, cutlass3x_sm100_tensorop_s128x128x8tf32implicit_gemm_fprop_f32_f32_f32_f32_f32_f32_128x128x32_dyn_cga_ndhwc_ndhwc_ndhwc_align4_1sm_relu_valpha_vbeta, 0x56ff9de33d739, cga={2 2 4 1 1 2 1} , 1
[07/22/2026-00:35:55] [TRT] [V]  (foreignNode)   99, 0.0072704, 1.26786, 1.85959, cutlass3x_sm100_tensorop_s128x128x8tf32implicit_gemm_fprop_f32_f32_f32_f32_f32_f32_128x128x32_dyn_cga_ndhwc_ndhwc_ndhwc_align4_1sm_relu_valpha_vbeta, 0x2ae2146694f29, cga={2 4 4 1 1 2 1} , 1
[07/22/2026-00:35:55] [TRT] [V]  (foreignNode)   85, 0.0072736, 1.26842, 1.85653, cutlass3x_sm100_tensorop_s128x128x8tf32implicit_gemm_fprop_f32_f32_f32_f32_f32_f32_128x128x32_dyn_cga_ndhwc_ndhwc_ndhwc_align4_1sm_relu_valpha_vbeta, 0x3ab86b967c477, cga={2 4 1 1 2 1 1} , 1
[07/22/2026-00:35:55] [TRT] [V]  (foreignNode)   74, 0.0072768, 1.26897, 1.53911, cutlass3x_sm100_tensorop_s128x256x8tf32implicit_gemm_fprop_f32_f32_f32_f32_f32_f32_128x256x32_dyn_cga_ndhwc_ndhwc_ndhwc_align4_2sm_relu_valpha_vbeta, 0x44ec1d551c946, cga={2 4 4 1 2 1 1} , 1
[07/22/2026-00:35:55] [TRT] [V]  (foreignNode)   98, 0.0072800, 1.26953, 1.85714, cutlass3x_sm100_tensorop_s128x128x8tf32implicit_gemm_fprop_f32_f32_f32_f32_f32_f32_128x128x32_dyn_cga_ndhwc_ndhwc_ndhwc_align4_1sm_relu_valpha_vbeta, 0x48bab4fbb4f10, cga={2 4 4 1 2 1 1} , 1
[07/22/2026-00:35:55] [TRT] [V]  (foreignNode)   84, 0.0072864, 1.27065, 1.85233, cutlass3x_sm100_tensorop_s128x128x8tf32implicit_gemm_fprop_f32_f32_f32_f32_f32_f32_128x128x32_dyn_cga_ndhwc_ndhwc_ndhwc_align4_1sm_relu_valpha_vbeta, 0x54d46c6a17bfb, cga={2 1 2 1 1 2 1} , 1
[07/22/2026-00:35:55] [TRT] [V]  (foreignNode)   41, 0.0073728, 1.28571, 1.31778, cutlass3x_sm100_tensorop_s64x128x8tf32implicit_gemm_fprop_f32_f32_f32_f32_f32_f32_64x128x32_dyn_cga_ndhwc_ndhwc_ndhwc_align4_1sm_relu_valpha_vbeta, 0x2bf165fc73e3a, cga={2 1 4 1 1 2 1} , 1
[07/22/2026-00:35:55] [TRT] [V]  (foreignNode)   97, 0.0073728, 1.28571, 1.83376, cutlass3x_sm100_tensorop_s128x128x8tf32implicit_gemm_fprop_f32_f32_f32_f32_f32_f32_128x128x32_dyn_cga_ndhwc_ndhwc_ndhwc_align4_1sm_relu_valpha_vbeta, 0x29313f72882de, cga={2 8 2 1 2 1 1} , 1
[07/22/2026-00:35:55] [TRT] [V]  (foreignNode)   38, 0.0073856, 1.28795, 1.31549, cutlass3x_sm100_tensorop_s64x128x8tf32implicit_gemm_fprop_f32_f32_f32_f32_f32_f32_64x128x32_dyn_cga_ndhwc_ndhwc_ndhwc_align4_1sm_relu_valpha_vbeta, 0x33a3ef23d0e39, cga={2 4 1 1 2 1 1} , 1
[07/22/2026-00:35:55] [TRT] [V]  (foreignNode)   46, 0.0074752, 1.30357, 1.30080, cutlass3x_sm100_tensorop_s64x128x8tf32implicit_gemm_fprop_f32_f32_f32_f32_f32_f32_64x128x32_dyn_cga_ndhwc_ndhwc_ndhwc_align4_1sm_relu_valpha_vbeta, 0x3dc1159fd791f, cga={2 2 4 1 1 2 1} , 1
[07/22/2026-00:35:55] [TRT] [V]  (foreignNode)   48, 0.0074752, 1.30357, 1.30174, cutlass3x_sm100_tensorop_s64x128x8tf32implicit_gemm_fprop_f32_f32_f32_f32_f32_f32_64x128x32_dyn_cga_ndhwc_ndhwc_ndhwc_align4_1sm_relu_valpha_vbeta, 0x5017e86f40276, cga={2 8 2 1 2 1 1} , 1
[07/22/2026-00:35:55] [TRT] [V]  (foreignNode)   50, 0.0074752, 1.30357, 1.30174, cutlass3x_sm100_tensorop_s64x128x8tf32implicit_gemm_fprop_f32_f32_f32_f32_f32_f32_64x128x32_dyn_cga_ndhwc_ndhwc_ndhwc_align4_1sm_relu_valpha_vbeta, 0x4a59bde2a886a, cga={2 4 4 1 1 2 1} , 1
[07/22/2026-00:35:55] [TRT] [V]  (foreignNode)   51, 0.0074752, 1.30357, 1.30320, cutlass3x_sm100_tensorop_s64x128x8tf32implicit_gemm_fprop_f32_f32_f32_f32_f32_f32_64x128x32_dyn_cga_ndhwc_ndhwc_ndhwc_align4_1sm_relu_valpha_vbeta, 0x3c1d877c093a1, cga={2 1 8 1 1 2 1} , 1
[07/22/2026-00:35:55] [TRT] [V]  (foreignNode)   52, 0.0074752, 1.30357, 1.30406, cutlass3x_sm100_tensorop_s64x128x8tf32implicit_gemm_fprop_f32_f32_f32_f32_f32_f32_64x128x32_dyn_cga_ndhwc_ndhwc_ndhwc_align4_1sm_relu_valpha_vbeta, 0x519d4b93e9908, cga={2 2 8 1 2 1 1} , 1
[07/22/2026-00:35:55] [TRT] [V]  (foreignNode)   53, 0.0074752, 1.30357, 1.30567, cutlass3x_sm100_tensorop_s64x128x8tf32implicit_gemm_fprop_f32_f32_f32_f32_f32_f32_64x128x32_dyn_cga_ndhwc_ndhwc_ndhwc_align4_1sm_relu_valpha_vbeta, 0x4bc31390a3a59, cga={2 2 8 1 1 2 1} , 1
[07/22/2026-00:35:55] [TRT] [V]  (foreignNode)   88, 0.0074752, 1.30357, 1.80646, cutlass3x_sm100_tensorop_s128x128x8tf32implicit_gemm_fprop_f32_f32_f32_f32_f32_f32_128x128x32_dyn_cga_ndhwc_ndhwc_ndhwc_align4_1sm_relu_valpha_vbeta, 0x46806c43e89ea, cga={2 1 4 1 1 2 1} , 1
[07/22/2026-00:35:55] [TRT] [V]  (foreignNode)   92, 0.0074752, 1.30357, 1.80731, cutlass3x_sm100_tensorop_s128x128x8tf32implicit_gemm_fprop_f32_f32_f32_f32_f32_f32_128x128x32_dyn_cga_ndhwc_ndhwc_ndhwc_align4_1sm_relu_valpha_vbeta, 0x33b89fe319a2f, cga={2 1 8 1 1 2 1} , 1
[07/22/2026-00:35:55] [TRT] [V]  (foreignNode)   95, 0.0074752, 1.30357, 1.80778, cutlass3x_sm100_tensorop_s128x128x8tf32implicit_gemm_fprop_f32_f32_f32_f32_f32_f32_128x128x32_dyn_cga_ndhwc_ndhwc_ndhwc_align4_1sm_relu_valpha_vbeta, 0x48d6c72844443, cga={2 8 2 1 1 2 1} , 1
[07/22/2026-00:35:55] [TRT] [V]  (foreignNode)   96, 0.0074752, 1.30357, 1.80778, cutlass3x_sm100_tensorop_s128x128x8tf32implicit_gemm_fprop_f32_f32_f32_f32_f32_f32_128x128x32_dyn_cga_ndhwc_ndhwc_ndhwc_align4_1sm_relu_valpha_vbeta, 0x674596db78404, cga={2 2 8 1 2 1 1} , 1
[07/22/2026-00:35:55] [TRT] [V]  (foreignNode)   31, 0.0076768, 1.33873, 1.20437, cutlass3x_sm100_tensorop_s64x128x8tf32implicit_gemm_fprop_f32_f32_f32_f32_f32_f32_64x128x32_dyn_cga_ndhwc_ndhwc_ndhwc_align4_1sm_relu_valpha_vbeta, 0x33447fefd2be2, cga={0 0 0 1 0 0 1} , 1
[07/22/2026-00:35:55] [TRT] [V]  (foreignNode)   40, 0.0076768, 1.33873, 1.26559, cutlass3x_sm100_tensorop_s64x128x8tf32implicit_gemm_fprop_f32_f32_f32_f32_f32_f32_64x128x32_dyn_cga_ndhwc_ndhwc_ndhwc_align4_1sm_relu_valpha_vbeta, 0x49ddb3089dcf6, cga={2 2 2 1 1 2 1} , 1
[07/22/2026-00:35:55] [TRT] [V]  (foreignNode)   32, 0.0076800, 1.33929, 1.20387, cutlass3x_sm100_tensorop_s64x128x8tf32implicit_gemm_fprop_f32_f32_f32_f32_f32_f32_64x128x32_dyn_cga_ndhwc_ndhwc_ndhwc_align4_1sm_relu_valpha_vbeta, 0x4f48fad0f2fe4, cga={2 1 1 1 1 1 1} , 1
[07/22/2026-00:35:55] [TRT] [V]  (foreignNode)   37, 0.0076800, 1.33929, 1.26424, cutlass3x_sm100_tensorop_s64x128x8tf32implicit_gemm_fprop_f32_f32_f32_f32_f32_f32_64x128x32_dyn_cga_ndhwc_ndhwc_ndhwc_align4_1sm_relu_valpha_vbeta, 0x5d7223c6c14c7, cga={2 1 2 1 1 2 1} , 1
[07/22/2026-00:35:55] [TRT] [V]  (foreignNode)   44, 0.0076800, 1.33929, 1.26583, cutlass3x_sm100_tensorop_s64x128x8tf32implicit_gemm_fprop_f32_f32_f32_f32_f32_f32_64x128x32_dyn_cga_ndhwc_ndhwc_ndhwc_align4_1sm_relu_valpha_vbeta, 0x3018fc1ff22a1, cga={2 2 4 1 2 1 1} , 1
[07/22/2026-00:35:55] [TRT] [V]  (foreignNode)   39, 0.0077824, 1.35714, 1.24842, cutlass3x_sm100_tensorop_s64x128x8tf32implicit_gemm_fprop_f32_f32_f32_f32_f32_f32_64x128x32_dyn_cga_ndhwc_ndhwc_ndhwc_align4_1sm_relu_valpha_vbeta, 0x432043c145eeb, cga={2 2 2 1 2 1 1} , 1
[07/22/2026-00:35:55] [TRT] [V]  (foreignNode)    4, 0.0130016, 2.26730, 0.02571, sm80_xmma_fprop_implicit_gemm_f32f32_tf32f32_f32_nhwckrsc_nhwc_tilesize64x32x64_stage5_warpsize2x2x1_g1_tensor16x8x8_t1r5s5, 0x59bdfea7a7d69, , 0
[07/22/2026-00:35:55] [TRT] [V]  (foreignNode)    2, 0.0134144, 2.33929, 0.01260, sm80_xmma_fprop_implicit_gemm_f32f32_tf32f32_f32_nhwckrsc_nhwc_tilesize64x128x32_stage5_warpsize2x2x1_g1_tensor16x8x8_t1r5s5, 0x4aebcb5203240, , 0
[07/22/2026-00:35:55] [TRT] [V]  (foreignNode)    5, 0.0138240, 2.41071, 0.02695, sm80_xmma_fprop_implicit_gemm_f32f32_tf32f32_f32_nhwckrsc_nhwc_tilesize128x64x32_stage5_warpsize2x2x1_g1_tensor16x8x8_t1r5s5, 0x6a58df657dcaa, , 0
[07/22/2026-00:35:55] [TRT] [V]  (foreignNode)   35, 0.0148448, 2.58873, 0.64819, sm80_xmma_fprop_implicit_gemm_indexed_f32f32_tf32f32_f32_nhwckrsc_nhwc_tilesize64x32x64_stage5_warpsize2x2x1_g1_tensor16x8x8, 0x338165085891a, , 0
[07/22/2026-00:35:55] [TRT] [V]  (foreignNode)   77, 0.0148480, 2.58929, 0.77244, sm80_xmma_fprop_implicit_gemm_indexed_wo_smem_f32f32_tf32f32_f32_nhwckrsc_nhwc_tilesize128x16x64_stage1_warpsize4x1x1_g1_tensor16x8x8, 0x60025a7b802e9, , 0
[07/22/2026-00:35:55] [TRT] [V]  (foreignNode)   82, 0.0150528, 2.62500, 0.80967, sm80_xmma_fprop_implicit_gemm_indexed_wo_smem_f32f32_tf32f32_f32_nhwckrsc_nhwc_tilesize128x16x64_stage1_warpsize4x1x1_g1_tensor16x8x8_alignc4, 0x6234eae9821b8, , 0
[07/22/2026-00:35:55] [TRT] [V]  (foreignNode)    6, 0.0162848, 2.83984, 0.02464, sm80_xmma_fprop_implicit_gemm_f32f32_tf32f32_f32_nhwckrsc_nhwc_tilesize64x64x64_stage4_warpsize2x2x1_g1_tensor16x8x8_t1r5s5, 0x2b3f208d97ae7, , 0
[07/22/2026-00:35:55] [TRT] [V]  (foreignNode)   76, 0.0166912, 2.91071, 0.67232, sm80_xmma_fprop_implicit_gemm_indexed_f32f32_tf32f32_f32_nhwckrsc_nhwc_tilesize64x64x64_stage4_warpsize2x2x1_g1_tensor16x8x8, 0x40a10ceade816, , 0
[07/22/2026-00:35:55] [TRT] [V]  (foreignNode)    7, 0.0192000, 3.34821, 0.02401, sm80_xmma_fprop_implicit_gemm_f32f32_tf32f32_f32_nhwckrsc_nchw_tilesize64x32x64_stage5_warpsize2x2x1_g1_tensor16x8x8_t1r5s5_alignc4, 0x54d3783756be3, , 0
[07/22/2026-00:35:55] [TRT] [V]  (foreignNode)   29, 0.0197632, 3.44643, 0.43436, sm80_xmma_fprop_implicit_gemm_f32f32_f32f32_f32_nhwckrsc_nhwc_tilesize32x32x8_stage3_warpsize1x2x1_g1_ffma_aligna4_alignc4, 0x5a0eb69e547e0, , 0
[07/22/2026-00:35:55] [TRT] [V]  (foreignNode)   18, 0.0201728, 3.51786, 0.32003, sm80_xmma_fprop_implicit_gemm_f32f32_tf32f32_f32_nhwckrsc_nhwc_tilesize128x128x16_stage4_warpsize2x2x1_g1_tensor16x8x8_t1r5s5, 0x5cb502aeee094, , 0
[07/22/2026-00:35:55] [TRT] [V]  (foreignNode)   33, 0.0211936, 3.69587, 0.44026, sm80_xmma_fprop_implicit_gemm_indexed_f32f32_f32f32_f32_nhwckrsc_nhwc_tilesize32x32x8_stage3_warpsize1x2x1_g1_ffma_aligna4_alignc4, 0x3d4cb2024beeb, , 0
[07/22/2026-00:35:55] [TRT] [V]  (foreignNode)    3, 0.0216576, 3.77679, 0.00905, sm80_xmma_fprop_implicit_gemm_f32f32_tf32f32_f32_nhwckrsc_nchw_tilesize128x64x32_stage5_warpsize2x2x1_g1_tensor16x8x8_t1r5s5_alignc4, 0x615e157303686, , 0
[07/22/2026-00:35:55] [TRT] [V]  (foreignNode)    8, 0.0232416, 4.05301, 0.02044, sm80_xmma_fprop_implicit_gemm_f32f32_tf32f32_f32_nhwckrsc_nhwc_tilesize128x128x32_stage4_warpsize2x2x1_g1_tensor16x8x8_t1r5s5, 0x67d95ea2715af, , 0
[07/22/2026-00:35:55] [TRT] [V]  (foreignNode)   14, 0.0232448, 4.05357, 0.10998, sm80_xmma_fprop_implicit_gemm_f32f32_tf32f32_f32_nhwckrsc_nhwc_tilesize256x64x32_stage3_warpsize4x2x1_g1_tensor16x8x8_t1r5s5, 0x2d318137dabe5, , 0
[07/22/2026-00:35:55] [TRT] [V]  (foreignNode)    1, 0.0233472, 4.07143, 0.00531, sm80_xmma_fprop_implicit_gemm_f32f32_tf32f32_f32_nhwckrsc_nchw_tilesize64x128x32_stage5_warpsize2x2x1_g1_tensor16x8x8_t1r5s5_alignc4, 0x586e755fb164c, , 0
[07/22/2026-00:35:55] [TRT] [V]  (foreignNode)   34, 0.0238032, 4.15095, 0.40314, sm80_xmma_fprop_implicit_gemm_indexed_f32f32_tf32f32_f32_nhwckrsc_nchw_tilesize64x32x64_stage5_warpsize2x2x1_g1_tensor16x8x8_alignc4, 0x5f268b74d7eee, , 0
[07/22/2026-00:35:55] [TRT] [V]  (foreignNode)   11, 0.0254912, 4.44531, 0.02675, sm80_xmma_fprop_implicit_gemm_f32f32_tf32f32_f32_nhwckrsc_nhwc_tilesize128x64x64_stage3_warpsize2x2x1_g1_tensor16x8x8_t1r5s5, 0x2dd48042b6066, , 0
[07/22/2026-00:35:55] [TRT] [V]  (foreignNode)    9, 0.0256464, 4.47238, 0.01952, sm80_xmma_fprop_implicit_gemm_f32f32_tf32f32_f32_nhwckrsc_nchw_tilesize64x64x64_stage4_warpsize2x2x1_g1_tensor16x8x8_t1r5s5_alignc4, 0x688696e874812, , 0
[07/22/2026-00:35:55] [TRT] [V]  (foreignNode)   81, 0.0268800, 4.68750, 0.45296, sm80_xmma_fprop_implicit_gemm_indexed_f32f32_tf32f32_f32_nhwckrsc_nchw_tilesize64x64x64_stage4_warpsize2x2x1_g1_tensor16x8x8_alignc4, 0x5582301196a32, , 0
[07/22/2026-00:35:55] [TRT] [V]  (foreignNode)   15, 0.0324096, 5.65179, 0.12560, sm80_xmma_fprop_implicit_gemm_f32f32_tf32f32_f32_nhwckrsc_nchw_tilesize128x128x16_stage4_warpsize2x2x1_g1_tensor16x8x8_t1r5s5_alignc4, 0x64a5bc9cfe0be, , 0
[07/22/2026-00:35:55] [TRT] [V]  (foreignNode)   30, 0.0337920, 5.89286, 0.27101, sm80_xmma_fprop_implicit_gemm_f32f32_f32f32_f32_nchwkcrs_nchw_tilesize32x32x8_stage3_warpsize1x2x1_g1_ffma_aligna4_alignc4, 0x47d7e95cee988, , 0
[07/22/2026-00:35:55] [TRT] [V]  (foreignNode)   13, 0.0342528, 5.97321, 0.05231, sm80_xmma_fprop_implicit_gemm_f32f32_tf32f32_f32_nhwckrsc_nchw_tilesize256x64x32_stage3_warpsize4x2x1_g1_tensor16x8x8_t1r5s5_alignc4, 0x30a5d44552db2, , 0
[07/22/2026-00:35:55] [TRT] [V]  (foreignNode)   65, 0.0357376, 6.23214, 0.30408, sm80_xmma_fprop_implicit_gemm_f32f32_tf32f32_f32_nhwckrsc_nhwc_tilesize128x256x32_stage3_warpsize2x4x1_g1_tensor16x8x8_t1r5s5, 0x3b10a86956171, , 0
[07/22/2026-00:35:55] [TRT] [V]  (foreignNode)   54, 0.0361472, 6.30357, 0.27997, sm80_xmma_fprop_implicit_gemm_f32f32_tf32f32_f32_nhwckrsc_nhwc_tilesize256x128x32_stage3_warpsize4x2x1_g1_tensor16x8x8_t1r5s5, 0x3b1f9bd070fa0, , 0
[07/22/2026-00:35:55] [TRT] [V]  (foreignNode)   10, 0.0371712, 6.48214, 0.01617, sm80_xmma_fprop_implicit_gemm_f32f32_tf32f32_f32_nhwckrsc_nchw_tilesize128x64x64_stage3_warpsize2x2x1_g1_tensor16x8x8_t1r5s5_alignc4, 0x48512b62cf88f, , 0
[07/22/2026-00:35:55] [TRT] [V]  (foreignNode)   12, 0.0407040, 7.09822, 0.01767, sm80_xmma_fprop_implicit_gemm_f32f32_tf32f32_f32_nhwckrsc_nchw_tilesize128x128x32_stage4_warpsize2x2x1_g1_tensor16x8x8_t1r5s5_alignc4, 0x3e2a39739eeed, , 0
[07/22/2026-00:35:55] [TRT] [V]  (foreignNode)   78, 0.0508368, 8.86523, 0.22693, sm80_xmma_fprop_implicit_gemm_indexed_f32f32_f32f32_f32_nchwkcrs_nchw_tilesize32x32x8_stage3_warpsize1x2x1_g1_ffma_aligna4_alignc4, 0x30203ca254bcf, , 0
[07/22/2026-00:35:55] [TRT] [V]  (foreignNode)   17, 0.0565248, 9.85714, 0.08898, sm80_xmma_fprop_implicit_gemm_f32f32_tf32f32_f32_nhwckrsc_nchw_tilesize128x256x32_stage3_warpsize2x4x1_g1_tensor16x8x8_t1r5s5_alignc4, 0x37803b8af7e5a, , 0
[07/22/2026-00:35:55] [TRT] [V]  (foreignNode)   16, 0.0572928, 9.99107, 0.07419, sm80_xmma_fprop_implicit_gemm_f32f32_tf32f32_f32_nhwckrsc_nchw_tilesize256x128x32_stage3_warpsize4x2x1_g1_tensor16x8x8_t1r5s5_alignc4, 0x5779c54eff1c5, , 0
[07/22/2026-00:35:55] [TRT] [V]  (foreignNode)    0, 0.1576960, 27.50000, 0.00008, sm80_xmma_fprop_implicit_gemm_f32f32_f32f32_f32_nhwckrsc_nhwc_tilesize64x32x32_stage3_warpsize1x1x1_g1_ffma_t1r5s5_aligna4_alignc4, 0x56237ba1a6097, , 0
[07/22/2026-00:35:55] [TRT] [V]  (foreignNode) Autotuning op node_max_pool2d_1: [ONNX Layer: node_max_pool2d_1]
[07/22/2026-00:35:55] [TRT] [V]  (foreignNode) Sorted table of all evaluated tactics:
[07/22/2026-00:35:55] [TRT] [V]  (foreignNode) tactic_id, cost(in ms), cost/fastest_cost, prediction_correlation, kernel_name, tactic_hash, tunable_parameter
[07/22/2026-00:35:55] [TRT] [V]  (foreignNode)   22, 0.0031776, 1.00000, 0.00000, sm50_xmma_pooling_max_nhwc_FP32FP32_WINDOWSIZE_0_PROPAGATE_NAN_2D, 0x3dd9bff0e8c14, 
[07/22/2026-00:35:55] [TRT] [V]  (foreignNode)   20, 0.0032800, 1.03223, 0.00000, sm50_xmma_pooling_max_nhwc_FP32FP32_WINDOWSIZE_0_PROPAGATE_NAN_3D, 0x6177346d98061, 
[07/22/2026-00:35:55] [TRT] [V]  (foreignNode)   18, 0.0034816, 1.09567, 0.00000, sm50_xmma_pooling_max_nhwc_FP32FP32_WINDOWSIZE_0_NOT_PROPAGATE_NAN_2D, 0x601752c5587a9, 
[07/22/2026-00:35:55] [TRT] [V]  (foreignNode)   19, 0.0034912, 1.09869, 0.00000, sm50_xmma_pooling_max_nhwc_FP32FP32_WINDOWSIZE_0_NOT_PROPAGATE_NAN_3D, 0x4dade819934e3, 
[07/22/2026-00:35:55] [TRT] [V]  (foreignNode)   21, 0.0035968, 1.13192, 0.00000, sm50_xmma_pooling_fw_4d_FP32FP32NHWC_Max_CAlign4, 0x3da7f3d2dcdcd, 
[07/22/2026-00:35:55] [TRT] [V]  (foreignNode)   13, 0.0041424, 1.30363, 0.00000, sm50_xmma_pooling_tiled_FP32NCHW_kMAX_tP2_tQ16_tR2_tS2_tU2_tV2_tUnroll2_tThreads128, 0x5994346401f70, 
[07/22/2026-00:35:55] [TRT] [V]  (foreignNode)    7, 0.0042720, 1.34441, 0.00000, sm50_xmma_pooling_tiled_FP32NCHW_kMAX_tP2_tQ32_tR2_tS2_tU2_tV2_tUnroll3_tThreads256, 0x4a75b59f583e1, 
[07/22/2026-00:35:55] [TRT] [V]  (foreignNode)   11, 0.0042960, 1.35196, 0.00000, sm50_xmma_pooling_tiled_FP32NCHW_kMAX_tP2_tQ16_tR2_tS2_tU2_tV2_tUnroll3_tThreads128, 0x395ae2b091f44, 
[07/22/2026-00:35:55] [TRT] [V]  (foreignNode)   12, 0.0042960, 1.35196, 0.00000, sm50_xmma_pooling_tiled_FP32NCHW_kMAX_tP2_tQ32_tR2_tS2_tU2_tV2_tUnroll2_tThreads256, 0x438ad4d9d8485, 
[07/22/2026-00:35:55] [TRT] [V]  (foreignNode)    4, 0.0043008, 1.35347, 0.00000, sm50_xmma_pooling_tiled_FP32NCHW_kMAX_tP2_tQ16_tR2_tS2_tU2_tV2_tUnroll7_tThreads128, 0x5ea03d00b15e0, 
[07/22/2026-00:35:55] [TRT] [V]  (foreignNode)    5, 0.0043008, 1.35347, 0.00000, sm50_xmma_pooling_tiled_FP32NCHW_kMAX_tP2_tQ16_tR2_tS2_tU2_tV2_tUnroll6_tThreads128, 0x4b6404544edf2, 
[07/22/2026-00:35:55] [TRT] [V]  (foreignNode)    6, 0.0043008, 1.35347, 0.00000, sm50_xmma_pooling_tiled_FP32NCHW_kMAX_tP2_tQ16_tR2_tS2_tU2_tV2_tUnroll5_tThreads128, 0x617e7b7086c5e, 
[07/22/2026-00:35:55] [TRT] [V]  (foreignNode)    8, 0.0043008, 1.35347, 0.00000, sm50_xmma_pooling_tiled_FP32NCHW_kMAX_tP2_tQ32_tR2_tS2_tU2_tV2_tUnroll5_tThreads256, 0x65ece6dbe7db4, 
[07/22/2026-00:35:55] [TRT] [V]  (foreignNode)   14, 0.0043008, 1.35347, 0.00000, sm50_xmma_pooling_tiled_FP32NCHW_kMAX_tP2_tQ16_tR2_tS2_tU2_tV2_tUnroll4_tThreads128, 0x304f0f2939286, 
[07/22/2026-00:35:55] [TRT] [V]  (foreignNode)   16, 0.0043008, 1.35347, 0.00000, sm50_xmma_pooling_tiled_FP32NCHW_kMAX_tP2_tQ32_tR2_tS2_tU2_tV2_tUnroll6_tThreads256, 0x4c0508fb8011a, 
[07/22/2026-00:35:55] [TRT] [V]  (foreignNode)    9, 0.0043056, 1.35498, 0.00000, sm50_xmma_pooling_tiled_FP32NCHW_kMAX_tP2_tQ32_tR2_tS2_tU2_tV2_tUnroll4_tThreads256, 0x4ca6630b8b8ab, 
[07/22/2026-00:35:55] [TRT] [V]  (foreignNode)   10, 0.0043056, 1.35498, 0.00000, sm50_xmma_pooling_tiled_FP32NCHW_kMAX_tP2_tQ32_tR2_tS2_tU2_tV2_tUnroll7_tThreads256, 0x4580c17baa2c1, 
[07/22/2026-00:35:55] [TRT] [V]  (foreignNode)   15, 0.0043104, 1.35650, 0.00000, sm50_xmma_pooling_tiled_FP32NCHW_kMAX_tP2_tQ16_tR2_tS2_tU2_tV2_tUnroll1_tThreads128, 0x42f5ff24d5421, 
[07/22/2026-00:35:55] [TRT] [V]  (foreignNode)    2, 0.0046032, 1.44864, 0.00000, sm50_xmma_pooling_tiled_FP32NCHW_kMAX_tP2_tQ32_tR2_tS2_tU2_tV2_tUnroll8_tThreads256, 0x34c1d253bb2da, 
[07/22/2026-00:35:55] [TRT] [V]  (foreignNode)    3, 0.0046032, 1.44864, 0.00000, sm50_xmma_pooling_tiled_FP32NCHW_kMAX_tP2_tQ16_tR2_tS2_tU2_tV2_tUnroll8_tThreads128, 0x5811697597400, 
[07/22/2026-00:35:55] [TRT] [V]  (foreignNode)   17, 0.0046080, 1.45015, 0.00000, sm50_xmma_pooling_tiled_FP32NCHW_kMAX_tP2_tQ32_tR2_tS2_tU2_tV2_tUnroll1_tThreads256, 0x38ba3506f51b9, 
[07/22/2026-00:35:55] [TRT] [V]  (foreignNode)    0, 0.0049056, 1.54381, 0.00000, sm50_xmma_pooling_fw_4d_FP32FP32NCHW_Max, 0x4ba9759a52761, 
[07/22/2026-00:35:55] [TRT] [V]  (foreignNode)    1, 0.0049152, 1.54683, 0.00000, sm50_xmma_pooling_nd_NCDHW_kMAX_kGENERIC_3D_POOLING_MODE_kFLOAT_0, 0x5c2957edc3f23, 
[07/22/2026-00:35:55] [TRT] [V]  (foreignNode) Autotuning op node_linear: [ONNX Layer: node_linear][ONNX Layer: node_relu_2]
[07/22/2026-00:35:55] [TRT] [V]  (foreignNode) Sorted table of all evaluated tactics:
[07/22/2026-00:35:55] [TRT] [V]  (foreignNode) tactic_id, cost(in ms), cost/fastest_cost, prediction_correlation, kernel_name, tactic_hash, tunable_parameter
[07/22/2026-00:35:55] [TRT] [V]  (foreignNode)    1, 0.0101376, 1.00000, 0.58314, sm80_xmma_gemm_f32f32_tf32f32_f32_tn_n_tilesize32x32x64_stage3_warpsize2x1x2_tensor16x8x8, 0x4754af3ee6112, 
[07/22/2026-00:35:55] [TRT] [V]  (foreignNode)   45, 0.0109536, 1.08049, 0.74887, sm86_xmma_gemm_f32f32_tf32f32_f32_nn_n_tilesize32x32x64_stage6_warpsize2x2x1_tensor16x8x8, 0x5f006fb224208, 
[07/22/2026-00:35:55] [TRT] [V]  (foreignNode)    3, 0.0109568, 1.08081, 0.55420, sm80_xmma_gemm_f32f32_tf32f32_f32_nn_n_tilesize32x32x64_stage3_warpsize2x1x2_tensor16x8x8, 0x601ffa534e573, 
[07/22/2026-00:35:55] [TRT] [V]  (foreignNode)    4, 0.0111424, 1.09912, 0.55614, sm80_xmma_gemm_f32f32_tf32f32_f32_tn_n_tilesize32x32x64_stage3_warpsize2x1x2_tensor16x8x8, 0x2c80ce2f5c4a6, 
[07/22/2026-00:35:55] [TRT] [V]  (foreignNode)   37, 0.0111744, 1.10227, 0.71551, sm86_xmma_gemm_f32f32_tf32f32_f32_tn_n_tilesize32x32x64_stage6_warpsize2x2x1_tensor16x8x8, 0x49440904257ce, 
[07/22/2026-00:35:55] [TRT] [V]  (foreignNode)   43, 0.0113664, 1.12121, 0.72150, sm80_xmma_gemm_f32f32_tf32f32_f32_tn_n_tilesize64x32x64_stage4_warpsize2x1x2_tensor16x8x8, 0x53bebff85b741, 
[07/22/2026-00:35:55] [TRT] [V]  (foreignNode)    6, 0.0113696, 1.12153, 0.54855, sm80_xmma_gemm_f32f32_tf32f32_f32_tn_n_tilesize32x32x64_stage3_warpsize2x1x2_tensor16x8x8, 0x52fcf3eb82c1f, 
[07/22/2026-00:35:55] [TRT] [V]  (foreignNode)    7, 0.0115712, 1.14141, 0.55105, sm80_xmma_gemm_f32f32_tf32f32_f32_nn_n_tilesize32x32x64_stage3_warpsize2x1x2_tensor16x8x8, 0x31806e557c683, 
[07/22/2026-00:35:55] [TRT] [V]  (foreignNode)    9, 0.0117760, 1.16162, 0.54509, sm80_xmma_gemm_f32f32_tf32f32_f32_nn_n_tilesize32x32x64_stage3_warpsize2x1x2_tensor16x8x8, 0x56e5cd4b1e999, 
[07/22/2026-00:35:55] [TRT] [V]  (foreignNode)   13, 0.0117760, 1.16162, 0.59469, sm80_xmma_gemm_f32f32_tf32f32_f32_tn_n_tilesize32x32x64_stage3_warpsize2x1x2_tensor16x8x8, 0x2b826e27b0430, 
[07/22/2026-00:35:55] [TRT] [V]  (foreignNode)   47, 0.0117760, 1.16162, 0.70488, sm80_xmma_gemm_f32f32_tf32f32_f32_nn_n_tilesize64x32x64_stage4_warpsize2x1x2_tensor16x8x8, 0x4a785364cf633, 
[07/22/2026-00:35:55] [TRT] [V]  (foreignNode)   72, 0.0119776, 1.18150, 0.72786, sm86_xmma_gemm_f32f32_tf32f32_f32_tn_n_tilesize32x32x64_stage6_warpsize2x2x1_tensor16x8x8, 0x304308d622510, 
[07/22/2026-00:35:55] [TRT] [V]  (foreignNode)   26, 0.0121824, 1.20170, 0.63144, sm86_xmma_gemm_f32f32_tf32f32_f32_tn_n_tilesize64x64x64_stage3_warpsize2x2x1_tensor16x8x8, 0x650de5b566787, 
[07/22/2026-00:35:55] [TRT] [V]  (foreignNode)   80, 0.0123872, 1.22191, 0.70824, sm86_xmma_gemm_f32f32_tf32f32_f32_tn_n_tilesize32x32x64_stage6_warpsize2x2x1_tensor16x8x8, 0x652a3d4f71b10, 
[07/22/2026-00:35:55] [TRT] [V]  (foreignNode)   31, 0.0123904, 1.22222, 0.62466, sm86_xmma_gemm_f32f32_tf32f32_f32_tn_n_tilesize64x64x64_stage3_warpsize2x2x1_tensor16x8x8, 0x6a578c1e81f84, 
[07/22/2026-00:35:55] [TRT] [V]  (foreignNode)   63, 0.0123936, 1.22254, 0.69908, sm80_xmma_gemm_f32f32_tf32f32_f32_tn_n_tilesize64x64x64_stage4_warpsize2x2x1_tensor16x8x8, 0x3715c1a179d48, 
[07/22/2026-00:35:55] [TRT] [V]  (foreignNode)   71, 0.0125920, 1.24211, 0.69230, sm80_xmma_gemm_f32f32_tf32f32_f32_tn_n_tilesize64x64x64_stage4_warpsize2x2x1_tensor16x8x8, 0x3f590fa97a49c, 
[07/22/2026-00:35:55] [TRT] [V]  (foreignNode)   33, 0.0125952, 1.24242, 0.62621, sm86_xmma_gemm_f32f32_tf32f32_f32_nn_n_tilesize64x64x64_stage3_warpsize2x2x1_tensor16x8x8, 0x546622a97ce6a, 
[07/22/2026-00:35:55] [TRT] [V]  (foreignNode)   35, 0.0126016, 1.24306, 0.62980, sm86_xmma_gemm_f32f32_tf32f32_f32_nn_n_tilesize64x64x64_stage3_warpsize2x2x1_tensor16x8x8, 0x3a29ad5e6f92a, 
[07/22/2026-00:35:55] [TRT] [V]  (foreignNode)   88, 0.0130048, 1.28283, 0.68027, sm80_xmma_gemm_f32f32_tf32f32_f32_tn_n_tilesize64x32x64_stage4_warpsize2x1x2_tensor16x8x8, 0x51245ad63a290, 
[07/22/2026-00:35:55] [TRT] [V]  (foreignNode)   87, 0.0132064, 1.30271, 0.66869, sm80_xmma_gemm_f32f32_tf32f32_f32_nn_n_tilesize64x64x64_stage4_warpsize2x1x2_tensor16x8x8, 0x6320ec617cc0c, 
[07/22/2026-00:35:55] [TRT] [V]  (foreignNode)   93, 0.0132064, 1.30271, 0.67273, sm80_xmma_gemm_f32f32_tf32f32_f32_tn_n_tilesize64x32x64_stage4_warpsize2x1x2_tensor16x8x8, 0x5947a886fb6ef, 
[07/22/2026-00:35:55] [TRT] [V]  (foreignNode)   23, 0.0132128, 1.30335, 0.54789, sm80_xmma_gemm_f32f32_tf32f32_f32_nn_n_tilesize32x32x64_stage3_warpsize2x1x2_tensor16x8x8, 0x50069414d8929, 
[07/22/2026-00:35:55] [TRT] [V]  (foreignNode)   89, 0.0132128, 1.30335, 0.66999, sm80_xmma_gemm_f32f32_tf32f32_f32_nn_n_tilesize64x64x64_stage4_warpsize2x1x2_tensor16x8x8, 0x3b4109015638a, 
[07/22/2026-00:35:55] [TRT] [V]  (foreignNode)   48, 0.0134144, 1.32323, 0.63002, sm80_xmma_gemm_f32f32_tf32f32_f32_tn_n_tilesize32x32x64_stage3_warpsize2x1x2_tensor16x8x8, 0x3954c87e6ea47, 
[07/22/2026-00:35:55] [TRT] [V]  (foreignNode)   78, 0.0146400, 1.44413, 0.59775, sm80_xmma_gemm_f32f32_tf32f32_f32_nn_n_tilesize64x128x16_stage4_warpsize2x2x1_tensor16x8x8, 0x518da6ff6590d, 
[07/22/2026-00:35:55] [TRT] [V]  (foreignNode)   12, 0.0146432, 1.44444, 0.47817, sm80_xmma_gemm_f32f32_tf32f32_f32_tn_n_tilesize32x32x64_stage3_warpsize2x1x2_tensor16x8x8, 0x49387e4fabbcb, 
[07/22/2026-00:35:55] [TRT] [V]  (foreignNode)   18, 0.0146432, 1.44444, 0.48986, sm80_xmma_gemm_f32f32_tf32f32_f32_tn_n_tilesize64x128x16_stage4_warpsize2x2x1_tensor16x8x8, 0x340cd48ea340c, 
[07/22/2026-00:35:55] [TRT] [V]  (foreignNode)   19, 0.0146432, 1.44444, 0.48994, sm80_xmma_gemm_f32f32_tf32f32_f32_nn_n_tilesize64x128x16_stage4_warpsize2x2x1_tensor16x8x8, 0x511ce423a9d8c, 
[07/22/2026-00:35:55] [TRT] [V]  (foreignNode)   11, 0.0146464, 1.44476, 0.46535, sm80_xmma_gemm_f32f32_tf32f32_f32_tn_n_tilesize32x32x64_stage3_warpsize2x1x2_tensor16x8x8, 0x4273f3a49ff02, 
[07/22/2026-00:35:55] [TRT] [V]  (foreignNode)   74, 0.0146464, 1.44476, 0.59599, sm80_xmma_gemm_f32f32_tf32f32_f32_tn_n_tilesize64x128x16_stage4_warpsize2x2x1_tensor16x8x8, 0x5399ef8e51232, 
[07/22/2026-00:35:55] [TRT] [V]  (foreignNode)   15, 0.0148480, 1.46465, 0.47402, sm80_xmma_gemm_f32f32_tf32f32_f32_nn_n_tilesize32x32x64_stage3_warpsize2x1x2_tensor16x8x8, 0x5c35e3523ca5d, 
[07/22/2026-00:35:55] [TRT] [V]  (foreignNode)    0, 0.0152608, 1.50537, 0.38727, sm80_xmma_gemm_f32f32_tf32f32_f32_tn_n_tilesize32x32x64_stage3_warpsize2x1x2_tensor16x8x8, 0x55ca59c01c8e6, 
[07/22/2026-00:35:55] [TRT] [V]  (foreignNode)   39, 0.0156640, 1.54514, 0.52111, sm86_xmma_gemm_f32f32_tf32f32_f32_tn_n_tilesize64x128x32_stage4_warpsize2x2x1_tensor16x8x8, 0x5d24690f4b295, 
[07/22/2026-00:35:55] [TRT] [V]  (foreignNode)   60, 0.0156672, 1.54545, 0.55087, sm80_xmma_gemm_f32f32_tf32f32_f32_tn_n_tilesize64x128x32_stage5_warpsize2x2x1_tensor16x8x8, 0x34cbf7978a0ab, 
[07/22/2026-00:35:55] [TRT] [V]  (foreignNode)   67, 0.0158720, 1.56566, 0.54745, sm86_xmma_gemm_f32f32_tf32f32_f32_tn_n_tilesize64x64x64_stage3_warpsize2x2x1_tensor16x8x8, 0x3958d694e1568, 
[07/22/2026-00:35:55] [TRT] [V]  (foreignNode)   97, 0.0162784, 1.60574, 0.54833, sm86_xmma_gemm_f32f32_tf32f32_f32_nn_n_tilesize64x64x64_stage3_warpsize2x2x1_tensor16x8x8, 0x57ad3a5939f42, 
[07/22/2026-00:35:55] [TRT] [V]  (foreignNode)   62, 0.0162848, 1.60638, 0.53112, sm80_xmma_gemm_f32f32_f32f32_f32_nn_n_tilesize32x32x8_stage3_warpsize1x2x1_ffma_aligna4_alignc4, 0x50b133907f7ab, 
[07/22/2026-00:35:55] [TRT] [V]  (foreignNode)   22, 0.0164768, 1.62532, 0.43928, sm80_xmma_gemm_f32f32_tf32f32_f32_nn_n_tilesize32x32x64_stage3_warpsize2x1x2_tensor16x8x8, 0x5c2792944e3c4, 
[07/22/2026-00:35:55] [TRT] [V]  (foreignNode)   41, 0.0164864, 1.62626, 0.49739, sm86_xmma_gemm_f32f32_tf32f32_f32_nn_n_tilesize32x32x64_stage6_warpsize2x2x1_tensor16x8x8, 0x66dc88611833d, 
[07/22/2026-00:35:55] [TRT] [V]  (foreignNode)   83, 0.0166880, 1.64615, 0.52721, sm80_xmma_gemm_f32f32_tf32f32_f32_nn_n_tilesize32x32x64_stage3_warpsize2x1x2_tensor16x8x8, 0x3c15be2f96c18, 
[07/22/2026-00:35:55] [TRT] [V]  (foreignNode)    2, 0.0166912, 1.64646, 0.36370, sm80_xmma_gemm_f32f32_tf32f32_f32_nn_n_tilesize32x32x64_stage3_warpsize2x1x2_tensor16x8x8, 0x60be6a68c09be, 
[07/22/2026-00:35:55] [TRT] [V]  (foreignNode)   36, 0.0168928, 1.66635, 0.47316, sm86_xmma_gemm_f32f32_tf32f32_f32_tn_n_tilesize32x32x64_stage6_warpsize2x2x1_tensor16x8x8, 0x334d6aeb9ee39, 
[07/22/2026-00:35:55] [TRT] [V]  (foreignNode)   44, 0.0168992, 1.66698, 0.48536, sm86_xmma_gemm_f32f32_tf32f32_f32_tn_n_tilesize128x128x16_stage3_warpsize2x2x1_tensor16x8x8, 0x621141e7f7421, 
[07/22/2026-00:35:55] [TRT] [V]  (foreignNode)   58, 0.0171008, 1.68687, 0.50425, sm86_xmma_gemm_f32f32_tf32f32_f32_nn_n_tilesize128x128x16_stage3_warpsize2x2x1_tensor16x8x8, 0x4a4cca60866fe, 
[07/22/2026-00:35:55] [TRT] [V]  (foreignNode)   40, 0.0179200, 1.76768, 0.45752, sm80_xmma_gemm_f32f32_tf32f32_f32_tn_n_tilesize64x32x64_stage4_warpsize2x1x2_tensor16x8x8, 0x6115cd11889d1, 
[07/22/2026-00:35:55] [TRT] [V]  (foreignNode)   82, 0.0179200, 1.76768, 0.49049, sm80_xmma_gemm_f32f32_f32f32_f32_tn_n_tilesize32x32x8_stage3_warpsize1x2x1_ffma_aligna4_alignc4, 0x3895e4e299c32, 
[07/22/2026-00:35:55] [TRT] [V]  (foreignNode)   85, 0.0183264, 1.80777, 0.48113, sm80_xmma_gemm_f32f32_f32f32_f32_nn_n_tilesize32x32x8_stage3_warpsize1x2x1_ffma_aligna4_alignc4, 0x55bfd27191e47, 
[07/22/2026-00:35:55] [TRT] [V]  (foreignNode)   46, 0.0187392, 1.84848, 0.44284, sm80_xmma_gemm_f32f32_tf32f32_f32_nn_n_tilesize64x32x64_stage4_warpsize2x1x2_tensor16x8x8, 0x505b265d2fd84, 
[07/22/2026-00:35:55] [TRT] [V]  (foreignNode)   52, 0.0197504, 1.94823, 0.43291, sm80_xmma_gemm_f32f32_tf32f32_f32_nn_n_tilesize32x256x32_stage4_warpsize1x4x1_tensor16x8x8, 0x2d6b36f4a930b, 
[07/22/2026-00:35:55] [TRT] [V]  (foreignNode)    5, 0.0207840, 2.05019, 0.30000, sm80_xmma_gemm_f32f32_tf32f32_f32_tn_n_tilesize32x32x64_stage3_warpsize2x1x2_tensor16x8x8, 0x58131294e7771, 
[07/22/2026-00:35:55] [TRT] [V]  (foreignNode)   32, 0.0207904, 2.05082, 0.37232, sm80_xmma_gemm_f32f32_tf32f32_f32_nn_n_tilesize64x128x16_stage4_warpsize2x2x1_tensor16x8x8, 0x5320244124d72, 
[07/22/2026-00:35:55] [TRT] [V]  (foreignNode)   28, 0.0208064, 2.05240, 0.37164, sm80_xmma_gemm_f32f32_tf32f32_f32_tn_n_tilesize64x128x16_stage4_warpsize2x2x1_tensor16x8x8, 0x50c6277f14a9d, 
[07/22/2026-00:35:55] [TRT] [V]  (foreignNode)   21, 0.0209920, 2.07071, 0.34329, sm80_xmma_gemm_f32f32_tf32f32_f32_tn_n_tilesize32x32x64_stage3_warpsize2x1x2_tensor16x8x8, 0x68ab9c9b89e00, 
[07/22/2026-00:35:55] [TRT] [V]  (foreignNode)    8, 0.0211968, 2.09091, 0.30275, sm80_xmma_gemm_f32f32_tf32f32_f32_nn_n_tilesize32x32x64_stage3_warpsize2x1x2_tensor16x8x8, 0x36c3d0dadc4fc, 
[07/22/2026-00:35:55] [TRT] [V]  (foreignNode)   79, 0.0213920, 2.11016, 0.41000, sm86_xmma_gemm_f32f32_tf32f32_f32_tn_n_tilesize32x32x64_stage6_warpsize2x2x1_tensor16x8x8, 0x55435e21c8bd9, 
[07/22/2026-00:35:55] [TRT] [V]  (foreignNode)   25, 0.0216064, 2.13131, 0.34515, sm80_xmma_gemm_f32f32_tf32f32_f32_nn_n_tilesize32x32x64_stage3_warpsize2x1x2_tensor16x8x8, 0x440468bd59eeb, 
[07/22/2026-00:35:55] [TRT] [V]  (foreignNode)   56, 0.0216064, 2.13131, 0.39817, sm80_xmma_gemm_f32f32_f32f32_f32_nn_n_tilesize32x32x8_stage3_warpsize1x2x1_ffma_aligna4_alignc4, 0x34e06721671ab, 
[07/22/2026-00:35:55] [TRT] [V]  (foreignNode)   66, 0.0218176, 2.15215, 0.39820, sm80_xmma_gemm_f32f32_f32f32_f32_nn_n_tilesize32x64x8_stage3_warpsize1x2x1_ffma_aligna4_alignc4, 0x457566fa3d624, 
[07/22/2026-00:35:55] [TRT] [V]  (foreignNode)   91, 0.0224224, 2.21181, 0.39599, sm80_xmma_gemm_f32f32_f32f32_f32_nn_n_tilesize32x64x8_stage3_warpsize1x2x1_ffma_aligna4_alignc4, 0x477441cc379e7, 
[07/22/2026-00:35:55] [TRT] [V]  (foreignNode)   76, 0.0230240, 2.27115, 0.37957, sm80_xmma_gemm_f32f32_f32f32_f32_tn_n_tilesize32x32x8_stage3_warpsize1x2x1_ffma_aligna4_alignc4, 0x662a0d08103e0, 
[07/22/2026-00:35:55] [TRT] [V]  (foreignNode)   95, 0.0234496, 2.31313, 0.37979, sm80_xmma_gemm_f32f32_f32f32_f32_tn_n_tilesize32x64x8_stage3_warpsize1x2x1_ffma_aligna4_alignc4, 0x293eeea0d38fb, 
[07/22/2026-00:35:55] [TRT] [V]  (foreignNode)   54, 0.0238560, 2.35322, 0.35896, sm80_xmma_gemm_f32f32_f32f32_f32_nn_n_tilesize32x32x8_stage3_warpsize1x2x1_ffma_aligna4_alignc4, 0x61334e6c5a975, 
[07/22/2026-00:35:55] [TRT] [V]  (foreignNode)   99, 0.0238560, 2.35322, 0.37455, sm86_xmma_gemm_f32f32_tf32f32_f32_nn_n_tilesize128x128x16_stage3_warpsize2x2x1_tensor16x8x8, 0x3373d4895d909, 
[07/22/2026-00:35:55] [TRT] [V]  (foreignNode)   50, 0.0238688, 2.35448, 0.35622, sm86_xmma_gemm_f32f32_tf32f32_f32_tn_n_tilesize128x128x16_stage3_warpsize2x2x1_tensor16x8x8, 0x5a1906720f124, 
[07/22/2026-00:35:55] [TRT] [V]  (foreignNode)   69, 0.0248832, 2.45455, 0.34953, sm80_xmma_gemm_f32f32_f32f32_f32_tn_n_tilesize32x32x8_stage3_warpsize1x2x1_ffma_aligna4_alignc4, 0x4b8b0eb9949c9, 
[07/22/2026-00:35:55] [TRT] [V]  (foreignNode)   29, 0.0250880, 2.47475, 0.30842, sm86_xmma_gemm_f32f32_tf32f32_f32_tn_n_tilesize64x64x64_stage3_warpsize2x2x1_tensor16x8x8, 0x3f23f8a152a5d, 
[07/22/2026-00:35:55] [TRT] [V]  (foreignNode)   34, 0.0250912, 2.47506, 0.31622, sm86_xmma_gemm_f32f32_tf32f32_f32_nn_n_tilesize64x64x64_stage3_warpsize2x2x1_tensor16x8x8, 0x6322e945a5976, 
[07/22/2026-00:35:55] [TRT] [V]  (foreignNode)   70, 0.0251008, 2.47601, 0.34720, sm80_xmma_gemm_f32f32_tf32f32_f32_tn_n_tilesize64x64x64_stage4_warpsize2x2x1_tensor16x8x8, 0x43848b6439669, 
[07/22/2026-00:35:55] [TRT] [V]  (foreignNode)   61, 0.0254976, 2.51515, 0.33919, sm80_xmma_gemm_f32f32_f32f32_f32_nn_n_tilesize32x32x8_stage3_warpsize1x2x1_ffma_aligna4_alignc4, 0x600aa0de177f0, 
[07/22/2026-00:35:55] [TRT] [V]  (foreignNode)   92, 0.0257024, 2.53535, 0.34558, sm80_xmma_gemm_f32f32_tf32f32_f32_tn_n_tilesize64x32x64_stage4_warpsize2x1x2_tensor16x8x8, 0x2cc2d52f5fcc6, 
[07/22/2026-00:35:55] [TRT] [V]  (foreignNode)   55, 0.0269280, 2.65625, 0.31946, sm80_xmma_gemm_f32f32_f32f32_f32_nn_n_tilesize32x32x8_stage3_warpsize1x2x1_ffma_aligna4_alignc4, 0x2ab0757f34e1f, 
[07/22/2026-00:35:55] [TRT] [V]  (foreignNode)   81, 0.0269312, 2.65657, 0.32635, sm80_xmma_gemm_f32f32_f32f32_f32_tn_n_tilesize32x32x8_stage3_warpsize1x2x1_ffma_aligna4_alignc4, 0x59b01aab2bd71, 
[07/22/2026-00:35:55] [TRT] [V]  (foreignNode)   86, 0.0279584, 2.75789, 0.31576, sm80_xmma_gemm_f32f32_tf32f32_f32_nn_n_tilesize64x64x64_stage4_warpsize2x1x2_tensor16x8x8, 0x4d6ab547a5dfd, 
[07/22/2026-00:35:55] [TRT] [V]  (foreignNode)   75, 0.0286720, 2.82828, 0.30478, sm80_xmma_gemm_f32f32_f32f32_f32_tn_n_tilesize32x32x8_stage3_warpsize1x2x1_ffma_aligna4_alignc4, 0x541b4d5762a3a, 
[07/22/2026-00:35:55] [TRT] [V]  (foreignNode)   77, 0.0291776, 2.87816, 0.29985, sm80_xmma_gemm_f32f32_tf32f32_f32_nn_n_tilesize64x128x16_stage4_warpsize2x2x1_tensor16x8x8, 0x50633218a182f, 
[07/22/2026-00:35:55] [TRT] [V]  (foreignNode)   73, 0.0291872, 2.87910, 0.29901, sm80_xmma_gemm_f32f32_tf32f32_f32_tn_n_tilesize64x128x16_stage4_warpsize2x2x1_tensor16x8x8, 0x33d975691278a, 
[07/22/2026-00:35:55] [TRT] [V]  (foreignNode)   64, 0.0294912, 2.90909, 0.29456, sm80_xmma_gemm_f32f32_f32f32_f32_nn_n_tilesize32x64x8_stage3_warpsize1x2x1_ffma_aligna4_alignc4, 0x60f1628294e6b, 
[07/22/2026-00:35:55] [TRT] [V]  (foreignNode)   94, 0.0312320, 3.08081, 0.28513, sm80_xmma_gemm_f32f32_f32f32_f32_tn_n_tilesize32x64x8_stage3_warpsize1x2x1_ffma_aligna4_alignc4, 0x4036f2db4de02, 
[07/22/2026-00:35:55] [TRT] [V]  (foreignNode)   10, 0.0341024, 3.36395, 0.19981, sm80_xmma_gemm_f32f32_tf32f32_f32_tn_n_tilesize32x32x64_stage3_warpsize2x1x2_tensor16x8x8, 0x313eaa919b99e, 
[07/22/2026-00:35:55] [TRT] [V]  (foreignNode)   14, 0.0349216, 3.44476, 0.20150, sm80_xmma_gemm_f32f32_tf32f32_f32_nn_n_tilesize32x32x64_stage3_warpsize2x1x2_tensor16x8x8, 0x40cf674f9f233, 
[07/22/2026-00:35:55] [TRT] [V]  (foreignNode)   90, 0.0371744, 3.66698, 0.23883, sm80_xmma_gemm_f32f32_f32f32_f32_nn_n_tilesize32x64x8_stage3_warpsize1x2x1_ffma_aligna4_alignc4, 0x6477c7b6122cf, 
[07/22/2026-00:35:55] [TRT] [V]  (foreignNode)   84, 0.0373760, 3.68687, 0.23589, sm80_xmma_gemm_f32f32_f32f32_f32_nn_n_tilesize32x32x8_stage3_warpsize1x2x1_ffma_aligna4_alignc4, 0x5ac33ddf1e839, 
[07/22/2026-00:35:55] [TRT] [V]  (foreignNode)   96, 0.0413696, 4.08081, 0.21571, sm86_xmma_gemm_f32f32_tf32f32_f32_nn_n_tilesize64x64x64_stage3_warpsize2x2x1_tensor16x8x8, 0x2dbfb7f462b29, 
[07/22/2026-00:35:55] [TRT] [V]  (foreignNode)   65, 0.0414688, 4.09059, 0.20948, sm86_xmma_gemm_f32f32_tf32f32_f32_tn_n_tilesize64x64x64_stage3_warpsize2x2x1_tensor16x8x8, 0x2fb43c6166a71, 
[07/22/2026-00:35:55] [TRT] [V]  (foreignNode)   17, 0.0437248, 4.31313, 0.16403, sm80_xmma_gemm_f32f32_tf32f32_f32_nn_n_tilesize64x128x16_stage4_warpsize2x2x1_tensor16x8x8, 0x6129d9f7edf6b, 
[07/22/2026-00:35:55] [TRT] [V]  (foreignNode)   16, 0.0443392, 4.37374, 0.16173, sm80_xmma_gemm_f32f32_tf32f32_f32_tn_n_tilesize64x128x16_stage4_warpsize2x2x1_tensor16x8x8, 0x5e2d18c0d8a5b, 
[07/22/2026-00:35:55] [TRT] [V]  (foreignNode)   38, 0.0453664, 4.47506, 0.17988, sm86_xmma_gemm_f32f32_tf32f32_f32_tn_n_tilesize64x128x32_stage4_warpsize2x2x1_tensor16x8x8, 0x31b0cab2d3db7, 
[07/22/2026-00:35:55] [TRT] [V]  (foreignNode)   59, 0.0455680, 4.49495, 0.18934, sm80_xmma_gemm_f32f32_tf32f32_f32_tn_n_tilesize64x128x32_stage5_warpsize2x2x1_tensor16x8x8, 0x36aedbdd985a9, 
[07/22/2026-00:35:55] [TRT] [V]  (foreignNode)   24, 0.0623584, 6.15120, 0.11956, sm80_xmma_gemm_f32f32_tf32f32_f32_nn_n_tilesize32x32x64_stage3_warpsize2x1x2_tensor16x8x8, 0x505bbf1ba6336, 
[07/22/2026-00:35:55] [TRT] [V]  (foreignNode)   20, 0.0625664, 6.17172, 0.11515, sm80_xmma_gemm_f32f32_tf32f32_f32_tn_n_tilesize32x32x64_stage3_warpsize2x1x2_tensor16x8x8, 0x2a355c1d19e67, 
[07/22/2026-00:35:55] [TRT] [V]  (foreignNode)   57, 0.0635904, 6.27273, 0.13557, sm86_xmma_gemm_f32f32_tf32f32_f32_nn_n_tilesize128x128x16_stage3_warpsize2x2x1_tensor16x8x8, 0x4cc75a31ded0e, 
[07/22/2026-00:35:55] [TRT] [V]  (foreignNode)   42, 0.0638976, 6.30303, 0.12834, sm86_xmma_gemm_f32f32_tf32f32_f32_tn_n_tilesize128x128x16_stage3_warpsize2x2x1_tensor16x8x8, 0x3bfc7a67f80af, 
[07/22/2026-00:35:55] [TRT] [V]  (foreignNode)   53, 0.0695296, 6.85859, 0.12315, sm80_xmma_gemm_f32f32_f32f32_f32_nn_n_tilesize32x32x8_stage3_warpsize1x2x1_ffma_aligna4_alignc4, 0x5def255456882, 
[07/22/2026-00:35:55] [TRT] [V]  (foreignNode)   68, 0.0711648, 7.01989, 0.12221, sm80_xmma_gemm_f32f32_f32f32_f32_tn_n_tilesize32x32x8_stage3_warpsize1x2x1_ffma_aligna4_alignc4, 0x35a037dfe6431, 
[07/22/2026-00:35:55] [TRT] [V]  (foreignNode)   51, 0.0768000, 7.57576, 0.11129, sm80_xmma_gemm_f32f32_tf32f32_f32_nn_n_tilesize32x256x32_stage4_warpsize1x4x1_tensor16x8x8, 0x590b17c5811d7, 
[07/22/2026-00:35:55] [TRT] [V]  (foreignNode)   30, 0.0783328, 7.72696, 0.09879, sm80_xmma_gemm_f32f32_tf32f32_f32_nn_n_tilesize64x128x16_stage4_warpsize2x2x1_tensor16x8x8, 0x3babff34466f9, 
[07/22/2026-00:35:55] [TRT] [V]  (foreignNode)   27, 0.0793632, 7.82860, 0.09740, sm80_xmma_gemm_f32f32_tf32f32_f32_tn_n_tilesize64x128x16_stage4_warpsize2x2x1_tensor16x8x8, 0x43a65c84f33df, 
[07/22/2026-00:35:55] [TRT] [V]  (foreignNode)   98, 0.1197760, 11.81503, 0.07458, sm86_xmma_gemm_f32f32_tf32f32_f32_nn_n_tilesize128x128x16_stage3_warpsize2x2x1_tensor16x8x8, 0x67c204fd959ea, 
[07/22/2026-00:35:55] [TRT] [V]  (foreignNode)   49, 0.1198400, 11.82134, 0.07093, sm86_xmma_gemm_f32f32_tf32f32_f32_tn_n_tilesize128x128x16_stage3_warpsize2x2x1_tensor16x8x8, 0x60c08ef4fbd35, 
[07/22/2026-00:35:55] [TRT] [V]  (foreignNode) Autotuning op node_linear_1_2: [ONNX Layer: node_linear_1]
[07/22/2026-00:35:55] [TRT] [V]  (foreignNode) Sorted table of all evaluated tactics:
[07/22/2026-00:35:55] [TRT] [V]  (foreignNode) tactic_id, cost(in ms), cost/fastest_cost, prediction_correlation, kernel_name, tactic_hash, tunable_parameter
[07/22/2026-00:35:55] [TRT] [V]  (foreignNode)   14, 0.0076768, 1.00000, 0.85901, sm80_xmma_gemm_f32f32_tf32f32_f32_tn_n_tilesize32x32x64_stage3_warpsize2x2x1_tensor16x8x8_aligna4_alignc4, 0x52a68fac6f316, 
[07/22/2026-00:35:55] [TRT] [V]  (foreignNode)   17, 0.0076768, 1.00000, 0.88833, sm80_xmma_gemm_f32f32_tf32f32_f32_nn_n_tilesize32x32x64_stage3_warpsize2x2x1_tensor16x8x8_aligna4_alignc4, 0x45780d7633278, 
[07/22/2026-00:35:55] [TRT] [V]  (foreignNode)   18, 0.0078848, 1.02709, 0.87128, sm80_xmma_gemm_f32f32_tf32f32_f32_tn_n_tilesize32x32x64_stage3_warpsize2x2x1_tensor16x8x8_aligna4_alignc4, 0x5caf2e16e9e6d, 
[07/22/2026-00:35:55] [TRT] [V]  (foreignNode)   20, 0.0080832, 1.05294, 0.87870, sm80_xmma_gemm_f32f32_tf32f32_f32_nn_n_tilesize32x32x64_stage3_warpsize2x2x1_tensor16x8x8_aligna4_alignc4, 0x4536f3c1fe89e, 
[07/22/2026-00:35:55] [TRT] [V]  (foreignNode)   22, 0.0080896, 1.05377, 0.88211, sm80_xmma_gemm_f32f32_tf32f32_f32_tn_n_tilesize32x32x64_stage3_warpsize2x2x1_tensor16x8x8_aligna4_alignc4, 0x4a01bcf5a5e6a, 
[07/22/2026-00:35:55] [TRT] [V]  (foreignNode)   25, 0.0082912, 1.08003, 0.88962, sm80_xmma_gemm_f32f32_tf32f32_f32_nn_n_tilesize32x32x64_stage3_warpsize2x2x1_tensor16x8x8_aligna4_alignc4, 0x4ac96971a09ed, 
[07/22/2026-00:35:55] [TRT] [V]  (foreignNode)    1, 0.0087040, 1.13381, 0.56544, sm80_xmma_gemm_f32f32_f32f32_f32_nn_n_tilesize32x32x8_stage3_warpsize1x2x1_ffma_aligna4_alignc4, 0x6d8650440f9fc, 
[07/22/2026-00:35:55] [TRT] [V]  (foreignNode)    3, 0.0088928, 1.15840, 0.57059, sm80_xmma_gemm_f32f32_f32f32_f32_nn_n_tilesize32x32x8_stage3_warpsize1x2x1_ffma_aligna4_alignc4, 0x32735936b4af1, 
[07/22/2026-00:35:55] [TRT] [V]  (foreignNode)   39, 0.0089088, 1.16048, 1.02401, sm80_xmma_gemm_f32f32_tf32f32_f32_tn_n_tilesize64x32x64_stage5_warpsize2x2x1_tensor16x8x8_aligna4_alignc4, 0x5ebd1bd25ec0d, 
[07/22/2026-00:35:55] [TRT] [V]  (foreignNode)   43, 0.0089088, 1.16048, 1.04543, sm80_xmma_gemm_f32f32_tf32f32_f32_nn_n_tilesize64x32x64_stage5_warpsize2x2x1_tensor16x8x8_aligna4_alignc4, 0x65feca0fb2307, 
[07/22/2026-00:35:55] [TRT] [V]  (foreignNode)   40, 0.0091008, 1.18549, 1.00756, sm80_xmma_gemm_f32f32_tf32f32_f32_nn_n_tilesize32x64x64_stage4_warpsize2x2x1_tensor16x8x8_aligna4_alignc4, 0x3b03774c7824d, 
[07/22/2026-00:35:55] [TRT] [V]  (foreignNode)    0, 0.0091136, 1.18716, 0.53703, sm80_xmma_gemm_f32f32_f32f32_f32_tn_n_tilesize32x32x8_stage3_warpsize1x2x1_ffma_aligna4_alignc4, 0x53e0b736e7fdb, 
[07/22/2026-00:35:55] [TRT] [V]  (foreignNode)   36, 0.0091136, 1.18716, 0.95161, sm80_xmma_gemm_f32f32_tf32f32_f32_tn_n_tilesize32x64x64_stage4_warpsize2x2x1_tensor16x8x8_aligna4_alignc4, 0x3dcaab6c61350, 
[07/22/2026-00:35:55] [TRT] [V]  (foreignNode)    2, 0.0093184, 1.21384, 0.54214, sm80_xmma_gemm_f32f32_f32f32_f32_tn_n_tilesize32x32x8_stage3_warpsize1x2x1_ffma_aligna4_alignc4, 0x67f6cd3af2931, 
[07/22/2026-00:35:55] [TRT] [V]  (foreignNode)   32, 0.0095264, 1.24093, 0.86398, sm80_xmma_gemm_f32f32_tf32f32_f32_tn_n_tilesize32x32x64_stage3_warpsize2x2x1_tensor16x8x8_aligna4_alignc4, 0x2f3acf82f1b05, 
[07/22/2026-00:35:55] [TRT] [V]  (foreignNode)   34, 0.0097280, 1.26719, 0.87381, sm80_xmma_gemm_f32f32_tf32f32_f32_nn_n_tilesize32x32x64_stage3_warpsize2x2x1_tensor16x8x8_aligna4_alignc4, 0x5f4815e9ed28e, 
[07/22/2026-00:35:55] [TRT] [V]  (foreignNode)   44, 0.0097312, 1.26761, 0.96042, sm80_xmma_gemm_f32f32_tf32f32_f32_tn_n_tilesize64x32x64_stage5_warpsize2x2x1_tensor16x8x8_aligna4_alignc4, 0x6654d97a8e262, 
[07/22/2026-00:35:55] [TRT] [V]  (foreignNode)   15, 0.0099264, 1.29304, 0.66767, sm80_xmma_gemm_f32f32_f32f32_f32_tn_n_tilesize64x64x8_stage3_warpsize1x4x1_ffma_aligna4_alignc4, 0x432566f52b870, 
[07/22/2026-00:35:55] [TRT] [V]  (foreignNode)   47, 0.0099296, 1.29346, 0.96066, sm80_xmma_gemm_f32f32_tf32f32_f32_nn_n_tilesize64x32x64_stage5_warpsize2x2x1_tensor16x8x8_aligna4_alignc4, 0x494eb4c142719, 
[07/22/2026-00:35:55] [TRT] [V]  (foreignNode)   46, 0.0099328, 1.29387, 0.95487, sm80_xmma_gemm_f32f32_tf32f32_f32_tn_n_tilesize32x64x64_stage4_warpsize2x2x1_tensor16x8x8_aligna4_alignc4, 0x342bcbcf43544, 
[07/22/2026-00:35:55] [TRT] [V]  (foreignNode)   53, 0.0099328, 1.29387, 1.02075, sm80_xmma_gemm_f32f32_tf32f32_f32_tn_n_tilesize64x64x64_stage4_warpsize2x2x1_tensor16x8x8_aligna4_alignc4, 0x56c30e5468447, 
[07/22/2026-00:35:55] [TRT] [V]  (foreignNode)   50, 0.0101344, 1.32013, 0.99546, sm80_xmma_gemm_f32f32_tf32f32_f32_tn_n_tilesize32x64x64_stage4_warpsize2x2x1_tensor16x8x8_aligna4_alignc4, 0x4a1d7a85bbd47, 
[07/22/2026-00:35:55] [TRT] [V]  (foreignNode)    4, 0.0101376, 1.32055, 0.56398, sm80_xmma_gemm_f32f32_f32f32_f32_nn_n_tilesize32x32x8_stage3_warpsize1x2x1_ffma_aligna4_alignc4, 0x659891649d8d8, 
[07/22/2026-00:35:55] [TRT] [V]  (foreignNode)   49, 0.0101376, 1.32055, 0.98671, sm80_xmma_gemm_f32f32_tf32f32_f32_nn_n_tilesize32x64x64_stage4_warpsize2x2x1_tensor16x8x8_aligna4_alignc4, 0x60aeb3c689fac, 
[07/22/2026-00:35:55] [TRT] [V]  (foreignNode)   68, 0.0101376, 1.32055, 1.10685, sm80_xmma_gemm_f32f32_tf32f32_f32_nn_n_tilesize64x64x64_stage4_warpsize2x2x1_tensor16x8x8_aligna4_alignc4, 0x3481ff247648b, 
[07/22/2026-00:35:55] [TRT] [V]  (foreignNode)   13, 0.0101440, 1.32138, 0.64470, sm80_xmma_gemm_f32f32_f32f32_f32_nn_n_tilesize64x64x8_stage3_warpsize1x4x1_ffma_aligna4_alignc4, 0x5c5f59a7452c1, 
[07/22/2026-00:35:55] [TRT] [V]  (foreignNode)   19, 0.0103424, 1.34723, 0.67965, sm80_xmma_gemm_f32f32_f32f32_f32_nn_n_tilesize64x64x8_stage3_warpsize1x4x1_ffma_aligna4_alignc4, 0x3c6cbb87a3c11, 
[07/22/2026-00:35:55] [TRT] [V]  (foreignNode)   54, 0.0103424, 1.34723, 0.98205, sm80_xmma_gemm_f32f32_tf32f32_f32_tn_n_tilesize64x32x64_stage5_warpsize2x2x1_tensor16x8x8_aligna4_alignc4, 0x52602fda34293, 
[07/22/2026-00:35:55] [TRT] [V]  (foreignNode)   62, 0.0103424, 1.34723, 1.02696, sm80_xmma_gemm_f32f32_tf32f32_f32_nn_n_tilesize32x64x64_stage4_warpsize2x2x1_tensor16x8x8_aligna4_alignc4, 0x5b3593f2790f8, 
[07/22/2026-00:35:55] [TRT] [V]  (foreignNode)   57, 0.0105440, 1.37349, 0.98227, sm80_xmma_gemm_f32f32_tf32f32_f32_nn_n_tilesize64x32x64_stage5_warpsize2x2x1_tensor16x8x8_aligna4_alignc4, 0x62a1dc1117c3b, 
[07/22/2026-00:35:55] [TRT] [V]  (foreignNode)   21, 0.0105472, 1.37391, 0.67596, sm80_xmma_gemm_f32f32_f32f32_f32_tn_n_tilesize64x64x8_stage3_warpsize1x4x1_ffma_aligna4_alignc4, 0x6b866be409fe3, 
[07/22/2026-00:35:55] [TRT] [V]  (foreignNode)    5, 0.0107488, 1.40017, 0.53199, sm80_xmma_gemm_f32f32_f32f32_f32_tn_n_tilesize32x32x8_stage3_warpsize1x2x1_ffma_aligna4_alignc4, 0x3299804590860, 
[07/22/2026-00:35:55] [TRT] [V]  (foreignNode)   37, 0.0107488, 1.40017, 0.82833, sm80_xmma_gemm_f32f32_tf32f32_f32_tn_n_tilesize32x32x64_stage3_warpsize2x2x1_tensor16x8x8_aligna4_alignc4, 0x42cd613e5ca06, 
[07/22/2026-00:35:55] [TRT] [V]  (foreignNode)   28, 0.0111552, 1.45311, 0.68706, sm80_xmma_gemm_f32f32_f32f32_f32_nn_n_tilesize128x32x8_stage3_warpsize2x2x1_ffma_aligna4_alignc4, 0x30fe0c9195ffc, 
[07/22/2026-00:35:55] [TRT] [V]  (foreignNode)   72, 0.0111552, 1.45311, 1.03989, sm80_xmma_gemm_f32f32_tf32f32_f32_tn_n_tilesize128x64x16_stage6_warpsize2x2x1_tensor16x8x8_aligna4_alignc4, 0x64f2e5c5d940f, 
[07/22/2026-00:35:55] [TRT] [V]  (foreignNode)    8, 0.0111616, 1.45394, 0.55976, sm80_xmma_gemm_f32f32_f32f32_f32_tn_n_tilesize64x32x8_stage3_warpsize1x2x1_ffma_aligna4_alignc4, 0x38d559c11c530, 
[07/22/2026-00:35:55] [TRT] [V]  (foreignNode)   10, 0.0111616, 1.45394, 0.57329, sm80_xmma_gemm_f32f32_f32f32_f32_nn_n_tilesize64x32x8_stage3_warpsize1x2x1_ffma_aligna4_alignc4, 0x52cfa56c66fe3, 
[07/22/2026-00:35:55] [TRT] [V]  (foreignNode)    6, 0.0113664, 1.48062, 0.53458, sm80_xmma_gemm_f32f32_f32f32_f32_nn_n_tilesize32x64x8_stage3_warpsize1x2x1_ffma_aligna4_alignc4, 0x4b5da5f9735be, 
[07/22/2026-00:35:55] [TRT] [V]  (foreignNode)   41, 0.0113664, 1.48062, 0.80863, sm80_xmma_gemm_f32f32_tf32f32_f32_nn_n_tilesize32x32x64_stage3_warpsize2x2x1_tensor16x8x8_aligna4_alignc4, 0x54bb229ee8962, 
[07/22/2026-00:35:55] [TRT] [V]  (foreignNode)   61, 0.0114560, 1.49229, 0.92443, sm80_xmma_gemm_f32f32_tf32f32_f32_tn_n_tilesize64x64x64_stage4_warpsize2x2x1_tensor16x8x8_aligna4_alignc4, 0x33684ba0784d0, 
[07/22/2026-00:35:55] [TRT] [V]  (foreignNode)   16, 0.0115712, 1.50729, 0.57683, sm80_xmma_gemm_f32f32_f32f32_f32_nn_n_tilesize64x32x8_stage3_warpsize1x2x1_ffma_aligna4_alignc4, 0x56f33295cb360, 
[07/22/2026-00:35:55] [TRT] [V]  (foreignNode)   71, 0.0115712, 1.50729, 1.00044, sm80_xmma_gemm_f32f32_tf32f32_f32_nn_n_tilesize128x64x16_stage6_warpsize2x2x1_tensor16x8x8_aligna4_alignc4, 0x2de7e2f56cf38, 
[07/22/2026-00:35:55] [TRT] [V]  (foreignNode)   31, 0.0115744, 1.50771, 0.68756, sm80_xmma_gemm_f32f32_f32f32_f32_tn_n_tilesize128x32x8_stage3_warpsize2x2x1_ffma_aligna4_alignc4, 0x48daa8d92ef38, 
[07/22/2026-00:35:55] [TRT] [V]  (foreignNode)   77, 0.0117728, 1.53356, 1.01954, sm80_xmma_gemm_f32f32_tf32f32_f32_tn_n_tilesize128x64x64_stage3_warpsize2x2x1_tensor16x8x8_aligna4_alignc4, 0x432d0b8d4d8fa, 
[07/22/2026-00:35:55] [TRT] [V]  (foreignNode)    9, 0.0117760, 1.53397, 0.53873, sm80_xmma_gemm_f32f32_f32f32_f32_nn_n_tilesize32x64x8_stage3_warpsize1x2x1_ffma_aligna4_alignc4, 0x44c45935bc7b5, 
[07/22/2026-00:35:55] [TRT] [V]  (foreignNode)   33, 0.0117760, 1.53397, 0.70042, sm80_xmma_gemm_f32f32_f32f32_f32_nn_n_tilesize128x32x8_stage3_warpsize2x2x1_ffma_aligna4_alignc4, 0x4e5d102f61daf, 
[07/22/2026-00:35:55] [TRT] [V]  (foreignNode)   70, 0.0117760, 1.53397, 0.97124, sm80_xmma_gemm_f32f32_tf32f32_f32_tn_n_tilesize64x64x64_stage4_warpsize2x2x1_tensor16x8x8_aligna4_alignc4, 0x2c216db6d3e71, 
[07/22/2026-00:35:55] [TRT] [V]  (foreignNode)   73, 0.0117760, 1.53397, 0.99448, sm80_xmma_gemm_f32f32_tf32f32_f32_nn_n_tilesize64x64x64_stage4_warpsize2x2x1_tensor16x8x8_aligna4_alignc4, 0x4c826aa077841, 
[07/22/2026-00:35:55] [TRT] [V]  (foreignNode)   75, 0.0117760, 1.53397, 1.00568, sm80_xmma_gemm_f32f32_tf32f32_f32_tn_n_tilesize128x64x32_stage5_warpsize2x2x1_tensor16x8x8_aligna4_alignc4, 0x3c73ed54e156d, 
[07/22/2026-00:35:55] [TRT] [V]  (foreignNode)   81, 0.0117760, 1.53397, 1.04675, sm80_xmma_gemm_f32f32_tf32f32_f32_tn_n_tilesize128x64x16_stage6_warpsize2x2x1_tensor16x8x8_aligna4_alignc4, 0x64959ada68128, 
[07/22/2026-00:35:55] [TRT] [V]  (foreignNode)   51, 0.0119616, 1.55815, 0.84637, sm80_xmma_gemm_f32f32_tf32f32_f32_tn_n_tilesize64x128x16_stage4_warpsize2x2x1_tensor16x8x8_aligna4_alignc4, 0x621a0b86e45c5, 
[07/22/2026-00:35:55] [TRT] [V]  (foreignNode)   12, 0.0119808, 1.56065, 0.54452, sm80_xmma_gemm_f32f32_f32f32_f32_tn_n_tilesize64x32x8_stage3_warpsize1x2x1_ffma_aligna4_alignc4, 0x4e3d702a5a159, 
[07/22/2026-00:35:55] [TRT] [V]  (foreignNode)   79, 0.0119808, 1.56065, 1.02488, sm80_xmma_gemm_f32f32_tf32f32_f32_nn_n_tilesize128x64x16_stage6_warpsize2x2x1_tensor16x8x8_aligna4_alignc4, 0x57bd74ad0587c, 
[07/22/2026-00:35:55] [TRT] [V]  (foreignNode)    7, 0.0121824, 1.58691, 0.50390, sm80_xmma_gemm_f32f32_f32f32_f32_tn_n_tilesize32x64x8_stage3_warpsize1x2x1_ffma_aligna4_alignc4, 0x67684ecabefdf, 
[07/22/2026-00:35:55] [TRT] [V]  (foreignNode)   35, 0.0121824, 1.58691, 0.70306, sm80_xmma_gemm_f32f32_f32f32_f32_tn_n_tilesize128x32x8_stage3_warpsize2x2x1_ffma_aligna4_alignc4, 0x5a8a86e184bbf, 
[07/22/2026-00:35:55] [TRT] [V]  (foreignNode)   80, 0.0121856, 1.58733, 1.00908, sm80_xmma_gemm_f32f32_tf32f32_f32_nn_n_tilesize128x64x32_stage5_warpsize2x2x1_tensor16x8x8_aligna4_alignc4, 0x63fbde31b8230, 
[07/22/2026-00:35:55] [TRT] [V]  (foreignNode)   86, 0.0121856, 1.58733, 1.02539, sm80_xmma_gemm_f32f32_tf32f32_f32_tn_n_tilesize128x64x32_stage5_warpsize2x2x1_tensor16x8x8_aligna4_alignc4, 0x341f85ae7444b, 
[07/22/2026-00:35:55] [TRT] [V]  (foreignNode)   90, 0.0121856, 1.58733, 1.03647, sm80_xmma_gemm_f32f32_tf32f32_f32_nn_n_tilesize64x64x64_stage4_warpsize2x2x1_tensor16x8x8_aligna4_alignc4, 0x3a7eb30a74588, 
[07/22/2026-00:35:55] [TRT] [V]  (foreignNode)   96, 0.0121856, 1.58733, 1.07575, sm80_xmma_gemm_f32f32_tf32f32_f32_nn_n_tilesize128x64x64_stage3_warpsize2x2x1_tensor16x8x8_aligna4_alignc4, 0x454fd8e312b1c, 
[07/22/2026-00:35:55] [TRT] [V]  (foreignNode)   55, 0.0123872, 1.61359, 0.82382, sm80_xmma_gemm_f32f32_tf32f32_f32_nn_n_tilesize64x128x16_stage4_warpsize2x2x1_tensor16x8x8_aligna4_alignc4, 0x5807b5b3447a2, 
[07/22/2026-00:35:55] [TRT] [V]  (foreignNode)   63, 0.0123904, 1.61401, 0.86400, sm80_xmma_gemm_f32f32_tf32f32_f32_tn_n_tilesize64x128x16_stage4_warpsize2x2x1_tensor16x8x8_aligna4_alignc4, 0x307e649047afe, 
[07/22/2026-00:35:55] [TRT] [V]  (foreignNode)   11, 0.0125952, 1.64068, 0.50976, sm80_xmma_gemm_f32f32_f32f32_f32_tn_n_tilesize32x64x8_stage3_warpsize1x2x1_ffma_aligna4_alignc4, 0x3579cd3e36d3e, 
[07/22/2026-00:35:55] [TRT] [V]  (foreignNode)   91, 0.0125952, 1.64068, 1.00454, sm80_xmma_gemm_f32f32_tf32f32_f32_tn_n_tilesize64x32x64_stage5_warpsize2x2x1_tensor16x8x8_aligna4_alignc4, 0x36f27c794c467, 
[07/22/2026-00:35:55] [TRT] [V]  (foreignNode)   65, 0.0127968, 1.66694, 0.84099, sm80_xmma_gemm_f32f32_tf32f32_f32_nn_n_tilesize64x128x16_stage4_warpsize2x2x1_tensor16x8x8_aligna4_alignc4, 0x30270a4dccec8, 
[07/22/2026-00:35:55] [TRT] [V]  (foreignNode)   89, 0.0128000, 1.66736, 0.98449, sm80_xmma_gemm_f32f32_tf32f32_f32_tn_n_tilesize32x64x64_stage4_warpsize2x2x1_tensor16x8x8_aligna4_alignc4, 0x4aa0fda122c34, 
[07/22/2026-00:35:55] [TRT] [V]  (foreignNode)   42, 0.0128032, 1.66778, 0.72451, sm80_xmma_gemm_f32f32_f32f32_f32_tn_n_tilesize64x64x8_stage3_warpsize1x4x1_ffma_aligna4_alignc4, 0x3fc0c9e83dd6c, 
[07/22/2026-00:35:55] [TRT] [V]  (foreignNode)   95, 0.0128032, 1.66778, 1.01269, sm80_xmma_gemm_f32f32_tf32f32_f32_nn_n_tilesize128x64x32_stage5_warpsize2x2x1_tensor16x8x8_aligna4_alignc4, 0x517cb9b90327b, 
[07/22/2026-00:35:55] [TRT] [V]  (foreignNode)   38, 0.0129984, 1.69321, 0.70151, sm80_xmma_gemm_f32f32_f32f32_f32_nn_n_tilesize64x64x8_stage3_warpsize1x4x1_ffma_aligna4_alignc4, 0x386ec2c5075ad, 
[07/22/2026-00:35:55] [TRT] [V]  (foreignNode)   83, 0.0130048, 1.69404, 0.95508, sm80_xmma_gemm_f32f32_tf32f32_f32_tn_n_tilesize128x64x64_stage3_warpsize2x2x1_tensor16x8x8_aligna4_alignc4, 0x5957f8fa5a5be, 
[07/22/2026-00:35:55] [TRT] [V]  (foreignNode)   94, 0.0130048, 1.69404, 0.98972, sm80_xmma_gemm_f32f32_tf32f32_f32_nn_n_tilesize64x32x64_stage5_warpsize2x2x1_tensor16x8x8_aligna4_alignc4, 0x5ecfd53d83a64, 
[07/22/2026-00:35:55] [TRT] [V]  (foreignNode)   74, 0.0132096, 1.72072, 0.88657, sm80_xmma_gemm_f32f32_tf32f32_f32_tn_n_tilesize64x128x32_stage5_warpsize2x2x1_tensor16x8x8_aligna4_alignc4, 0x617d1125e4ab3, 
[07/22/2026-00:35:55] [TRT] [V]  (foreignNode)   82, 0.0134144, 1.74739, 0.92052, sm80_xmma_gemm_f32f32_tf32f32_f32_tn_n_tilesize64x128x32_stage5_warpsize2x2x1_tensor16x8x8_aligna4_alignc4, 0x301cbec0d3a52, 
[07/22/2026-00:35:55] [TRT] [V]  (foreignNode)   97, 0.0134144, 1.74739, 0.98285, sm80_xmma_gemm_f32f32_tf32f32_f32_nn_n_tilesize32x64x64_stage4_warpsize2x2x1_tensor16x8x8_aligna4_alignc4, 0x2ab25b4e85c03, 
[07/22/2026-00:35:55] [TRT] [V]  (foreignNode)   85, 0.0134208, 1.74823, 0.92840, sm80_xmma_gemm_f32f32_tf32f32_f32_tn_n_tilesize64x128x16_stage4_warpsize2x2x1_tensor16x8x8_aligna4_alignc4, 0x48e103b1cf144, 
[07/22/2026-00:35:55] [TRT] [V]  (foreignNode)   26, 0.0136160, 1.77366, 0.54899, sm80_xmma_gemm_f32f32_f32f32_f32_nn_n_tilesize32x64x8_stage3_warpsize1x2x1_ffma_aligna4_alignc4, 0x543494ca28fa3, 
[07/22/2026-00:35:55] [TRT] [V]  (foreignNode)   92, 0.0136160, 1.77366, 0.93249, sm80_xmma_gemm_f32f32_tf32f32_f32_nn_n_tilesize64x128x32_stage5_warpsize2x2x1_tensor16x8x8_aligna4_alignc4, 0x3901812a20a04, 
[07/22/2026-00:35:55] [TRT] [V]  (foreignNode)   98, 0.0140288, 1.82743, 0.95470, sm80_xmma_gemm_f32f32_tf32f32_f32_nn_n_tilesize64x128x32_stage5_warpsize2x2x1_tensor16x8x8_aligna4_alignc4, 0x5a9e62e6f5445, 
[07/22/2026-00:35:55] [TRT] [V]  (foreignNode)   23, 0.0142336, 1.85411, 0.50812, sm80_xmma_gemm_f32f32_f32f32_f32_nn_n_tilesize32x32x8_stage3_warpsize1x2x1_ffma_aligna4_alignc4, 0x3d517a2c35f70, 
[07/22/2026-00:35:55] [TRT] [V]  (foreignNode)   84, 0.0144480, 1.88203, 0.86064, sm80_xmma_gemm_f32f32_tf32f32_f32_nn_n_tilesize64x128x16_stage4_warpsize2x2x1_tensor16x8x8_aligna4_alignc4, 0x553bc4e8ffbff, 
[07/22/2026-00:35:55] [TRT] [V]  (foreignNode)   64, 0.0146400, 1.90704, 0.73419, sm80_xmma_gemm_f32f32_f32f32_f32_nn_n_tilesize128x32x8_stage3_warpsize2x2x1_ffma_aligna4_alignc4, 0x579b259467105, 
[07/22/2026-00:35:55] [TRT] [V]  (foreignNode)   87, 0.0146432, 1.90746, 0.85723, sm80_xmma_gemm_f32f32_f32f32_f32_tn_n_tilesize128x64x8_stage3_warpsize2x2x1_ffma_aligna4_alignc4, 0x50b40ca668238, 
[07/22/2026-00:35:55] [TRT] [V]  (foreignNode)   88, 0.0146432, 1.90746, 0.85933, sm80_xmma_gemm_f32f32_f32f32_f32_nn_n_tilesize128x64x8_stage3_warpsize2x2x1_ffma_aligna4_alignc4, 0x4ad2cadd45255, 
[07/22/2026-00:35:55] [TRT] [V]  (foreignNode)   30, 0.0148448, 1.93372, 0.52807, sm80_xmma_gemm_f32f32_f32f32_f32_nn_n_tilesize64x32x8_stage3_warpsize1x2x1_ffma_aligna4_alignc4, 0x654a65061bd7f, 
[07/22/2026-00:35:55] [TRT] [V]  (foreignNode)   27, 0.0148480, 1.93414, 0.51294, sm80_xmma_gemm_f32f32_f32f32_f32_tn_n_tilesize32x64x8_stage3_warpsize1x2x1_ffma_aligna4_alignc4, 0x4aad23749013b, 
[07/22/2026-00:35:55] [TRT] [V]  (foreignNode)   29, 0.0150560, 1.96123, 0.51088, sm80_xmma_gemm_f32f32_f32f32_f32_tn_n_tilesize64x32x8_stage3_warpsize1x2x1_ffma_aligna4_alignc4, 0x2bcbc43a12613, 
[07/22/2026-00:35:55] [TRT] [V]  (foreignNode)   78, 0.0150560, 1.96123, 0.81086, sm80_xmma_gemm_f32f32_f32f32_f32_nn_n_tilesize64x128x8_stage3_warpsize1x4x1_ffma_aligna4_alignc4, 0x3a21df75373db, 
[07/22/2026-00:35:55] [TRT] [V]  (foreignNode)   24, 0.0154496, 2.01251, 0.47241, sm80_xmma_gemm_f32f32_f32f32_f32_tn_n_tilesize32x32x8_stage3_warpsize1x2x1_ffma_aligna4_alignc4, 0x5820e1ef3d672, 
[07/22/2026-00:35:55] [TRT] [V]  (foreignNode)   93, 0.0154528, 2.01292, 0.82903, sm80_xmma_gemm_f32f32_f32f32_f32_tn_n_tilesize64x128x8_stage3_warpsize1x4x1_ffma_aligna4_alignc4, 0x49a49a69bf1e3, 
[07/22/2026-00:35:55] [TRT] [V]  (foreignNode)   67, 0.0154624, 2.01417, 0.72203, sm80_xmma_gemm_f32f32_f32f32_f32_tn_n_tilesize128x32x8_stage3_warpsize2x2x1_ffma_aligna4_alignc4, 0x5dd1e8dc3f9d8, 
[07/22/2026-00:35:55] [TRT] [V]  (foreignNode)   69, 0.0156512, 2.03877, 0.71764, sm80_xmma_gemm_f32f32_f32f32_f32_nn_n_tilesize32x128x8_stage3_warpsize1x2x1_ffma_aligna4_alignc4, 0x339c784f0defa, 
[07/22/2026-00:35:55] [TRT] [V]  (foreignNode)   56, 0.0156672, 2.04085, 0.65273, sm80_xmma_gemm_f32f32_f32f32_f32_tn_n_tilesize32x128x8_stage3_warpsize1x2x1_ffma_aligna4_alignc4, 0x37753802a0d0d, 
[07/22/2026-00:35:55] [TRT] [V]  (foreignNode)   99, 0.0160768, 2.09421, 0.83737, sm80_xmma_gemm_f32f32_f32f32_f32_nn_n_tilesize64x128x8_stage3_warpsize1x4x1_ffma_aligna4_alignc4, 0x461ccfa549611, 
[07/22/2026-00:35:55] [TRT] [V]  (foreignNode)   66, 0.0162816, 2.12088, 0.67213, sm80_xmma_gemm_f32f32_f32f32_f32_tn_n_tilesize32x128x8_stage3_warpsize1x2x1_ffma_aligna4_alignc4, 0x42c197d08c321, 
[07/22/2026-00:35:55] [TRT] [V]  (foreignNode)   76, 0.0163840, 2.13422, 0.72939, sm80_xmma_gemm_f32f32_f32f32_f32_nn_n_tilesize32x128x8_stage3_warpsize1x2x1_ffma_aligna4_alignc4, 0x5ceec0dccb95e, 
[07/22/2026-00:35:55] [TRT] [V]  (foreignNode)   52, 0.0197632, 2.57441, 0.51275, sm80_xmma_gemm_f32f32_f32f32_f32_nn_n_tilesize32x64x8_stage3_warpsize1x2x1_ffma_aligna4_alignc4, 0x65e98159bcbae, 
[07/22/2026-00:35:55] [TRT] [V]  (foreignNode)   45, 0.0209952, 2.73489, 0.44987, sm80_xmma_gemm_f32f32_f32f32_f32_nn_n_tilesize32x32x8_stage3_warpsize1x2x1_ffma_aligna4_alignc4, 0x333c06a4827c2, 
[07/22/2026-00:35:55] [TRT] [V]  (foreignNode)   59, 0.0220160, 2.86786, 0.47482, sm80_xmma_gemm_f32f32_f32f32_f32_tn_n_tilesize32x64x8_stage3_warpsize1x2x1_ffma_aligna4_alignc4, 0x36bf3b8b0c682, 
[07/22/2026-00:35:55] [TRT] [V]  (foreignNode)   48, 0.0234464, 3.05419, 0.41068, sm80_xmma_gemm_f32f32_f32f32_f32_tn_n_tilesize32x32x8_stage3_warpsize1x2x1_ffma_aligna4_alignc4, 0x433c4ca9cf9d9, 
[07/22/2026-00:35:55] [TRT] [V]  (foreignNode)   60, 0.0234496, 3.05461, 0.45041, sm80_xmma_gemm_f32f32_f32f32_f32_nn_n_tilesize64x32x8_stage3_warpsize1x2x1_ffma_aligna4_alignc4, 0x2bca8d514bbf3, 
[07/22/2026-00:35:55] [TRT] [V]  (foreignNode)   58, 0.0238592, 3.10796, 0.43751, sm80_xmma_gemm_f32f32_f32f32_f32_tn_n_tilesize64x32x8_stage3_warpsize1x2x1_ffma_aligna4_alignc4, 0x2a249c642dc7e, 
[07/22/2026-00:35:55] [TRT] [V] Subgraph compilation completed in 5.62 seconds.
[07/22/2026-00:35:55] [TRT] [V] Tactic: 0x0000000000000000 Time: 0
[07/22/2026-00:35:55] [TRT] [V] {ForeignNode[node_conv2d...ONNXTRT_castHelper_9]} (Myelin[0x80000023]) profiling completed in 5.62908 seconds. Fastest Tactic: 0x0000000000000000 Time: 0
[07/22/2026-00:35:55] [TRT] [V] >>>>>>>>>>>>>>> Chose Runner Type: Myelin Tactic: 0x0000000000000000
[07/22/2026-00:35:55] [TRT] [V] =============== Computing reformatting costs for available format set
[07/22/2026-00:35:55] [TRT] [V] =============== Computing reformatting costs for available format set
[07/22/2026-00:35:55] [TRT] [V] =============== Computing reformatting costs for available format set
[07/22/2026-00:35:55] [TRT] [V] Formats and tactics selection completed in 5.63468 seconds.
[07/22/2026-00:35:55] [TRT] [V] After reformat layers: 1 layers
[07/22/2026-00:35:55] [TRT] [V] Total number of blocks in pre-optimized block assignment: 1
[07/22/2026-00:35:55] [TRT] [I] Detected 1 inputs and 2 output network tensors.
[07/22/2026-00:35:55] [TRT] [V] Layer: {ForeignNode[node_conv2d...ONNXTRT_castHelper_9]} Host Persistent: 80 bytes Device Persistent: 0 bytes Scratch Memory: 591872 bytes
[07/22/2026-00:35:55] [TRT] [V] Skipped printing memory information for 0 layers with 0 memory size i.e. Host Persistent + Device Persistent + Scratch Memory == 0.
[07/22/2026-00:35:55] [TRT] [I] Total Host Persistent Memory: 80 bytes
[07/22/2026-00:35:55] [TRT] [I] Total Device Persistent Memory: 0 bytes
[07/22/2026-00:35:55] [TRT] [I] Max Scratch Memory: 591872 bytes
[07/22/2026-00:35:55] [TRT] [I] [BlockAssignment] Started assigning block shifts. This will take 1 steps to complete.
[07/22/2026-00:35:55] [TRT] [I] [BlockAssignment] Algorithm ShiftNTopDown took 0.005078ms to assign 1 blocks to 1 nodes requiring 591872 bytes.
[07/22/2026-00:35:55] [TRT] [V] Total number of blocks in optimized block assignment: 1
[07/22/2026-00:35:55] [TRT] [I] Total Activation Memory: 591872 bytes
[07/22/2026-00:35:55] [TRT] [V] Constructing optimization profile number 1 [2/2].
[07/22/2026-00:35:56] [TRT] [V] Applying generic optimizations to the graph for inference.
[07/22/2026-00:35:56] [TRT] [V] Reserving memory for host IO tensors. Host: 0 bytes
[07/22/2026-00:35:56] [TRT] [V] =============== Computing costs for {ForeignNode[node_conv2d...ONNXTRT_castHelper_9]} [profile 1]
[07/22/2026-00:35:56] [TRT] [V] ForeignNode {ForeignNode[node_conv2d...ONNXTRT_castHelper_9]} [profile 1] metadata: [ONNX Layer: node_conv2d][ONNX Layer: node_relu][ONNX Layer: node_max_pool2d][ONNX Layer: node_conv2d_1][ONNX Layer: node_relu_1][ONNX Layer: node_max_pool2d_1][ONNX Layer: node_view][ONNX Layer: node_linear][ONNX Layer: node_relu_2][ONNX Layer: node_linear_1][ONNX Layer: node_softmax][ONNX Layer: node_argmax]
[07/22/2026-00:35:56] [TRT] [V] *************** Autotuning format combination: Float(784,784,28,1) -> Float(10,1), Int64(1) ***************
[07/22/2026-00:35:56] [TRT] [V] --------------- Timing Runner: {ForeignNode[node_conv2d...ONNXTRT_castHelper_9]} [profile 1] (Myelin[0x80000023])
[07/22/2026-00:35:56] [TRT] [V]  (foreignNode) Set user's cuda kernel library
[07/22/2026-00:35:56] [TRT] [V]  (foreignNode) Using legacy CPU-only mode.
[07/22/2026-00:35:56] [TRT] [V] Subgraph compilation completed in 0.489 seconds.
[07/22/2026-00:35:56] [TRT] [V] Tactic: 0x0000000000000000 Time: 0
[07/22/2026-00:35:56] [TRT] [V] {ForeignNode[node_conv2d...ONNXTRT_castHelper_9]} [profile 1] (Myelin[0x80000023]) profiling completed in 0.495657 seconds. Fastest Tactic: 0x0000000000000000 Time: 0
[07/22/2026-00:35:56] [TRT] [V] >>>>>>>>>>>>>>> Chose Runner Type: Myelin Tactic: 0x0000000000000000
[07/22/2026-00:35:56] [TRT] [V] =============== Computing reformatting costs for available format set
[07/22/2026-00:35:56] [TRT] [V] =============== Computing reformatting costs for available format set
[07/22/2026-00:35:56] [TRT] [V] =============== Computing reformatting costs for available format set
[07/22/2026-00:35:56] [TRT] [V] Formats and tactics selection completed in 0.50013 seconds.
[07/22/2026-00:35:56] [TRT] [V] After reformat layers: 1 layers
[07/22/2026-00:35:56] [TRT] [V] Total number of blocks in pre-optimized block assignment: 1
[07/22/2026-00:35:56] [TRT] [I] Detected 1 inputs and 2 output network tensors.
[07/22/2026-00:35:56] [TRT] [V] Layer: {ForeignNode[node_conv2d...ONNXTRT_castHelper_9]} [profile 1] Host Persistent: 80 bytes Device Persistent: 0 bytes Scratch Memory: 591872 bytes
[07/22/2026-00:35:56] [TRT] [V] Skipped printing memory information for 0 layers with 0 memory size i.e. Host Persistent + Device Persistent + Scratch Memory == 0.
[07/22/2026-00:35:56] [TRT] [I] Total Host Persistent Memory: 80 bytes
[07/22/2026-00:35:56] [TRT] [I] Total Device Persistent Memory: 0 bytes
[07/22/2026-00:35:56] [TRT] [I] Max Scratch Memory: 591872 bytes
[07/22/2026-00:35:56] [TRT] [I] [BlockAssignment] Started assigning block shifts. This will take 1 steps to complete.
[07/22/2026-00:35:56] [TRT] [I] [BlockAssignment] Algorithm ShiftNTopDown took 0.004389ms to assign 1 blocks to 1 nodes requiring 591872 bytes.
[07/22/2026-00:35:56] [TRT] [V] Total number of blocks in optimized block assignment: 1
[07/22/2026-00:35:56] [TRT] [I] Total Activation Memory: 591872 bytes
[07/22/2026-00:35:56] [TRT] [I] Total Weights Memory: 13098880 bytes
[07/22/2026-00:35:56] [TRT] [V] Total number of generated kernels selected for the engine: 0
[07/22/2026-00:35:56] [TRT] [I] Compiler backend is used during engine execution.
[07/22/2026-00:35:56] [TRT] [V] Disabling unused tactic source: EDGE_MASK_CONVOLUTIONS
[07/22/2026-00:35:56] [TRT] [V] Disabling unused tactic source: JIT_CONVOLUTIONS
[07/22/2026-00:35:56] [TRT] [I] Engine generation completed in 6.17128 seconds.
[07/22/2026-00:35:56] [TRT] [V] Engine Layer Information:
Layer(Myelin): {ForeignNode[node_conv2d...ONNXTRT_castHelper_9]}, Tactic: 0x0000000000000000, x (Float[-1,1,28,28]) -> y (Float[-1,10]), z (Int64[-1])
Layer(Myelin): {ForeignNode[node_conv2d...ONNXTRT_castHelper_9]} [profile 1], Tactic: 0x0000000000000000, x [profile 1] (Float[-1,1,28,28]) -> y [profile 1] (Float[-1,10]), z [profile 1] (Int64[-1])
[07/22/2026-00:35:56] [TRT] [I] [MemUsageStats] Peak memory usage of TRT CPU/GPU memory allocators: CPU 0 MiB, GPU 12 MiB
[07/22/2026-00:35:56] [TRT] [V] Adding 1 engine(s) to plan file.
[07/22/2026-00:35:56] [TRT] [V] Adding 1 engine weights(s) to plan file.
[07/22/2026-00:35:56] [TRT] [I] Loaded engine size: 12 MiB
[07/22/2026-00:35:56] [TRT] [V] Deserialization required 1018 microseconds.
[07/22/2026-00:35:56] [TRT] [V] Total per-runner device persistent memory is 0
[07/22/2026-00:35:56] [TRT] [V] Total per-runner host persistent memory is 160
[07/22/2026-00:35:56] [TRT] [V] Allocated device scratch memory of size 591872
[07/22/2026-00:35:56] [TRT] [V] - Runner scratch: 591872 bytes
[07/22/2026-00:35:56] [TRT] [I] [MemUsageChange] TensorRT-managed allocation in IExecutionContext creation: CPU +0, GPU +1, now: CPU 0, GPU 13 (MiB)
[07/22/2026-00:35:56] [TRT] [V] CUDA lazy loading is enabled.
[07/22/2026-00:35:56] [TRT] [W] Using default stream in enqueueV3() may lead to performance issues due to additional calls to cudaStreamSynchronize() by TensorRT to ensure correct synchronization. Please use non-default stream instead.
[07/22/2026-00:35:57] [TRT] [V] Trying to load shared library libnvinfer_builder_resource_sm100.so.11.0.0
[07/22/2026-00:35:57] [TRT] [V] Loaded shared library libnvinfer_builder_resource_sm100.so.11.0.0
[07/22/2026-00:35:57] [TRT] [V] CUDA lazy loading is enabled.
[07/22/2026-00:35:57] [TRT] [I] ----------------------------------------------------------------
[07/22/2026-00:35:57] [TRT] [I] Input filename:   /work/trt-samples-for-hackathon-cn/cookbook/00-Data/model/model-trained.onnx
[07/22/2026-00:35:57] [TRT] [I] ONNX IR version:  0.0.10
[07/22/2026-00:35:57] [TRT] [I] Opset version:    18
[07/22/2026-00:35:57] [TRT] [I] Producer name:    pytorch
[07/22/2026-00:35:57] [TRT] [I] Producer version: 2.11.0a0+a6c236b9fd.nv26.03.46836102
[07/22/2026-00:35:57] [TRT] [I] Domain:           
[07/22/2026-00:35:57] [TRT] [I] Model version:    0
[07/22/2026-00:35:57] [TRT] [I] Doc string:       
[07/22/2026-00:35:57] [TRT] [I] ----------------------------------------------------------------
[07/22/2026-00:35:57] [TRT] [V] Adding network input: x with dtype: float32, dimensions: (-1, 1, 28, 28)
[07/22/2026-00:35:57] [TRT] [V] Registering tensor: x for ONNX tensor: x
[07/22/2026-00:35:57] [TRT] [V] Importing initializer: conv1.weight
[07/22/2026-00:35:57] [TRT] [V] Importing initializer: conv1.bias
[07/22/2026-00:35:57] [TRT] [V] Importing initializer: conv2.weight
[07/22/2026-00:35:57] [TRT] [V] Importing initializer: conv2.bias
[07/22/2026-00:35:57] [TRT] [V] Importing initializer: gemm1.weight
[07/22/2026-00:35:57] [TRT] [V] Importing initializer: gemm1.bias
[07/22/2026-00:35:57] [TRT] [V] Importing initializer: gemm2.weight
[07/22/2026-00:35:57] [TRT] [V] Importing initializer: gemm2.bias
[07/22/2026-00:35:57] [TRT] [V] Importing initializer: val_5
[07/22/2026-00:35:57] [TRT] [V] Static check for parsing node: node_conv2d [Conv]
[07/22/2026-00:35:57] [TRT] [V] Parsing node: node_conv2d [Conv]
[07/22/2026-00:35:57] [TRT] [V] Searching for input: x
[07/22/2026-00:35:57] [TRT] [V] Searching for input: conv1.weight
[07/22/2026-00:35:57] [TRT] [V] Searching for input: conv1.bias
[07/22/2026-00:35:57] [TRT] [V] node_conv2d [Conv] inputs: [x -> (-1, 1, 28, 28)[FLOAT]], [conv1.weight -> (32, 1, 5, 5)[FLOAT]], [conv1.bias -> (32)[FLOAT]], 
[07/22/2026-00:35:57] [TRT] [V] Convolution input dimensions: (-1, 1, 28, 28)
[07/22/2026-00:35:57] [TRT] [V] Registering layer: node_conv2d for ONNX node: node_conv2d
[07/22/2026-00:35:57] [TRT] [V] Using kernel: (5, 5), strides: (1, 1), prepadding: (2, 2), postpadding: (2, 2), dilations: (1, 1), numOutputs: 32, nbGroups: 1
[07/22/2026-00:35:57] [TRT] [V] Convolution output dimensions: (-1, 32, 28, 28)
[07/22/2026-00:35:57] [TRT] [V] Registering tensor: conv2d for ONNX tensor: conv2d
[07/22/2026-00:35:57] [TRT] [V] node_conv2d [Conv] outputs: [conv2d -> (-1, 32, 28, 28)[FLOAT]], 
[07/22/2026-00:35:57] [TRT] [V] Static check for parsing node: node_relu [Relu]
[07/22/2026-00:35:57] [TRT] [V] Parsing node: node_relu [Relu]
[07/22/2026-00:35:57] [TRT] [V] Searching for input: conv2d
[07/22/2026-00:35:57] [TRT] [V] node_relu [Relu] inputs: [conv2d -> (-1, 32, 28, 28)[FLOAT]], 
[07/22/2026-00:35:57] [TRT] [V] Registering layer: node_relu for ONNX node: node_relu
[07/22/2026-00:35:57] [TRT] [V] Registering tensor: relu for ONNX tensor: relu
[07/22/2026-00:35:57] [TRT] [V] node_relu [Relu] outputs: [relu -> (-1, 32, 28, 28)[FLOAT]], 
[07/22/2026-00:35:57] [TRT] [V] Static check for parsing node: node_max_pool2d [MaxPool]
[07/22/2026-00:35:57] [TRT] [V] Parsing node: node_max_pool2d [MaxPool]
[07/22/2026-00:35:57] [TRT] [V] Searching for input: relu
[07/22/2026-00:35:57] [TRT] [V] node_max_pool2d [MaxPool] inputs: [relu -> (-1, 32, 28, 28)[FLOAT]], 
[07/22/2026-00:35:57] [TRT] [V] Registering layer: node_max_pool2d for ONNX node: node_max_pool2d
[07/22/2026-00:35:57] [TRT] [V] Registering tensor: max_pool2d for ONNX tensor: max_pool2d
[07/22/2026-00:35:57] [TRT] [V] node_max_pool2d [MaxPool] outputs: [max_pool2d -> (-1, 32, 14, 14)[FLOAT]], 
[07/22/2026-00:35:57] [TRT] [V] Static check for parsing node: node_conv2d_1 [Conv]
[07/22/2026-00:35:57] [TRT] [V] Parsing node: node_conv2d_1 [Conv]
[07/22/2026-00:35:57] [TRT] [V] Searching for input: max_pool2d
[07/22/2026-00:35:57] [TRT] [V] Searching for input: conv2.weight
[07/22/2026-00:35:57] [TRT] [V] Searching for input: conv2.bias
[07/22/2026-00:35:57] [TRT] [V] node_conv2d_1 [Conv] inputs: [max_pool2d -> (-1, 32, 14, 14)[FLOAT]], [conv2.weight -> (64, 32, 5, 5)[FLOAT]], [conv2.bias -> (64)[FLOAT]], 
[07/22/2026-00:35:57] [TRT] [V] Convolution input dimensions: (-1, 32, 14, 14)
[07/22/2026-00:35:57] [TRT] [V] Registering layer: node_conv2d_1 for ONNX node: node_conv2d_1
[07/22/2026-00:35:57] [TRT] [V] Using kernel: (5, 5), strides: (1, 1), prepadding: (2, 2), postpadding: (2, 2), dilations: (1, 1), numOutputs: 64, nbGroups: 1
[07/22/2026-00:35:57] [TRT] [V] Convolution output dimensions: (-1, 64, 14, 14)
[07/22/2026-00:35:57] [TRT] [V] Registering tensor: conv2d_1 for ONNX tensor: conv2d_1
[07/22/2026-00:35:57] [TRT] [V] node_conv2d_1 [Conv] outputs: [conv2d_1 -> (-1, 64, 14, 14)[FLOAT]], 
[07/22/2026-00:35:57] [TRT] [V] Static check for parsing node: node_relu_1 [Relu]
[07/22/2026-00:35:57] [TRT] [V] Parsing node: node_relu_1 [Relu]
[07/22/2026-00:35:57] [TRT] [V] Searching for input: conv2d_1
[07/22/2026-00:35:57] [TRT] [V] node_relu_1 [Relu] inputs: [conv2d_1 -> (-1, 64, 14, 14)[FLOAT]], 
[07/22/2026-00:35:57] [TRT] [V] Registering layer: node_relu_1 for ONNX node: node_relu_1
[07/22/2026-00:35:57] [TRT] [V] Registering tensor: relu_1 for ONNX tensor: relu_1
[07/22/2026-00:35:57] [TRT] [V] node_relu_1 [Relu] outputs: [relu_1 -> (-1, 64, 14, 14)[FLOAT]], 
[07/22/2026-00:35:57] [TRT] [V] Static check for parsing node: node_max_pool2d_1 [MaxPool]
[07/22/2026-00:35:57] [TRT] [V] Parsing node: node_max_pool2d_1 [MaxPool]
[07/22/2026-00:35:57] [TRT] [V] Searching for input: relu_1
[07/22/2026-00:35:57] [TRT] [V] node_max_pool2d_1 [MaxPool] inputs: [relu_1 -> (-1, 64, 14, 14)[FLOAT]], 
[07/22/2026-00:35:57] [TRT] [V] Registering layer: node_max_pool2d_1 for ONNX node: node_max_pool2d_1
[07/22/2026-00:35:57] [TRT] [V] Registering tensor: max_pool2d_1 for ONNX tensor: max_pool2d_1
[07/22/2026-00:35:57] [TRT] [V] node_max_pool2d_1 [MaxPool] outputs: [max_pool2d_1 -> (-1, 64, 7, 7)[FLOAT]], 
[07/22/2026-00:35:57] [TRT] [V] Static check for parsing node: node_view [Reshape]
[07/22/2026-00:35:57] [TRT] [V] Parsing node: node_view [Reshape]
[07/22/2026-00:35:57] [TRT] [V] Searching for input: max_pool2d_1
[07/22/2026-00:35:57] [TRT] [V] Searching for input: val_5
[07/22/2026-00:35:57] [TRT] [V] node_view [Reshape] inputs: [max_pool2d_1 -> (-1, 64, 7, 7)[FLOAT]], [val_5 -> (2)[INT64]], 
[07/22/2026-00:35:57] [TRT] [V] Registering layer: ONNXTRT_ShapeShuffle required by ONNX-TRT
[07/22/2026-00:35:57] [TRT] [V] Registering layer: node_view for ONNX node: node_view
[07/22/2026-00:35:57] [TRT] [V] Registering tensor: view for ONNX tensor: view
[07/22/2026-00:35:57] [TRT] [V] node_view [Reshape] outputs: [view -> (-1, 3136)[FLOAT]], 
[07/22/2026-00:35:57] [TRT] [V] Static check for parsing node: node_linear [Gemm]
[07/22/2026-00:35:57] [TRT] [V] Parsing node: node_linear [Gemm]
[07/22/2026-00:35:57] [TRT] [V] Searching for input: view
[07/22/2026-00:35:57] [TRT] [V] Searching for input: gemm1.weight
[07/22/2026-00:35:57] [TRT] [V] Searching for input: gemm1.bias
[07/22/2026-00:35:57] [TRT] [V] node_linear [Gemm] inputs: [view -> (-1, 3136)[FLOAT]], [gemm1.weight -> (1024, 3136)[FLOAT]], [gemm1.bias -> (1024)[FLOAT]], 
[07/22/2026-00:35:57] [TRT] [V] Registering layer: gemm1.weight required by ONNX-TRT
[07/22/2026-00:35:57] [TRT] [V] Using opA: 0 opB: 1
[07/22/2026-00:35:57] [TRT] [V] Registering layer: node_linear for ONNX node: node_linear
[07/22/2026-00:35:57] [TRT] [V] Registering layer: gemm1.bias required by ONNX-TRT
[07/22/2026-00:35:57] [TRT] [V] Registering layer: ONNXTRT_ShapeShuffle_0 required by ONNX-TRT
[07/22/2026-00:35:57] [TRT] [V] Registering layer: ONNXTRT_Broadcast required by ONNX-TRT
[07/22/2026-00:35:57] [TRT] [V] Registering layer: node_linear_1 for ONNX node: node_linear
[07/22/2026-00:35:57] [TRT] [V] Registering tensor: linear for ONNX tensor: linear
[07/22/2026-00:35:57] [TRT] [V] node_linear [Gemm] outputs: [linear -> (-1, 1024)[FLOAT]], 
[07/22/2026-00:35:57] [TRT] [V] Static check for parsing node: node_relu_2 [Relu]
[07/22/2026-00:35:57] [TRT] [V] Parsing node: node_relu_2 [Relu]
[07/22/2026-00:35:57] [TRT] [V] Searching for input: linear
[07/22/2026-00:35:57] [TRT] [V] node_relu_2 [Relu] inputs: [linear -> (-1, 1024)[FLOAT]], 
[07/22/2026-00:35:57] [TRT] [V] Registering layer: node_relu_2 for ONNX node: node_relu_2
[07/22/2026-00:35:57] [TRT] [V] Registering tensor: relu_2 for ONNX tensor: relu_2
[07/22/2026-00:35:57] [TRT] [V] node_relu_2 [Relu] outputs: [relu_2 -> (-1, 1024)[FLOAT]], 
[07/22/2026-00:35:57] [TRT] [V] Static check for parsing node: node_linear_1 [Gemm]
[07/22/2026-00:35:57] [TRT] [V] Parsing node: node_linear_1 [Gemm]
[07/22/2026-00:35:57] [TRT] [V] Searching for input: relu_2
[07/22/2026-00:35:57] [TRT] [V] Searching for input: gemm2.weight
[07/22/2026-00:35:57] [TRT] [V] Searching for input: gemm2.bias
[07/22/2026-00:35:57] [TRT] [V] node_linear_1 [Gemm] inputs: [relu_2 -> (-1, 1024)[FLOAT]], [gemm2.weight -> (10, 1024)[FLOAT]], [gemm2.bias -> (10)[FLOAT]], 
[07/22/2026-00:35:57] [TRT] [V] Registering layer: gemm2.weight required by ONNX-TRT
[07/22/2026-00:35:57] [TRT] [V] Using opA: 0 opB: 1
[07/22/2026-00:35:57] [TRT] [V] Registering layer: node_linear_1_2 for ONNX node: node_linear_1
[07/22/2026-00:35:57] [TRT] [V] Registering layer: gemm2.bias required by ONNX-TRT
[07/22/2026-00:35:57] [TRT] [V] Registering layer: ONNXTRT_ShapeShuffle_3 required by ONNX-TRT
[07/22/2026-00:35:57] [TRT] [V] Registering layer: ONNXTRT_Broadcast_4 required by ONNX-TRT
[07/22/2026-00:35:57] [TRT] [V] Registering layer: node_linear_1_5 for ONNX node: node_linear_1
[07/22/2026-00:35:57] [TRT] [V] Registering tensor: y_6 for ONNX tensor: y
[07/22/2026-00:35:57] [TRT] [V] node_linear_1 [Gemm] outputs: [y -> (-1, 10)[FLOAT]], 
[07/22/2026-00:35:57] [TRT] [V] Static check for parsing node: node_softmax [Softmax]
[07/22/2026-00:35:57] [TRT] [V] Parsing node: node_softmax [Softmax]
[07/22/2026-00:35:57] [TRT] [V] Searching for input: y
[07/22/2026-00:35:57] [TRT] [V] node_softmax [Softmax] inputs: [y -> (-1, 10)[FLOAT]], 
[07/22/2026-00:35:57] [TRT] [V] Registering layer: node_softmax for ONNX node: node_softmax
[07/22/2026-00:35:57] [TRT] [V] Registering layer: ONNXTRT_ShapeTensor required by ONNX-TRT
[07/22/2026-00:35:57] [TRT] [V] Registering layer: ONNXTRT_castHelper required by ONNX-TRT
[07/22/2026-00:35:57] [TRT] [V] Registering layer: ONNXTRT_ShapeShuffle_7 required by ONNX-TRT
[07/22/2026-00:35:57] [TRT] [V] Registering tensor: softmax for ONNX tensor: softmax
[07/22/2026-00:35:57] [TRT] [V] node_softmax [Softmax] outputs: [softmax -> (-1, 10)[FLOAT]], 
[07/22/2026-00:35:57] [TRT] [V] Static check for parsing node: node_argmax [ArgMax]
[07/22/2026-00:35:57] [TRT] [V] Parsing node: node_argmax [ArgMax]
[07/22/2026-00:35:57] [TRT] [V] Searching for input: softmax
[07/22/2026-00:35:57] [TRT] [V] node_argmax [ArgMax] inputs: [softmax -> (-1, 10)[FLOAT]], 
[07/22/2026-00:35:57] [TRT] [V] Registering layer: node_argmax for ONNX node: node_argmax
[07/22/2026-00:35:57] [TRT] [V] Registering layer: ONNXTRT_castHelper_8 required by ONNX-TRT
[07/22/2026-00:35:57] [TRT] [V] Original shape: (_, 1), squeezing to: (_,)
[07/22/2026-00:35:57] [TRT] [V] Registering layer: ONNXTRT_squeezeTensor required by ONNX-TRT
[07/22/2026-00:35:57] [TRT] [V] Registering layer: ONNXTRT_castHelper_9 required by ONNX-TRT
[07/22/2026-00:35:57] [TRT] [V] Registering tensor: z_10 for ONNX tensor: z
[07/22/2026-00:35:57] [TRT] [V] node_argmax [ArgMax] outputs: [z -> (-1)[INT64]], 
[07/22/2026-00:35:57] [TRT] [V] Marking y_6 as output: y
[07/22/2026-00:35:57] [TRT] [V] Marking z_10 as output: z
[07/22/2026-00:35:57] [TRT] [W] ModelImporter.cpp:1047: Make sure output z has Int64 binding.
[07/22/2026-00:35:57] [TRT] [V] Compiler backend convergence mode enabled
[07/22/2026-00:35:57] [TRT] [I] [MemUsageChange] Init builder kernel library: CPU -314, GPU +4, now: CPU 5500, GPU 645 (MiB)
[07/22/2026-00:35:57] [TRT] [V] Original: 24 layers
[07/22/2026-00:35:57] [TRT] [V] After dead-layer removal: 24 layers
[07/22/2026-00:35:57] [TRT] [V] SYMBOLIC CHECKS
[07/22/2026-00:35:57] [TRT] [V] GRAPH NODES
[07/22/2026-00:35:57] [TRT] [V] CONSTANT gemm1.weight
[07/22/2026-00:35:57] [TRT] [V]     Output 0
[07/22/2026-00:35:57] [TRT] [V]         1024	1024
[07/22/2026-00:35:57] [TRT] [V]         3136	3136
[07/22/2026-00:35:57] [TRT] [V] CONSTANT gemm1.bias
[07/22/2026-00:35:57] [TRT] [V]     Output 0
[07/22/2026-00:35:57] [TRT] [V]         1024	1024
[07/22/2026-00:35:57] [TRT] [V] CONSTANT gemm2.weight
[07/22/2026-00:35:57] [TRT] [V]     Output 0
[07/22/2026-00:35:57] [TRT] [V]         10	10
[07/22/2026-00:35:57] [TRT] [V]         1024	1024
[07/22/2026-00:35:57] [TRT] [V] CONSTANT gemm2.bias
[07/22/2026-00:35:57] [TRT] [V]     Output 0
[07/22/2026-00:35:57] [TRT] [V]         10	10
[07/22/2026-00:35:57] [TRT] [V] CONVOLUTION node_conv2d
[07/22/2026-00:35:57] [TRT] [V]     Input 0
[07/22/2026-00:35:57] [TRT] [V]         [1,4]	nBS
[07/22/2026-00:35:57] [TRT] [V]         1	1
[07/22/2026-00:35:57] [TRT] [V]         28	28
[07/22/2026-00:35:57] [TRT] [V]         28	28
[07/22/2026-00:35:57] [TRT] [V]     Output 0
[07/22/2026-00:35:57] [TRT] [V]         [1,4]	nBS
[07/22/2026-00:35:57] [TRT] [V]         32	32
[07/22/2026-00:35:57] [TRT] [V]         28	28
[07/22/2026-00:35:57] [TRT] [V]         28	28
[07/22/2026-00:35:57] [TRT] [V] SHUFFLE ONNXTRT_Broadcast
[07/22/2026-00:35:57] [TRT] [V]     Input 0
[07/22/2026-00:35:57] [TRT] [V]         1024	1024
[07/22/2026-00:35:57] [TRT] [V]     Output 0
[07/22/2026-00:35:57] [TRT] [V]         1	1
[07/22/2026-00:35:57] [TRT] [V]         1024	1024
[07/22/2026-00:35:57] [TRT] [V] SHUFFLE ONNXTRT_Broadcast_4
[07/22/2026-00:35:57] [TRT] [V]     Input 0
[07/22/2026-00:35:57] [TRT] [V]         10	10
[07/22/2026-00:35:57] [TRT] [V]     Output 0
[07/22/2026-00:35:57] [TRT] [V]         1	1
[07/22/2026-00:35:57] [TRT] [V]         10	10
[07/22/2026-00:35:57] [TRT] [V] ACTIVATION node_relu
[07/22/2026-00:35:57] [TRT] [V]     Input 0
[07/22/2026-00:35:57] [TRT] [V]         [1,4]	nBS
[07/22/2026-00:35:57] [TRT] [V]         32	32
[07/22/2026-00:35:57] [TRT] [V]         28	28
[07/22/2026-00:35:57] [TRT] [V]         28	28
[07/22/2026-00:35:57] [TRT] [V]     Output 0
[07/22/2026-00:35:57] [TRT] [V]         [1,4]	nBS
[07/22/2026-00:35:57] [TRT] [V]         32	32
[07/22/2026-00:35:57] [TRT] [V]         28	28
[07/22/2026-00:35:57] [TRT] [V]         28	28
[07/22/2026-00:35:57] [TRT] [V] POOLING node_max_pool2d
[07/22/2026-00:35:57] [TRT] [V]     Input 0
[07/22/2026-00:35:57] [TRT] [V]         [1,4]	nBS
[07/22/2026-00:35:57] [TRT] [V]         32	32
[07/22/2026-00:35:57] [TRT] [V]         28	28
[07/22/2026-00:35:57] [TRT] [V]         28	28
[07/22/2026-00:35:57] [TRT] [V]     Output 0
[07/22/2026-00:35:57] [TRT] [V]         [1,4]	nBS
[07/22/2026-00:35:57] [TRT] [V]         32	32
[07/22/2026-00:35:57] [TRT] [V]         14	14
[07/22/2026-00:35:57] [TRT] [V]         14	14
[07/22/2026-00:35:57] [TRT] [V] CONVOLUTION node_conv2d_1
[07/22/2026-00:35:57] [TRT] [V]     Input 0
[07/22/2026-00:35:57] [TRT] [V]         [1,4]	nBS
[07/22/2026-00:35:57] [TRT] [V]         32	32
[07/22/2026-00:35:57] [TRT] [V]         14	14
[07/22/2026-00:35:57] [TRT] [V]         14	14
[07/22/2026-00:35:57] [TRT] [V]     Output 0
[07/22/2026-00:35:57] [TRT] [V]         [1,4]	nBS
[07/22/2026-00:35:57] [TRT] [V]         64	64
[07/22/2026-00:35:57] [TRT] [V]         14	14
[07/22/2026-00:35:57] [TRT] [V]         14	14
[07/22/2026-00:35:57] [TRT] [V] ACTIVATION node_relu_1
[07/22/2026-00:35:57] [TRT] [V]     Input 0
[07/22/2026-00:35:57] [TRT] [V]         [1,4]	nBS
[07/22/2026-00:35:57] [TRT] [V]         64	64
[07/22/2026-00:35:57] [TRT] [V]         14	14
[07/22/2026-00:35:57] [TRT] [V]         14	14
[07/22/2026-00:35:57] [TRT] [V]     Output 0
[07/22/2026-00:35:57] [TRT] [V]         [1,4]	nBS
[07/22/2026-00:35:57] [TRT] [V]         64	64
[07/22/2026-00:35:57] [TRT] [V]         14	14
[07/22/2026-00:35:57] [TRT] [V]         14	14
[07/22/2026-00:35:57] [TRT] [V] POOLING node_max_pool2d_1
[07/22/2026-00:35:57] [TRT] [V]     Input 0
[07/22/2026-00:35:57] [TRT] [V]         [1,4]	nBS
[07/22/2026-00:35:57] [TRT] [V]         64	64
[07/22/2026-00:35:57] [TRT] [V]         14	14
[07/22/2026-00:35:57] [TRT] [V]         14	14
[07/22/2026-00:35:57] [TRT] [V]     Output 0
[07/22/2026-00:35:57] [TRT] [V]         [1,4]	nBS
[07/22/2026-00:35:57] [TRT] [V]         64	64
[07/22/2026-00:35:57] [TRT] [V]         7	7
[07/22/2026-00:35:57] [TRT] [V]         7	7
[07/22/2026-00:35:57] [TRT] [V] SHUFFLE node_view
[07/22/2026-00:35:57] [TRT] [V]     Input 0
[07/22/2026-00:35:57] [TRT] [V]         [1,4]	nBS
[07/22/2026-00:35:57] [TRT] [V]         64	64
[07/22/2026-00:35:57] [TRT] [V]         7	7
[07/22/2026-00:35:57] [TRT] [V]         7	7
[07/22/2026-00:35:57] [TRT] [V]     Output 0
[07/22/2026-00:35:57] [TRT] [V]         [1,4]	nBS
[07/22/2026-00:35:57] [TRT] [V]         3136	3136
[07/22/2026-00:35:57] [TRT] [V] MATRIX_MULTIPLY node_linear
[07/22/2026-00:35:57] [TRT] [V]     Input 0
[07/22/2026-00:35:57] [TRT] [V]         [1,4]	nBS
[07/22/2026-00:35:57] [TRT] [V]         3136	3136
[07/22/2026-00:35:57] [TRT] [V]     Input 1
[07/22/2026-00:35:57] [TRT] [V]         1024	1024
[07/22/2026-00:35:57] [TRT] [V]         3136	3136
[07/22/2026-00:35:57] [TRT] [V]     Output 0
[07/22/2026-00:35:57] [TRT] [V]         [1,4]	nBS
[07/22/2026-00:35:57] [TRT] [V]         1024	1024
[07/22/2026-00:35:57] [TRT] [V] ELEMENTWISE node_linear_1
[07/22/2026-00:35:57] [TRT] [V]     Input 0
[07/22/2026-00:35:57] [TRT] [V]         [1,4]	nBS
[07/22/2026-00:35:57] [TRT] [V]         1024	1024
[07/22/2026-00:35:57] [TRT] [V]     Input 1
[07/22/2026-00:35:57] [TRT] [V]         1	1
[07/22/2026-00:35:57] [TRT] [V]         1024	1024
[07/22/2026-00:35:57] [TRT] [V]     Output 0
[07/22/2026-00:35:57] [TRT] [V]         [1,4]	nBS
[07/22/2026-00:35:57] [TRT] [V]         1024	1024
[07/22/2026-00:35:57] [TRT] [V] ACTIVATION node_relu_2
[07/22/2026-00:35:57] [TRT] [V]     Input 0
[07/22/2026-00:35:57] [TRT] [V]         [1,4]	nBS
[07/22/2026-00:35:57] [TRT] [V]         1024	1024
[07/22/2026-00:35:57] [TRT] [V]     Output 0
[07/22/2026-00:35:57] [TRT] [V]         [1,4]	nBS
[07/22/2026-00:35:57] [TRT] [V]         1024	1024
[07/22/2026-00:35:57] [TRT] [V] MATRIX_MULTIPLY node_linear_1_2
[07/22/2026-00:35:57] [TRT] [V]     Input 0
[07/22/2026-00:35:57] [TRT] [V]         [1,4]	nBS
[07/22/2026-00:35:57] [TRT] [V]         1024	1024
[07/22/2026-00:35:57] [TRT] [V]     Input 1
[07/22/2026-00:35:57] [TRT] [V]         10	10
[07/22/2026-00:35:57] [TRT] [V]         1024	1024
[07/22/2026-00:35:57] [TRT] [V]     Output 0
[07/22/2026-00:35:57] [TRT] [V]         [1,4]	nBS
[07/22/2026-00:35:57] [TRT] [V]         10	10
[07/22/2026-00:35:57] [TRT] [V] ELEMENTWISE node_linear_1_5
[07/22/2026-00:35:57] [TRT] [V]     Input 0
[07/22/2026-00:35:57] [TRT] [V]         [1,4]	nBS
[07/22/2026-00:35:57] [TRT] [V]         10	10
[07/22/2026-00:35:57] [TRT] [V]     Input 1
[07/22/2026-00:35:57] [TRT] [V]         1	1
[07/22/2026-00:35:57] [TRT] [V]         10	10
[07/22/2026-00:35:57] [TRT] [V]     Output 0
[07/22/2026-00:35:57] [TRT] [V]         [1,4]	nBS
[07/22/2026-00:35:57] [TRT] [V]         10	10
[07/22/2026-00:35:57] [TRT] [V] SOFTMAX node_softmax
[07/22/2026-00:35:57] [TRT] [V]     Input 0
[07/22/2026-00:35:57] [TRT] [V]         [1,4]	nBS
[07/22/2026-00:35:57] [TRT] [V]         10	10
[07/22/2026-00:35:57] [TRT] [V]     Output 0
[07/22/2026-00:35:57] [TRT] [V]         [1,4]	nBS
[07/22/2026-00:35:57] [TRT] [V]         10	10
[07/22/2026-00:35:57] [TRT] [V] SHUFFLE ONNXTRT_ShapeShuffle_7
[07/22/2026-00:35:57] [TRT] [V]     Input 0
[07/22/2026-00:35:57] [TRT] [V]         [1,4]	nBS
[07/22/2026-00:35:57] [TRT] [V]         10	10
[07/22/2026-00:35:57] [TRT] [V]     Output 0
[07/22/2026-00:35:57] [TRT] [V]         [1,4]	nBS
[07/22/2026-00:35:57] [TRT] [V]         10	10
[07/22/2026-00:35:57] [TRT] [V] TOPK node_argmax
[07/22/2026-00:35:57] [TRT] [V]     Input 0
[07/22/2026-00:35:57] [TRT] [V]         [1,4]	nBS
[07/22/2026-00:35:57] [TRT] [V]         10	10
[07/22/2026-00:35:57] [TRT] [V]     Output 0
[07/22/2026-00:35:57] [TRT] [V]         [1,4]	nBS
[07/22/2026-00:35:57] [TRT] [V]         1	1
[07/22/2026-00:35:57] [TRT] [V]     Output 1
[07/22/2026-00:35:57] [TRT] [V]         [1,4]	nBS
[07/22/2026-00:35:57] [TRT] [V]         1	1
[07/22/2026-00:35:57] [TRT] [V] CAST ONNXTRT_castHelper_8
[07/22/2026-00:35:57] [TRT] [V]     Input 0
[07/22/2026-00:35:57] [TRT] [V]         [1,4]	nBS
[07/22/2026-00:35:57] [TRT] [V]         1	1
[07/22/2026-00:35:57] [TRT] [V]     Output 0
[07/22/2026-00:35:57] [TRT] [V]         [1,4]	nBS
[07/22/2026-00:35:57] [TRT] [V]         1	1
[07/22/2026-00:35:57] [TRT] [V] SHUFFLE ONNXTRT_squeezeTensor
[07/22/2026-00:35:57] [TRT] [V]     Input 0
[07/22/2026-00:35:57] [TRT] [V]         [1,4]	nBS
[07/22/2026-00:35:57] [TRT] [V]         1	1
[07/22/2026-00:35:57] [TRT] [V]     Output 0
[07/22/2026-00:35:57] [TRT] [V]         [1,4]	nBS
[07/22/2026-00:35:57] [TRT] [V] CAST ONNXTRT_castHelper_9
[07/22/2026-00:35:57] [TRT] [V]     Input 0
[07/22/2026-00:35:57] [TRT] [V]         [1,4]	nBS
[07/22/2026-00:35:57] [TRT] [V]     Output 0
[07/22/2026-00:35:57] [TRT] [V]         [1,4]	nBS
[07/22/2026-00:35:57] [TRT] [V] Graph construction completed in 0.0298056 seconds.
[07/22/2026-00:35:57] [TRT] [V] After adding DebugOutput nodes: 24 layers
[07/22/2026-00:35:57] [TRT] [V] Running: ConstShuffleFusion on gemm1.bias
[07/22/2026-00:35:57] [TRT] [V] ConstShuffleFusion: Fusing gemm1.bias with ONNXTRT_Broadcast
[07/22/2026-00:35:57] [TRT] [V] Running: ConstShuffleFusion on gemm2.bias
[07/22/2026-00:35:57] [TRT] [V] ConstShuffleFusion: Fusing gemm2.bias with ONNXTRT_Broadcast_4
[07/22/2026-00:35:57] [TRT] [V] Running: ShuffleErasure on ONNXTRT_ShapeShuffle_7
[07/22/2026-00:35:57] [TRT] [V] Removing ONNXTRT_ShapeShuffle_7
[07/22/2026-00:35:57] [TRT] [V] After Myelin optimization: 1 layers
[07/22/2026-00:35:57] [TRT] [V] Applying ScaleNodes fusions.
[07/22/2026-00:35:57] [TRT] [V] After scale fusion: 1 layers
[07/22/2026-00:35:57] [TRT] [V] After dupe layer removal: 1 layers
[07/22/2026-00:35:57] [TRT] [V] After final dead-layer removal: 1 layers
[07/22/2026-00:35:57] [TRT] [V] After tensor merging: 1 layers
[07/22/2026-00:35:57] [TRT] [V] After vertical fusions: 1 layers
[07/22/2026-00:35:57] [TRT] [V] After dupe layer removal: 1 layers
[07/22/2026-00:35:57] [TRT] [V] After final dead-layer removal: 1 layers
[07/22/2026-00:35:57] [TRT] [V] After tensor merging: 1 layers
[07/22/2026-00:35:57] [TRT] [V] After slice removal: 1 layers
[07/22/2026-00:35:57] [TRT] [V] After concat removal: 1 layers
[07/22/2026-00:35:57] [TRT] [V] Trying to split Reshape and strided tensor
[07/22/2026-00:35:57] [TRT] [V] Graph optimization time: 0.00873166 seconds.
[07/22/2026-00:35:57] [TRT] [V] Building graph using backend strategy 2
[07/22/2026-00:35:57] [TRT] [I] Local timing cache in use. Profiling results in this builder pass will not be stored.
[07/22/2026-00:35:57] [TRT] [V] Constructing optimization profile number 0 [1/2].
[07/22/2026-00:35:57] [TRT] [V] Applying generic optimizations to the graph for inference.
[07/22/2026-00:35:57] [TRT] [V] Reserving memory for host IO tensors. Host: 0 bytes
[07/22/2026-00:35:57] [TRT] [V] =============== Computing costs for {ForeignNode[node_conv2d...ONNXTRT_castHelper_9]}
[07/22/2026-00:35:57] [TRT] [V] ForeignNode {ForeignNode[node_conv2d...ONNXTRT_castHelper_9]} metadata: [ONNX Layer: node_conv2d][ONNX Layer: node_relu][ONNX Layer: node_max_pool2d][ONNX Layer: node_conv2d_1][ONNX Layer: node_relu_1][ONNX Layer: node_max_pool2d_1][ONNX Layer: node_view][ONNX Layer: node_linear][ONNX Layer: node_relu_2][ONNX Layer: node_linear_1][ONNX Layer: node_softmax][ONNX Layer: node_argmax]
[07/22/2026-00:35:57] [TRT] [V] *************** Autotuning format combination: Float(784,784,28,1) -> Float(10,1), Int64(1) ***************
[07/22/2026-00:35:57] [TRT] [V] --------------- Timing Runner: {ForeignNode[node_conv2d...ONNXTRT_castHelper_9]} (Myelin[0x80000023])
[07/22/2026-00:35:57] [TRT] [I] Compiler backend is used during engine build.
[07/22/2026-00:36:02] [TRT] [V]  (foreignNode) Set user's cuda kernel library
[07/22/2026-00:36:02] [TRT] [V]  (foreignNode) Using legacy CPU-only mode.
[07/22/2026-00:36:02] [TRT] [V]  (foreignNode) Autotuning op node_conv2d: [ONNX Layer: node_conv2d][ONNX Layer: node_relu]
[07/22/2026-00:36:02] [TRT] [V]  (foreignNode) Sorted table of all evaluated tactics:
[07/22/2026-00:36:02] [TRT] [V]  (foreignNode) tactic_id, cost(in ms), cost/fastest_cost, prediction_correlation, kernel_name, tactic_hash, tunable_parameter, conv_w2c_input_fold
[07/22/2026-00:36:02] [TRT] [V]  (foreignNode)   62, 0.0039968, 1.00000, 2.56532, sm80_xmma_fprop_implicit_gemm_indexed_wo_smem_f32f32_tf32f32_f32_nhwckrsc_nhwc_tilesize128x16x32_stage1_warpsize4x1x1_g1_tensor16x8x8_aligna4_alignc8, 0x447797f84b244, , 0
[07/22/2026-00:36:02] [TRT] [V]  (foreignNode)   63, 0.0041984, 1.05044, 2.45510, sm80_xmma_fprop_implicit_gemm_indexed_wo_smem_f32f32_tf32f32_f32_nhwckrsc_nhwc_tilesize128x16x32_stage1_warpsize4x1x1_g1_tensor16x8x8_aligna4_alignc4, 0x61203a5779dda, , 0
[07/22/2026-00:36:02] [TRT] [V]  (foreignNode)   49, 0.0046080, 1.15292, 2.00484, sm80_xmma_fprop_implicit_gemm_indexed_wo_smem_f32f32_tf32f32_f32_nhwckrsc_nhwc_tilesize128x32x16_stage1_warpsize4x1x1_g1_tensor16x8x8_aligna4_alignc8, 0x40b656980a6a1, , 0
[07/22/2026-00:36:02] [TRT] [V]  (foreignNode)   77, 0.0047104, 1.17854, 2.28955, sm80_xmma_fprop_implicit_gemm_indexed_wo_smem_f32f32_tf32f32_f32_nhwckrsc_nhwc_tilesize128x16x32_stage1_warpsize4x1x1_g1_tensor16x8x8_aligna4, 0x68bbd65d1a060, , 0
[07/22/2026-00:36:02] [TRT] [V]  (foreignNode)   66, 0.0048096, 1.20336, 2.19427, sm80_xmma_fprop_implicit_gemm_indexed_wo_smem_f32f32_tf32f32_f32_nhwckrsc_nhwc_tilesize128x32x16_stage1_warpsize4x1x1_g1_tensor16x8x8_aligna4, 0x32f0a2fe3851f, , 0
[07/22/2026-00:36:02] [TRT] [V]  (foreignNode)   52, 0.0048128, 1.20416, 1.97088, sm80_xmma_fprop_implicit_gemm_indexed_wo_smem_f32f32_tf32f32_f32_nhwckrsc_nhwc_tilesize128x32x16_stage1_warpsize4x1x1_g1_tensor16x8x8_aligna4_alignc4, 0x4932958f86249, , 0
[07/22/2026-00:36:02] [TRT] [V]  (foreignNode)   16, 0.0048160, 1.20496, 1.29596, sm80_xmma_fprop_implicit_gemm_indexed_wo_smem_f32f32_tf32f32_f32_nhwckrsc_nhwc_tilesize128x16x64_stage1_warpsize4x1x1_g1_tensor16x8x8, 0x53e82ebe669a9, , 0
[07/22/2026-00:36:02] [TRT] [V]  (foreignNode)   19, 0.0050144, 1.25460, 1.32714, sm80_xmma_fprop_implicit_gemm_indexed_wo_smem_f32f32_tf32f32_f32_nhwckrsc_nhwc_tilesize128x16x64_stage1_warpsize4x1x1_g1_tensor16x8x8_alignc4, 0x5e9e9f3b6510b, , 0
[07/22/2026-00:36:02] [TRT] [V]  (foreignNode)   76, 0.0052192, 1.30584, 2.05963, sm80_xmma_fprop_implicit_gemm_indexed_wo_smem_f32f32_tf32f32_f32_nhwckrsc_nhwc_tilesize128x16x64_stage1_warpsize4x1x1_g1_tensor16x8x8_aligna4_alignc8, 0x36b20acc48e3e, , 0
[07/22/2026-00:36:02] [TRT] [V]  (foreignNode)   92, 0.0052224, 1.30665, 2.33431, sm80_xmma_fprop_implicit_gemm_indexed_wo_smem_f32f32_tf32f32_f32_nhwckrsc_nhwc_tilesize128x32x64_stage1_warpsize4x1x1_g1_tensor16x8x8_aligna4_alignc8, 0x45e4a977c1240, , 0
[07/22/2026-00:36:02] [TRT] [V]  (foreignNode)   23, 0.0055296, 1.38351, 1.36145, sm80_xmma_fprop_implicit_gemm_indexed_wo_smem_f32f32_tf32f32_f32_nhwckrsc_nhwc_tilesize128x32x64_stage1_warpsize4x1x1_g1_tensor16x8x8, 0x2bde4e2ffd726, , 0
[07/22/2026-00:36:02] [TRT] [V]  (foreignNode)   34, 0.0056320, 1.40913, 1.44756, sm80_xmma_fprop_implicit_gemm_indexed_wo_smem_f32f32_tf32f32_f32_nhwckrsc_nhwc_tilesize128x32x64_stage1_warpsize4x1x1_g1_tensor16x8x8_alignc8, 0x52a765b97fd00, , 0
[07/22/2026-00:36:02] [TRT] [V]  (foreignNode)   39, 0.0058368, 1.46037, 1.42017, sm80_xmma_fprop_implicit_gemm_indexed_wo_smem_f32f32_tf32f32_f32_nhwckrsc_nhwc_tilesize128x32x64_stage1_warpsize4x1x1_g1_tensor16x8x8_alignc4, 0x5ca966606ead6, , 0
[07/22/2026-00:36:02] [TRT] [V]  (foreignNode)   28, 0.0060384, 1.51081, 1.29429, sm80_xmma_fprop_implicit_gemm_indexed_wo_smem_f32f32_tf32f32_f32_nhwckrsc_nhwc_tilesize128x32x64_stage1_warpsize4x1x1_g1_tensor16x8x8_aligna8, 0x399cd25e740a2, , 0
[07/22/2026-00:36:02] [TRT] [V]  (foreignNode)   36, 0.0060608, 1.51641, 1.35720, sm80_xmma_fprop_implicit_gemm_indexed_wo_smem_f32f32_tf32f32_f32_nhwckrsc_nhwc_tilesize128x16x64_stage1_warpsize4x1x1_g1_tensor16x8x8_alignc8, 0x2c42b19f834dd, , 0
[07/22/2026-00:36:02] [TRT] [V]  (foreignNode)   46, 0.0061440, 1.53723, 1.45442, sm80_xmma_fprop_implicit_gemm_indexed_wo_smem_f32f32_tf32f32_f32_nhwckrsc_nhwc_tilesize128x16x32_stage1_warpsize4x1x1_g1_tensor16x8x8_aligna8_alignc8, 0x51c3180075f77, , 0
[07/22/2026-00:36:02] [TRT] [V]  (foreignNode)   33, 0.0062464, 1.56285, 1.29804, sm80_xmma_fprop_implicit_gemm_indexed_wo_smem_f32f32_tf32f32_f32_nhwckrsc_nhwc_tilesize128x32x64_stage1_warpsize4x1x1_g1_tensor16x8x8_aligna8_alignc4, 0x36c92cea3ae7c, , 0
[07/22/2026-00:36:02] [TRT] [V]  (foreignNode)   45, 0.0062464, 1.56285, 1.42609, sm80_xmma_fprop_implicit_gemm_indexed_wo_smem_f32f32_tf32f32_f32_nhwckrsc_nhwc_tilesize128x16x32_stage1_warpsize4x1x1_g1_tensor16x8x8_aligna8, 0x56d0b592d555c, , 0
[07/22/2026-00:36:02] [TRT] [V]  (foreignNode)   41, 0.0064416, 1.61169, 1.29317, sm80_xmma_fprop_implicit_gemm_indexed_wo_smem_f32f32_tf32f32_f32_nhwckrsc_nhwc_tilesize128x16x32_stage1_warpsize4x1x1_g1_tensor16x8x8_alignc8, 0x39efcb854db0c, , 0
[07/22/2026-00:36:02] [TRT] [V]  (foreignNode)   42, 0.0064512, 1.61409, 1.29236, sm80_xmma_fprop_implicit_gemm_indexed_wo_smem_f32f32_tf32f32_f32_nhwckrsc_nhwc_tilesize128x16x32_stage1_warpsize4x1x1_g1_tensor16x8x8, 0x4e96e01ba9248, , 0
[07/22/2026-00:36:02] [TRT] [V]  (foreignNode)   47, 0.0064512, 1.61409, 1.38967, sm80_xmma_fprop_implicit_gemm_indexed_wo_smem_f32f32_tf32f32_f32_nhwckrsc_nhwc_tilesize128x16x64_stage1_warpsize4x1x1_g1_tensor16x8x8_aligna8, 0x43ad737d35171, , 0
[07/22/2026-00:36:02] [TRT] [V]  (foreignNode)   48, 0.0066368, 1.66053, 1.36453, sm80_xmma_fprop_implicit_gemm_indexed_wo_smem_f32f32_tf32f32_f32_nhwckrsc_nhwc_tilesize128x16x64_stage1_warpsize4x1x1_g1_tensor16x8x8_aligna8_alignc4, 0x4da24cec60f34, , 0
[07/22/2026-00:36:02] [TRT] [V]  (foreignNode)   43, 0.0066560, 1.66533, 1.26290, sm80_xmma_fprop_implicit_gemm_indexed_wo_smem_f32f32_tf32f32_f32_nhwckrsc_nhwc_tilesize128x16x32_stage1_warpsize4x1x1_g1_tensor16x8x8_alignc4, 0x39ccfb178f0a3, , 0
[07/22/2026-00:36:02] [TRT] [V]  (foreignNode)   13, 0.0072192, 1.80625, 0.78152, sm80_xmma_fprop_implicit_gemm_f32f32_f32f32_f32_nchwkcrs_nchw_tilesize32x32x8_stage3_warpsize1x2x1_g1_ffma_aligna4_alignc4, 0x431ac8662980a, , 0
[07/22/2026-00:36:02] [TRT] [V]  (foreignNode)   84, 0.0074720, 1.86950, 1.48265, sm80_xmma_fprop_implicit_gemm_indexed_wo_smem_f32f32_tf32f32_f32_nhwckrsc_nhwc_tilesize128x32x16_stage1_warpsize4x1x1_g1_tensor16x8x8, 0x65ed69f9242d6, , 0
[07/22/2026-00:36:02] [TRT] [V]  (foreignNode)   73, 0.0074752, 1.87030, 1.41861, sm80_xmma_fprop_implicit_gemm_indexed_wo_smem_f32f32_tf32f32_f32_nhwckrsc_nhwc_tilesize128x32x16_stage1_warpsize4x1x1_g1_tensor16x8x8_aligna8_alignc8, 0x5d3fc97fc5ece, , 0
[07/22/2026-00:36:02] [TRT] [V]  (foreignNode)   81, 0.0074784, 1.87110, 1.47636, sm80_xmma_fprop_implicit_gemm_indexed_wo_smem_f32f32_tf32f32_f32_nhwckrsc_nhwc_tilesize128x32x16_stage1_warpsize4x1x1_g1_tensor16x8x8_alignc8, 0x320f2e828cc56, , 0
[07/22/2026-00:36:02] [TRT] [V]  (foreignNode)   74, 0.0075776, 1.89592, 1.41145, sm80_xmma_fprop_implicit_gemm_indexed_wo_smem_f32f32_tf32f32_f32_nhwckrsc_nhwc_tilesize128x32x16_stage1_warpsize4x1x1_g1_tensor16x8x8_aligna8, 0x4b1795081a257, , 0
[07/22/2026-00:36:02] [TRT] [V]  (foreignNode)   25, 0.0076672, 1.91833, 0.99261, cutlass3x_sm100_tensorop_s128x128x8tf32implicit_gemm_fprop_f32_f32_f32_f32_f32_f32_128x128x32_dyn_cga_ndhwc_ndhwc_ndhwc_align4_2sm_relu_valpha_vbeta, 0x39a08467981a4, cga={2 8 1 1 2 1 1} , 1
[07/22/2026-00:36:02] [TRT] [V]  (foreignNode)   87, 0.0076800, 1.92154, 1.46386, sm80_xmma_fprop_implicit_gemm_indexed_wo_smem_f32f32_tf32f32_f32_nhwckrsc_nhwc_tilesize128x32x16_stage1_warpsize4x1x1_g1_tensor16x8x8_alignc4, 0x2bf76ead0e8e7, , 0
[07/22/2026-00:36:02] [TRT] [V]  (foreignNode)   75, 0.0076832, 1.92234, 1.39508, sm80_xmma_fprop_implicit_gemm_indexed_wo_smem_f32f32_tf32f32_f32_nhwckrsc_nhwc_tilesize128x32x16_stage1_warpsize4x1x1_g1_tensor16x8x8_aligna8_alignc4, 0x34cb1bfa1a587, , 0
[07/22/2026-00:36:02] [TRT] [V]  (foreignNode)   86, 0.0078848, 1.97278, 1.42115, cutlass3x_sm100_tensorop_s128x256x8tf32implicit_gemm_fprop_f32_f32_f32_f32_f32_f32_128x256x32_dyn_cga_ndhwc_ndhwc_ndhwc_align4_2sm_relu_valpha_vbeta, 0x64c4c130b2b15, cga={2 4 1 1 2 1 1} , 1
[07/22/2026-00:36:02] [TRT] [V]  (foreignNode)   50, 0.0078880, 1.97358, 1.17886, cutlass3x_sm100_tensorop_s128x128x8tf32implicit_gemm_fprop_f32_f32_f32_f32_f32_f32_128x128x32_dyn_cga_ndhwc_ndhwc_ndhwc_align4_2sm_relu_valpha_vbeta, 0x524b8b813aebb, cga={2 4 2 1 2 1 1} , 1
[07/22/2026-00:36:02] [TRT] [V]  (foreignNode)   44, 0.0080736, 2.02002, 1.07769, cutlass3x_sm100_tensorop_s128x128x8tf32implicit_gemm_fprop_f32_f32_f32_f32_f32_f32_128x128x32_dyn_cga_ndhwc_ndhwc_ndhwc_align4_2sm_relu_valpha_vbeta, 0x2ab2633c442a5, cga={2 8 2 1 2 1 1} , 1
[07/22/2026-00:36:02] [TRT] [V]  (foreignNode)    9, 0.0080896, 2.02402, 0.54051, sm80_xmma_fprop_implicit_gemm_indexed_f32f32_f32f32_f32_nhwckrsc_nhwc_tilesize32x32x8_stage3_warpsize1x2x1_g1_ffma_aligna4_alignc4, 0x46a1e74539894, , 0
[07/22/2026-00:36:02] [TRT] [V]  (foreignNode)   85, 0.0080896, 2.02402, 1.38324, cutlass3x_sm100_tensorop_s128x256x8tf32implicit_gemm_fprop_f32_f32_f32_f32_f32_f32_128x256x32_dyn_cga_ndhwc_ndhwc_ndhwc_align4_2sm_relu_valpha_vbeta, 0x33a3368ba6b62, cga={2 8 1 1 2 1 1} , 1
[07/22/2026-00:36:02] [TRT] [V]  (foreignNode)   12, 0.0081408, 2.03683, 0.66787, sm80_xmma_fprop_implicit_gemm_indexed_f32f32_f32f32_f32_nchwkcrs_nchw_tilesize32x32x8_stage3_warpsize1x2x1_g1_ffma_aligna4_alignc4, 0x53072733c7601, , 0
[07/22/2026-00:36:02] [TRT] [V]  (foreignNode)   30, 0.0081552, 2.04043, 0.97147, sm80_xmma_fprop_implicit_gemm_f32f32_f32f32_f32_nchwkcrs_nchw_tilesize128x16x8_stage3_warpsize4x1x1_g1_ffma_aligna4_alignc4, 0x4f761254ffcf1, , 0
[07/22/2026-00:36:02] [TRT] [V]  (foreignNode)   11, 0.0081696, 2.04404, 0.63783, sm80_xmma_fprop_implicit_gemm_f32f32_f32f32_f32_nhwckrsc_nhwc_tilesize32x32x8_stage3_warpsize1x2x1_g1_ffma_aligna4_alignc4, 0x6611607d187d4, , 0
[07/22/2026-00:36:02] [TRT] [V]  (foreignNode)   24, 0.0081920, 2.04964, 0.92832, cutlass3x_sm100_tensorop_s128x128x8tf32implicit_gemm_fprop_f32_f32_f32_f32_f32_f32_128x128x32_dyn_cga_ndhwc_ndhwc_ndhwc_align4_2sm_relu_valpha_vbeta, 0x512169c0e6ae4, cga={2 4 1 1 2 1 1} , 1
[07/22/2026-00:36:02] [TRT] [V]  (foreignNode)   59, 0.0083968, 2.10088, 1.16478, cutlass3x_sm100_tensorop_s64x128x8tf32implicit_gemm_fprop_f32_f32_f32_f32_f32_f32_64x128x32_dyn_cga_ndhwc_ndhwc_ndhwc_align4_1sm_relu_valpha_vbeta, 0x3c8c7516f47f0, cga={2 4 2 1 2 1 1} , 1
[07/22/2026-00:36:02] [TRT] [V]  (foreignNode)   68, 0.0086048, 2.15292, 1.22668, cutlass3x_sm100_tensorop_s256x128x8tf32implicit_gemm_fprop_f32_f32_f32_f32_f32_f32_256x128x32_dyn_cga_ndhwc_ndhwc_ndhwc_align4_2sm_relu_valpha_vbeta, 0x2f8b9515c6bf4, cga={2 2 2 1 2 1 1} , 1
[07/22/2026-00:36:02] [TRT] [V]  (foreignNode)   99, 0.0086816, 2.17214, 1.54513, cutlass3x_sm100_tensorop_s256x128x8tf32implicit_gemm_fprop_f32_f32_f32_f32_f32_f32_256x128x32_dyn_cga_ndhwc_ndhwc_ndhwc_align4_2sm_relu_valpha_vbeta, 0x46b86d07bcad2, cga={2 2 4 1 2 1 1} , 1
[07/22/2026-00:36:02] [TRT] [V]  (foreignNode)   88, 0.0086944, 2.17534, 1.32399, cutlass3x_sm100_tensorop_s256x128x8tf32implicit_gemm_fprop_f32_f32_f32_f32_f32_f32_256x128x32_dyn_cga_ndhwc_ndhwc_ndhwc_align4_2sm_relu_valpha_vbeta, 0x3da6f833cc165, cga={2 4 4 1 2 1 1} , 1
[07/22/2026-00:36:02] [TRT] [V]  (foreignNode)   78, 0.0087008, 2.17694, 1.24029, cutlass3x_sm100_tensorop_s64x128x8tf32implicit_gemm_fprop_f32_f32_f32_f32_f32_f32_64x128x32_dyn_cga_ndhwc_ndhwc_ndhwc_align4_1sm_relu_valpha_vbeta, 0x335de326c46e4, cga={2 8 2 1 1 2 1} , 1
[07/22/2026-00:36:02] [TRT] [V]  (foreignNode)   56, 0.0087040, 2.17774, 1.11686, cutlass3x_sm100_tensorop_s64x128x8tf32implicit_gemm_fprop_f32_f32_f32_f32_f32_f32_64x128x32_dyn_cga_ndhwc_ndhwc_ndhwc_align4_1sm_relu_valpha_vbeta, 0x42d6eee2af3c1, cga={2 8 1 1 2 1 1} , 1
[07/22/2026-00:36:02] [TRT] [V]  (foreignNode)   71, 0.0087040, 2.17774, 1.21280, cutlass3x_sm100_tensorop_s256x128x8tf32implicit_gemm_fprop_f32_f32_f32_f32_f32_f32_256x128x32_dyn_cga_ndhwc_ndhwc_ndhwc_align4_2sm_relu_valpha_vbeta, 0x463bd845d6f45, cga={2 4 2 1 2 1 1} , 1
[07/22/2026-00:36:02] [TRT] [V]  (foreignNode)   72, 0.0087072, 2.17854, 1.21318, cutlass3x_sm100_tensorop_s256x128x8tf32implicit_gemm_fprop_f32_f32_f32_f32_f32_f32_256x128x32_dyn_cga_ndhwc_ndhwc_ndhwc_align4_2sm_relu_valpha_vbeta, 0x43715d052237b, cga={2 8 2 1 2 1 1} , 1
[07/22/2026-00:36:02] [TRT] [V]  (foreignNode)   53, 0.0087504, 2.18935, 1.10802, sm80_xmma_fprop_implicit_gemm_f32f32_f32f32_f32_nchwkcrs_nchw_tilesize64x64x8_stage3_warpsize1x4x1_g1_ffma_aligna4_alignc4, 0x52fd2cc1fc4ec, , 0
[07/22/2026-00:36:02] [TRT] [V]  (foreignNode)   14, 0.0087552, 2.19055, 0.68767, sm80_xmma_fprop_implicit_gemm_indexed_f32f32_f32f32_f32_nchwkcrs_nchw_tilesize64x64x8_stage3_warpsize1x4x1_g1_ffma_aligna4_alignc4, 0x50058707ad9d1, , 0
[07/22/2026-00:36:02] [TRT] [V]  (foreignNode)   58, 0.0088064, 2.20336, 1.10936, cutlass3x_sm100_tensorop_s64x128x8tf32implicit_gemm_fprop_f32_f32_f32_f32_f32_f32_64x128x32_dyn_cga_ndhwc_ndhwc_ndhwc_align4_1sm_relu_valpha_vbeta, 0x3c85962b2abe5, cga={2 8 2 1 2 1 1} , 1
[07/22/2026-00:36:02] [TRT] [V]  (foreignNode)   79, 0.0088064, 2.20336, 1.22834, cutlass3x_sm100_tensorop_s64x128x8tf32implicit_gemm_fprop_f32_f32_f32_f32_f32_f32_64x128x32_dyn_cga_ndhwc_ndhwc_ndhwc_align4_1sm_relu_valpha_vbeta, 0x39eb43261733c, cga={2 4 2 1 1 2 1} , 1
[07/22/2026-00:36:02] [TRT] [V]  (foreignNode)   55, 0.0089056, 2.22818, 1.09116, cutlass3x_sm100_tensorop_s64x128x8tf32implicit_gemm_fprop_f32_f32_f32_f32_f32_f32_64x128x32_dyn_cga_ndhwc_ndhwc_ndhwc_align4_1sm_relu_valpha_vbeta, 0x2e38345f24ce6, cga={2 2 1 1 2 1 1} , 1
[07/22/2026-00:36:02] [TRT] [V]  (foreignNode)   38, 0.0089088, 2.22898, 0.93032, cutlass3x_sm100_tensorop_s128x128x8tf32implicit_gemm_fprop_f32_f32_f32_f32_f32_f32_128x128x32_dyn_cga_ndhwc_ndhwc_ndhwc_align4_2sm_relu_valpha_vbeta, 0x2ddf60afb1c3a, cga={2 2 1 1 2 1 1} , 1
[07/22/2026-00:36:02] [TRT] [V]  (foreignNode)   54, 0.0089216, 2.23219, 1.08896, cutlass3x_sm100_tensorop_s64x128x8tf32implicit_gemm_fprop_f32_f32_f32_f32_f32_f32_64x128x32_dyn_cga_ndhwc_ndhwc_ndhwc_align4_1sm_relu_valpha_vbeta, 0x63fab4afced86, cga={2 4 1 1 2 1 1} , 1
[07/22/2026-00:36:02] [TRT] [V]  (foreignNode)   37, 0.0090112, 2.25460, 0.91974, cutlass3x_sm100_tensorop_s128x128x8tf32implicit_gemm_fprop_f32_f32_f32_f32_f32_f32_128x128x32_dyn_cga_ndhwc_ndhwc_ndhwc_align4_2sm_relu_valpha_vbeta, 0x4098bc9a582e5, cga={0 0 0 1 0 0 1} , 1
[07/22/2026-00:36:02] [TRT] [V]  (foreignNode)   67, 0.0092160, 2.30585, 1.14518, cutlass3x_sm100_tensorop_s256x128x8tf32implicit_gemm_fprop_f32_f32_f32_f32_f32_f32_256x128x32_dyn_cga_ndhwc_ndhwc_ndhwc_align4_2sm_relu_valpha_vbeta, 0x453d81e7227d5, cga={2 8 1 1 2 1 1} , 1
[07/22/2026-00:36:02] [TRT] [V]  (foreignNode)   89, 0.0093152, 2.33066, 1.23692, cutlass3x_sm100_tensorop_s128x128x8tf32implicit_gemm_fprop_f32_f32_f32_f32_f32_f32_128x128x32_dyn_cga_ndhwc_ndhwc_ndhwc_align4_2sm_relu_valpha_vbeta, 0x30a9ae9ac00d1, cga={2 2 2 1 2 1 1} , 1
[07/22/2026-00:36:02] [TRT] [V]  (foreignNode)   93, 0.0093184, 2.33147, 1.34066, cutlass3x_sm100_tensorop_s64x128x8tf32implicit_gemm_fprop_f32_f32_f32_f32_f32_f32_64x128x32_dyn_cga_ndhwc_ndhwc_ndhwc_align4_1sm_relu_valpha_vbeta, 0x6131fea00d78e, cga={2 2 2 1 1 2 1} , 1
[07/22/2026-00:36:02] [TRT] [V]  (foreignNode)   82, 0.0094208, 2.35709, 1.17403, cutlass3x_sm100_tensorop_s64x128x8tf32implicit_gemm_fprop_f32_f32_f32_f32_f32_f32_64x128x32_dyn_cga_ndhwc_ndhwc_ndhwc_align4_1sm_relu_valpha_vbeta, 0x328b57f629ef8, cga={0 0 0 1 0 0 1} , 1
[07/22/2026-00:36:02] [TRT] [V]  (foreignNode)   83, 0.0095232, 2.38271, 1.16140, cutlass3x_sm100_tensorop_s64x128x8tf32implicit_gemm_fprop_f32_f32_f32_f32_f32_f32_64x128x32_dyn_cga_ndhwc_ndhwc_ndhwc_align4_1sm_relu_valpha_vbeta, 0x2dedc897174c8, cga={2 1 1 1 1 1 1} , 1
[07/22/2026-00:36:02] [TRT] [V]  (foreignNode)   65, 0.0096256, 2.40833, 1.09582, cutlass3x_sm100_tensorop_s256x128x8tf32implicit_gemm_fprop_f32_f32_f32_f32_f32_f32_256x128x32_dyn_cga_ndhwc_ndhwc_ndhwc_align4_2sm_relu_valpha_vbeta, 0x698792e76b689, cga={2 4 1 1 2 1 1} , 1
[07/22/2026-00:36:02] [TRT] [V]  (foreignNode)   91, 0.0097216, 2.43235, 1.21657, cutlass3x_sm100_tensorop_s64x128x8tf32implicit_gemm_fprop_f32_f32_f32_f32_f32_f32_64x128x32_dyn_cga_ndhwc_ndhwc_ndhwc_align4_1sm_relu_valpha_vbeta, 0x43a99cc829f69, cga={2 2 2 1 2 1 1} , 1
[07/22/2026-00:36:02] [TRT] [V]  (foreignNode)   27, 0.0099328, 2.48519, 0.77484, sm80_xmma_fprop_implicit_gemm_f32f32_f32f32_f32_nhwckrsc_nhwc_tilesize128x16x8_stage3_warpsize4x1x1_g1_ffma_aligna4_alignc4, 0x4ae5e6b95a5f8, , 0
[07/22/2026-00:36:02] [TRT] [V]  (foreignNode)   70, 0.0104384, 2.61169, 1.01122, cutlass3x_sm100_tensorop_s256x128x8tf32implicit_gemm_fprop_f32_f32_f32_f32_f32_f32_256x128x32_dyn_cga_ndhwc_ndhwc_ndhwc_align4_2sm_relu_valpha_vbeta, 0x535a8851f45af, cga={2 2 1 1 2 1 1} , 1
[07/22/2026-00:36:02] [TRT] [V]  (foreignNode)   69, 0.0105472, 2.63891, 1.00079, cutlass3x_sm100_tensorop_s256x128x8tf32implicit_gemm_fprop_f32_f32_f32_f32_f32_f32_256x128x32_dyn_cga_ndhwc_ndhwc_ndhwc_align4_2sm_relu_valpha_vbeta, 0x6897023cbda56, cga={0 0 0 1 0 0 1} , 1
[07/22/2026-00:36:02] [TRT] [V]  (foreignNode)   31, 0.0105936, 2.65052, 0.75801, sm80_xmma_fprop_implicit_gemm_indexed_f32f32_f32f32_f32_nchwkcrs_nchw_tilesize128x32x8_stage3_warpsize2x2x1_g1_ffma_aligna4_alignc4, 0x38b375fe898eb, , 0
[07/22/2026-00:36:02] [TRT] [V]  (foreignNode)   29, 0.0105984, 2.65172, 0.73917, sm80_xmma_fprop_implicit_gemm_indexed_f32f32_f32f32_f32_nchwkcrs_nchw_tilesize128x16x8_stage3_warpsize4x1x1_g1_ffma_aligna4_alignc4, 0x381f105003178, , 0
[07/22/2026-00:36:02] [TRT] [V]  (foreignNode)   98, 0.0106496, 2.66453, 1.24461, cutlass3x_sm100_tensorop_s128x256x8tf32implicit_gemm_fprop_f32_f32_f32_f32_f32_f32_128x256x32_dyn_cga_ndhwc_ndhwc_ndhwc_align4_2sm_relu_valpha_vbeta, 0x56704b87dfb92, cga={2 2 1 1 2 1 1} , 1
[07/22/2026-00:36:02] [TRT] [V]  (foreignNode)   97, 0.0106528, 2.66533, 1.24423, cutlass3x_sm100_tensorop_s128x256x8tf32implicit_gemm_fprop_f32_f32_f32_f32_f32_f32_128x256x32_dyn_cga_ndhwc_ndhwc_ndhwc_align4_2sm_relu_valpha_vbeta, 0x2c44a9962d227, cga={0 0 0 1 0 0 1} , 1
[07/22/2026-00:36:02] [TRT] [V]  (foreignNode)   60, 0.0110720, 2.77022, 0.89605, sm80_xmma_fprop_implicit_gemm_f32f32_f32f32_f32_nhwckrsc_nhwc_tilesize64x64x8_stage3_warpsize1x4x1_g1_ffma_aligna4_alignc4, 0x531c3b8549188, , 0
[07/22/2026-00:36:02] [TRT] [V]  (foreignNode)   95, 0.0114688, 2.86950, 1.09682, cutlass3x_sm100_tensorop_s128x128x8tf32implicit_gemm_fprop_f32_f32_f32_f32_f32_f32_128x128x32_dyn_cga_ndhwc_ndhwc_ndhwc_align4_1sm_relu_valpha_vbeta, 0x5c331297e0160, cga={2 1 1 1 1 1 1} , 1
[07/22/2026-00:36:02] [TRT] [V]  (foreignNode)   94, 0.0115712, 2.89512, 1.08712, cutlass3x_sm100_tensorop_s128x128x8tf32implicit_gemm_fprop_f32_f32_f32_f32_f32_f32_128x128x32_dyn_cga_ndhwc_ndhwc_ndhwc_align4_1sm_relu_valpha_vbeta, 0x4c8f00b51b7ca, cga={0 0 0 1 0 0 1} , 1
[07/22/2026-00:36:02] [TRT] [V]  (foreignNode)   22, 0.0121344, 3.03603, 0.60794, sm80_xmma_fprop_implicit_gemm_indexed_f32f32_f32f32_f32_nchwkcrs_nchw_tilesize128x64x8_stage2_warpsize1x4x1_g1_ffma_aligna4_alignc4_beta0_packed_stride, 0x491c74b83d98c, , 0
[07/22/2026-00:36:02] [TRT] [V]  (foreignNode)   32, 0.0124320, 3.11049, 0.64824, sm80_xmma_fprop_implicit_gemm_indexed_f32f32_f32f32_f32_nchwkcrs_nchw_tilesize128x64x8_stage2_warpsize2x2x1_g1_ffma_aligna4_alignc4_beta0_packed_stride, 0x6105a76debc1c, , 0
[07/22/2026-00:36:02] [TRT] [V]  (foreignNode)   15, 0.0125952, 3.15132, 0.48805, sm80_xmma_fprop_implicit_gemm_indexed_f32f32_f32f32_f32_nhwckrsc_nhwc_tilesize64x64x8_stage3_warpsize1x4x1_g1_ffma_aligna4_alignc4, 0x45757ccc39352, , 0
[07/22/2026-00:36:02] [TRT] [V]  (foreignNode)   10, 0.0128000, 3.20256, 0.38197, sm80_xmma_fprop_implicit_gemm_indexed_f32f32_f32f32_f32_nhwckrsc_nhwc_tilesize128x16x8_stage3_warpsize4x1x1_g1_ffma_aligna4_alignc4, 0x5c10a53c8e4ee, , 0
[07/22/2026-00:36:02] [TRT] [V]  (foreignNode)    8, 0.0132096, 3.30504, 0.31662, sm80_xmma_fprop_implicit_gemm_f32f32_tf32f32_f32_nhwckrsc_nhwc_tilesize128x128x16_stage4_warpsize2x2x1_g1_tensor16x8x8_t1r5s5, 0x4a22061aa1bca, , 0
[07/22/2026-00:36:02] [TRT] [V]  (foreignNode)    2, 0.0134144, 3.35629, 0.02623, sm80_xmma_fprop_implicit_gemm_f32f32_tf32f32_f32_nhwckrsc_nhwc_tilesize64x32x64_stage5_warpsize2x2x1_g1_tensor16x8x8_t1r5s5, 0x6671027229437, , 0
[07/22/2026-00:36:02] [TRT] [V]  (foreignNode)   21, 0.0136192, 3.40753, 0.51641, sm80_xmma_fprop_implicit_gemm_indexed_f32f32_f32f32_f32_nhwckrsc_nhwc_tilesize128x32x8_stage3_warpsize2x2x1_g1_ffma_aligna4_alignc4, 0x593cc3676fa2f, , 0
[07/22/2026-00:36:02] [TRT] [V]  (foreignNode)   40, 0.0136704, 3.42034, 0.60923, sm80_xmma_fprop_implicit_gemm_indexed_f32f32_f32f32_f32_nchwkcrs_nchw_tilesize128x64x8_stage2_warpsize4x1x1_g1_ffma_aligna4_alignc4_beta0_packed_stride, 0x2ed49b83a1ace, , 0
[07/22/2026-00:36:02] [TRT] [V]  (foreignNode)    1, 0.0140288, 3.51001, 0.01227, sm80_xmma_fprop_implicit_gemm_f32f32_tf32f32_f32_nhwckrsc_nhwc_tilesize64x128x32_stage5_warpsize2x2x1_g1_tensor16x8x8_t1r5s5, 0x50bf9238876a8, , 0
[07/22/2026-00:36:02] [TRT] [V]  (foreignNode)   20, 0.0146432, 3.66373, 0.47314, sm80_xmma_fprop_implicit_gemm_indexed_f32f32_tf32f32_f32_nhwckrsc_nhwc_tilesize64x128x32_stage5_warpsize2x2x1_g1_tensor16x8x8, 0x63349d53d88ef, , 0
[07/22/2026-00:36:02] [TRT] [V]  (foreignNode)    3, 0.0146464, 3.66453, 0.02560, sm80_xmma_fprop_implicit_gemm_f32f32_tf32f32_f32_nhwckrsc_nhwc_tilesize128x64x32_stage5_warpsize2x2x1_g1_tensor16x8x8_t1r5s5, 0x2d7ff302789c4, , 0
[07/22/2026-00:36:02] [TRT] [V]  (foreignNode)   51, 0.0146464, 3.66453, 0.64663, sm80_xmma_fprop_implicit_gemm_indexed_f32f32_tf32f32_f32_nhwckrsc_nhwc_tilesize128x128x16_stage4_warpsize2x2x1_g1_tensor16x8x8, 0x569a5b44f4eab, , 0
[07/22/2026-00:36:02] [TRT] [V]  (foreignNode)   18, 0.0152576, 3.81745, 0.43004, sm80_xmma_fprop_implicit_gemm_indexed_f32f32_tf32f32_f32_nhwckrsc_nhwc_tilesize64x32x64_stage5_warpsize2x2x1_g1_tensor16x8x8, 0x5af5049c6d4f9, , 0
[07/22/2026-00:36:02] [TRT] [V]  (foreignNode)   26, 0.0166912, 4.17614, 0.45904, sm80_xmma_fprop_implicit_gemm_indexed_f32f32_tf32f32_f32_nhwckrsc_nhwc_tilesize128x64x32_stage5_warpsize2x2x1_g1_tensor16x8x8, 0x63102d914fbd2, , 0
[07/22/2026-00:36:02] [TRT] [V]  (foreignNode)    4, 0.0175104, 4.38111, 0.02423, sm80_xmma_fprop_implicit_gemm_f32f32_tf32f32_f32_nhwckrsc_nhwc_tilesize64x64x64_stage4_warpsize2x2x1_g1_tensor16x8x8_t1r5s5, 0x4163a3df68b16, , 0
[07/22/2026-00:36:02] [TRT] [V]  (foreignNode)   17, 0.0181248, 4.53483, 0.34922, sm80_xmma_fprop_implicit_gemm_indexed_f32f32_tf32f32_f32_nhwckrsc_nhwc_tilesize64x64x64_stage4_warpsize2x2x1_g1_tensor16x8x8, 0x2ced820775fe7, , 0
[07/22/2026-00:36:02] [TRT] [V]  (foreignNode)    5, 0.0234496, 5.86709, 0.02017, sm80_xmma_fprop_implicit_gemm_f32f32_tf32f32_f32_nhwckrsc_nhwc_tilesize128x128x32_stage4_warpsize2x2x1_g1_tensor16x8x8_t1r5s5, 0x3c2813949d00d, , 0
[07/22/2026-00:36:02] [TRT] [V]  (foreignNode)    7, 0.0245760, 6.14892, 0.10222, sm80_xmma_fprop_implicit_gemm_f32f32_tf32f32_f32_nhwckrsc_nhwc_tilesize256x64x32_stage3_warpsize4x2x1_g1_tensor16x8x8_t1r5s5, 0x5fe33cf2915df, , 0
[07/22/2026-00:36:02] [TRT] [V]  (foreignNode)   57, 0.0255840, 6.40112, 0.38048, sm80_xmma_fprop_implicit_gemm_indexed_f32f32_tf32f32_f32_nhwckrsc_nhwc_tilesize128x128x32_stage4_warpsize2x2x1_g1_tensor16x8x8, 0x571ad7d8034d3, , 0
[07/22/2026-00:36:02] [TRT] [V]  (foreignNode)    6, 0.0266112, 6.65813, 0.02588, sm80_xmma_fprop_implicit_gemm_f32f32_tf32f32_f32_nhwckrsc_nhwc_tilesize128x64x64_stage3_warpsize2x2x1_g1_tensor16x8x8_t1r5s5, 0x4185075da43a9, , 0
[07/22/2026-00:36:02] [TRT] [V]  (foreignNode)   64, 0.0273408, 6.84067, 0.37955, sm80_xmma_fprop_implicit_gemm_indexed_f32f32_tf32f32_f32_nhwckrsc_nhwc_tilesize256x64x32_stage3_warpsize4x2x1_g1_tensor16x8x8, 0x58cfb7217d527, , 0
[07/22/2026-00:36:02] [TRT] [V]  (foreignNode)   35, 0.0277472, 6.94235, 0.29622, sm80_xmma_fprop_implicit_gemm_indexed_f32f32_tf32f32_f32_nhwckrsc_nhwc_tilesize128x64x64_stage3_warpsize2x2x1_g1_tensor16x8x8, 0x65a391c4bf119, , 0
[07/22/2026-00:36:02] [TRT] [V]  (foreignNode)   80, 0.0360480, 9.01922, 0.30062, sm80_xmma_fprop_implicit_gemm_f32f32_tf32f32_f32_nhwckrsc_nhwc_tilesize128x256x32_stage3_warpsize2x4x1_g1_tensor16x8x8_t1r5s5, 0x65e9d61c48eda, , 0
[07/22/2026-00:36:02] [TRT] [V]  (foreignNode)   61, 0.0363520, 9.09528, 0.27699, sm80_xmma_fprop_implicit_gemm_f32f32_tf32f32_f32_nhwckrsc_nhwc_tilesize256x128x32_stage3_warpsize4x2x1_g1_tensor16x8x8_t1r5s5, 0x610c895e8b973, , 0
[07/22/2026-00:36:02] [TRT] [V]  (foreignNode)   90, 0.0375808, 9.40272, 0.31407, sm80_xmma_fprop_implicit_gemm_indexed_f32f32_tf32f32_f32_nhwckrsc_nhwc_tilesize128x256x32_stage3_warpsize2x4x1_g1_tensor16x8x8, 0x531a58fc22ee1, , 0
[07/22/2026-00:36:02] [TRT] [V]  (foreignNode)   96, 0.0398336, 9.96637, 0.31879, sm80_xmma_fprop_implicit_gemm_indexed_f32f32_tf32f32_f32_nhwckrsc_nhwc_tilesize256x128x32_stage3_warpsize4x2x1_g1_tensor16x8x8, 0x5389bdefe16fd, , 0
[07/22/2026-00:36:02] [TRT] [V]  (foreignNode)    0, 0.1297408, 32.46117, 0.00010, sm80_xmma_fprop_implicit_gemm_f32f32_f32f32_f32_nhwckrsc_nhwc_tilesize64x32x32_stage3_warpsize1x1x1_g1_ffma_t1r5s5_aligna4_alignc4, 0x5efcc2f47736d, , 0
[07/22/2026-00:36:02] [TRT] [V]  (foreignNode) Autotuning op node_max_pool2d: [ONNX Layer: node_max_pool2d]
[07/22/2026-00:36:02] [TRT] [V]  (foreignNode) Sorted table of all evaluated tactics:
[07/22/2026-00:36:02] [TRT] [V]  (foreignNode) tactic_id, cost(in ms), cost/fastest_cost, prediction_correlation, kernel_name, tactic_hash, tunable_parameter
[07/22/2026-00:36:02] [TRT] [V]  (foreignNode)   22, 0.0031744, 1.00000, 0.00000, sm50_xmma_pooling_max_nhwc_FP32FP32_WINDOWSIZE_0_PROPAGATE_NAN_3D, 0x63d934f4d43ce, 
[07/22/2026-00:36:02] [TRT] [V]  (foreignNode)   18, 0.0032768, 1.03226, 0.00000, sm50_xmma_pooling_max_nhwc_FP32FP32_WINDOWSIZE_0_PROPAGATE_NAN_2D, 0x66f0f7054b2a5, 
[07/22/2026-00:36:02] [TRT] [V]  (foreignNode)   20, 0.0033792, 1.06452, 0.00000, sm50_xmma_pooling_max_nhwc_FP32FP32_WINDOWSIZE_0_NOT_PROPAGATE_NAN_2D, 0x4327a8fca68b1, 
[07/22/2026-00:36:02] [TRT] [V]  (foreignNode)   21, 0.0034848, 1.09778, 0.00000, sm50_xmma_pooling_max_nhwc_FP32FP32_WINDOWSIZE_0_NOT_PROPAGATE_NAN_3D, 0x67bdb004749ae, 
[07/22/2026-00:36:02] [TRT] [V]  (foreignNode)   19, 0.0035840, 1.12903, 0.00000, sm50_xmma_pooling_fw_4d_FP32FP32NHWC_Max_CAlign4, 0x6617c82cae8f0, 
[07/22/2026-00:36:02] [TRT] [V]  (foreignNode)   11, 0.0041520, 1.30796, 0.00000, sm50_xmma_pooling_tiled_FP32NCHW_kMAX_tP2_tQ32_tR2_tS2_tU2_tV2_tUnroll4_tThreads256, 0x6be0fd1dba7a4, 
[07/22/2026-00:36:02] [TRT] [V]  (foreignNode)    3, 0.0041568, 1.30948, 0.00000, sm50_xmma_pooling_tiled_FP32NCHW_kMAX_tP2_tQ32_tR2_tS2_tU2_tV2_tUnroll6_tThreads256, 0x5ba888b4b619c, 
[07/22/2026-00:36:02] [TRT] [V]  (foreignNode)    1, 0.0042912, 1.35181, 0.00000, sm50_xmma_pooling_tiled_FP32NCHW_kMAX_tP2_tQ16_tR2_tS2_tU2_tV2_tUnroll4_tThreads128, 0x42627c41262ef, 
[07/22/2026-00:36:02] [TRT] [V]  (foreignNode)    0, 0.0043008, 1.35484, 0.00000, sm50_xmma_pooling_tiled_FP32NCHW_kMAX_tP2_tQ16_tR2_tS2_tU2_tV2_tUnroll2_tThreads128, 0x2f6b14a6cb8d4, 
[07/22/2026-00:36:02] [TRT] [V]  (foreignNode)    4, 0.0043008, 1.35484, 0.00000, sm50_xmma_pooling_tiled_FP32NCHW_kMAX_tP2_tQ16_tR2_tS2_tU2_tV2_tUnroll7_tThreads128, 0x503c1745dac9b, 
[07/22/2026-00:36:02] [TRT] [V]  (foreignNode)    6, 0.0043008, 1.35484, 0.00000, sm50_xmma_pooling_tiled_FP32NCHW_kMAX_tP2_tQ16_tR2_tS2_tU2_tV2_tUnroll6_tThreads128, 0x4f17e05940187, 
[07/22/2026-00:36:02] [TRT] [V]  (foreignNode)    7, 0.0043008, 1.35484, 0.00000, sm50_xmma_pooling_tiled_FP32NCHW_kMAX_tP2_tQ16_tR2_tS2_tU2_tV2_tUnroll5_tThreads128, 0x38a93743d776a, 
[07/22/2026-00:36:02] [TRT] [V]  (foreignNode)    9, 0.0043008, 1.35484, 0.00000, sm50_xmma_pooling_tiled_FP32NCHW_kMAX_tP2_tQ32_tR2_tS2_tU2_tV2_tUnroll3_tThreads256, 0x64c8cc77ba50e, 
[07/22/2026-00:36:02] [TRT] [V]  (foreignNode)   12, 0.0043008, 1.35484, 0.00000, sm50_xmma_pooling_tiled_FP32NCHW_kMAX_tP2_tQ32_tR2_tS2_tU2_tV2_tUnroll7_tThreads256, 0x2efb789daae6f, 
[07/22/2026-00:36:02] [TRT] [V]  (foreignNode)   17, 0.0043008, 1.35484, 0.00000, sm50_xmma_pooling_tiled_FP32NCHW_kMAX_tP2_tQ32_tR2_tS2_tU2_tV2_tUnroll1_tThreads256, 0x51cb4d25cbb1e, 
[07/22/2026-00:36:02] [TRT] [V]  (foreignNode)    2, 0.0043056, 1.35635, 0.00000, sm50_xmma_pooling_tiled_FP32NCHW_kMAX_tP2_tQ16_tR2_tS2_tU2_tV2_tUnroll1_tThreads128, 0x2864d40f44906, 
[07/22/2026-00:36:02] [TRT] [V]  (foreignNode)   13, 0.0043056, 1.35635, 0.00000, sm50_xmma_pooling_tiled_FP32NCHW_kMAX_tP2_tQ32_tR2_tS2_tU2_tV2_tUnroll2_tThreads256, 0x40206b28bf3c4, 
[07/22/2026-00:36:02] [TRT] [V]  (foreignNode)   14, 0.0043200, 1.36089, 0.00000, sm50_xmma_pooling_tiled_FP32NCHW_kMAX_tP2_tQ16_tR2_tS2_tU2_tV2_tUnroll3_tThreads128, 0x637977ba0d6e2, 
[07/22/2026-00:36:02] [TRT] [V]  (foreignNode)   10, 0.0044544, 1.40323, 0.00000, sm50_xmma_pooling_tiled_FP32NCHW_kMAX_tP2_tQ32_tR2_tS2_tU2_tV2_tUnroll5_tThreads256, 0x29624b9510e6c, 
[07/22/2026-00:36:02] [TRT] [V]  (foreignNode)    5, 0.0046080, 1.45161, 0.00000, sm50_xmma_pooling_tiled_FP32NCHW_kMAX_tP2_tQ16_tR2_tS2_tU2_tV2_tUnroll8_tThreads128, 0x380c4a94fc854, 
[07/22/2026-00:36:02] [TRT] [V]  (foreignNode)    8, 0.0046080, 1.45161, 0.00000, sm50_xmma_pooling_tiled_FP32NCHW_kMAX_tP2_tQ32_tR2_tS2_tU2_tV2_tUnroll8_tThreads256, 0x3ba7abd9d0585, 
[07/22/2026-00:36:02] [TRT] [V]  (foreignNode)   16, 0.0049152, 1.54839, 0.00000, sm50_xmma_pooling_nd_NCDHW_kMAX_kGENERIC_3D_POOLING_MODE_kFLOAT_0, 0x613f51227b01b, 
[07/22/2026-00:36:02] [TRT] [V]  (foreignNode)   15, 0.0050640, 1.59526, 0.00000, sm50_xmma_pooling_fw_4d_FP32FP32NCHW_Max, 0x2b65065dee694, 
[07/22/2026-00:36:02] [TRT] [V]  (foreignNode) Autotuning op node_conv2d_1: [ONNX Layer: node_conv2d_1][ONNX Layer: node_relu_1]
[07/22/2026-00:36:02] [TRT] [V]  (foreignNode) Sorted table of all evaluated tactics:
[07/22/2026-00:36:02] [TRT] [V]  (foreignNode) tactic_id, cost(in ms), cost/fastest_cost, prediction_correlation, kernel_name, tactic_hash, tunable_parameter, conv_w2c_input_fold
[07/22/2026-00:36:02] [TRT] [V]  (foreignNode)   19, 0.0056352, 1.00000, 1.34874, cutlass3x_sm100_tensorop_s128x128x8tf32implicit_gemm_fprop_f32_f32_f32_f32_f32_f32_128x128x32_dyn_cga_ndhwc_ndhwc_ndhwc_align4_2sm_relu_valpha_vbeta, 0x285cce0d4d43f, cga={0 0 0 1 0 0 1} , 1
[07/22/2026-00:36:02] [TRT] [V]  (foreignNode)   20, 0.0058368, 1.03578, 1.30215, cutlass3x_sm100_tensorop_s128x128x8tf32implicit_gemm_fprop_f32_f32_f32_f32_f32_f32_128x128x32_dyn_cga_ndhwc_ndhwc_ndhwc_align4_2sm_relu_valpha_vbeta, 0x552274bdc9046, cga={2 2 1 1 2 1 1} , 1
[07/22/2026-00:36:02] [TRT] [V]  (foreignNode)   21, 0.0059392, 1.05395, 1.28075, cutlass3x_sm100_tensorop_s128x128x8tf32implicit_gemm_fprop_f32_f32_f32_f32_f32_f32_128x128x32_dyn_cga_ndhwc_ndhwc_ndhwc_align4_2sm_relu_valpha_vbeta, 0x338b9af98fb76, cga={2 4 1 1 2 1 1} , 1
[07/22/2026-00:36:02] [TRT] [V]  (foreignNode)   23, 0.0062464, 1.10846, 1.21869, cutlass3x_sm100_tensorop_s128x128x8tf32implicit_gemm_fprop_f32_f32_f32_f32_f32_f32_128x128x32_dyn_cga_ndhwc_ndhwc_ndhwc_align4_2sm_relu_valpha_vbeta, 0x580cce0798e67, cga={2 8 1 1 2 1 1} , 1
[07/22/2026-00:36:02] [TRT] [V]  (foreignNode)   22, 0.0064480, 1.14424, 1.17969, cutlass3x_sm100_tensorop_s128x128x8tf32implicit_gemm_fprop_f32_f32_f32_f32_f32_f32_128x128x32_dyn_cga_ndhwc_ndhwc_ndhwc_align4_2sm_relu_valpha_vbeta, 0x43fce5e7da296, cga={2 2 2 1 2 1 1} , 1
[07/22/2026-00:36:02] [TRT] [V]  (foreignNode)   25, 0.0065568, 1.16354, 1.16132, cutlass3x_sm100_tensorop_s128x128x8tf32implicit_gemm_fprop_f32_f32_f32_f32_f32_f32_128x128x32_dyn_cga_ndhwc_ndhwc_ndhwc_align4_2sm_relu_valpha_vbeta, 0x2af9437602943, cga={2 4 2 1 2 1 1} , 1
[07/22/2026-00:36:02] [TRT] [V]  (foreignNode)   24, 0.0066560, 1.18115, 1.14369, cutlass3x_sm100_tensorop_s128x128x8tf32implicit_gemm_fprop_f32_f32_f32_f32_f32_f32_128x128x32_dyn_cga_ndhwc_ndhwc_ndhwc_align4_2sm_relu_valpha_vbeta, 0x45f4ebc6c497d, cga={2 2 4 1 2 1 1} , 1
[07/22/2026-00:36:02] [TRT] [V]  (foreignNode)   27, 0.0066560, 1.18115, 1.14505, cutlass3x_sm100_tensorop_s128x128x8tf32implicit_gemm_fprop_f32_f32_f32_f32_f32_f32_128x128x32_dyn_cga_ndhwc_ndhwc_ndhwc_align4_2sm_relu_valpha_vbeta, 0x3d5e8ae1f53f7, cga={2 4 4 1 2 1 1} , 1
[07/22/2026-00:36:02] [TRT] [V]  (foreignNode)   55, 0.0067584, 1.19932, 1.55983, cutlass3x_sm100_tensorop_s256x128x8tf32implicit_gemm_fprop_f32_f32_f32_f32_f32_f32_256x128x32_dyn_cga_ndhwc_ndhwc_ndhwc_align4_2sm_relu_valpha_vbeta, 0x2c083b2f88f8a, cga={0 0 0 1 0 0 1} , 1
[07/22/2026-00:36:02] [TRT] [V]  (foreignNode)   57, 0.0067584, 1.19932, 1.56078, cutlass3x_sm100_tensorop_s256x128x8tf32implicit_gemm_fprop_f32_f32_f32_f32_f32_f32_256x128x32_dyn_cga_ndhwc_ndhwc_ndhwc_align4_2sm_relu_valpha_vbeta, 0x5b7ba1b2149ee, cga={2 4 1 1 2 1 1} , 1
[07/22/2026-00:36:02] [TRT] [V]  (foreignNode)   61, 0.0068480, 1.21522, 1.54156, cutlass3x_sm100_tensorop_s256x128x8tf32implicit_gemm_fprop_f32_f32_f32_f32_f32_f32_256x128x32_dyn_cga_ndhwc_ndhwc_ndhwc_align4_2sm_relu_valpha_vbeta, 0x60e59af0f93cf, cga={2 4 2 1 2 1 1} , 1
[07/22/2026-00:36:02] [TRT] [V]  (foreignNode)   68, 0.0068576, 1.21692, 1.63092, cutlass3x_sm100_tensorop_s128x256x8tf32implicit_gemm_fprop_f32_f32_f32_f32_f32_f32_128x256x32_dyn_cga_ndhwc_ndhwc_ndhwc_align4_2sm_relu_valpha_vbeta, 0x442a1623f91d1, cga={2 4 1 1 2 1 1} , 1
[07/22/2026-00:36:02] [TRT] [V]  (foreignNode)   70, 0.0068576, 1.21692, 1.63181, cutlass3x_sm100_tensorop_s128x256x8tf32implicit_gemm_fprop_f32_f32_f32_f32_f32_f32_128x256x32_dyn_cga_ndhwc_ndhwc_ndhwc_align4_2sm_relu_valpha_vbeta, 0x2d8aa242be81f, cga={2 8 1 1 2 1 1} , 1
[07/22/2026-00:36:02] [TRT] [V]  (foreignNode)   26, 0.0068608, 1.21749, 1.11087, cutlass3x_sm100_tensorop_s128x128x8tf32implicit_gemm_fprop_f32_f32_f32_f32_f32_f32_128x128x32_dyn_cga_ndhwc_ndhwc_ndhwc_align4_2sm_relu_valpha_vbeta, 0x5c77c521341fe, cga={2 8 2 1 2 1 1} , 1
[07/22/2026-00:36:02] [TRT] [V]  (foreignNode)   28, 0.0068608, 1.21749, 1.11335, cutlass3x_sm100_tensorop_s128x128x8tf32implicit_gemm_fprop_f32_f32_f32_f32_f32_f32_128x128x32_dyn_cga_ndhwc_ndhwc_ndhwc_align4_2sm_relu_valpha_vbeta, 0x48cd5f15223c5, cga={2 2 8 1 2 1 1} , 1
[07/22/2026-00:36:02] [TRT] [V]  (foreignNode)   56, 0.0068608, 1.21749, 1.53654, cutlass3x_sm100_tensorop_s256x128x8tf32implicit_gemm_fprop_f32_f32_f32_f32_f32_f32_256x128x32_dyn_cga_ndhwc_ndhwc_ndhwc_align4_2sm_relu_valpha_vbeta, 0x5285dff98d9f3, cga={2 2 1 1 2 1 1} , 1
[07/22/2026-00:36:02] [TRT] [V]  (foreignNode)   58, 0.0068608, 1.21749, 1.53749, cutlass3x_sm100_tensorop_s256x128x8tf32implicit_gemm_fprop_f32_f32_f32_f32_f32_f32_256x128x32_dyn_cga_ndhwc_ndhwc_ndhwc_align4_2sm_relu_valpha_vbeta, 0x3e4586d4bcf51, cga={2 2 2 1 2 1 1} , 1
[07/22/2026-00:36:02] [TRT] [V]  (foreignNode)   59, 0.0068608, 1.21749, 1.53836, cutlass3x_sm100_tensorop_s256x128x8tf32implicit_gemm_fprop_f32_f32_f32_f32_f32_f32_256x128x32_dyn_cga_ndhwc_ndhwc_ndhwc_align4_2sm_relu_valpha_vbeta, 0x30b7029716b7a, cga={2 8 1 1 2 1 1} , 1
[07/22/2026-00:36:02] [TRT] [V]  (foreignNode)   66, 0.0068608, 1.21749, 1.62920, cutlass3x_sm100_tensorop_s128x256x8tf32implicit_gemm_fprop_f32_f32_f32_f32_f32_f32_128x256x32_dyn_cga_ndhwc_ndhwc_ndhwc_align4_2sm_relu_valpha_vbeta, 0x5731dc8589652, cga={0 0 0 1 0 0 1} , 1
[07/22/2026-00:36:02] [TRT] [V]  (foreignNode)   67, 0.0068736, 1.21976, 1.62617, cutlass3x_sm100_tensorop_s128x256x8tf32implicit_gemm_fprop_f32_f32_f32_f32_f32_f32_128x256x32_dyn_cga_ndhwc_ndhwc_ndhwc_align4_2sm_relu_valpha_vbeta, 0x30a3eecce76a0, cga={2 2 1 1 2 1 1} , 1
[07/22/2026-00:36:02] [TRT] [V]  (foreignNode)   42, 0.0069632, 1.23566, 1.39614, cutlass3x_sm100_tensorop_s64x128x8tf32implicit_gemm_fprop_f32_f32_f32_f32_f32_f32_64x128x32_dyn_cga_ndhwc_ndhwc_ndhwc_align4_1sm_relu_valpha_vbeta, 0x3dd921239daea, cga={2 8 1 1 2 1 1} , 1
[07/22/2026-00:36:02] [TRT] [V]  (foreignNode)   60, 0.0069632, 1.23566, 1.51574, cutlass3x_sm100_tensorop_s256x128x8tf32implicit_gemm_fprop_f32_f32_f32_f32_f32_f32_256x128x32_dyn_cga_ndhwc_ndhwc_ndhwc_align4_2sm_relu_valpha_vbeta, 0x5a723f520c9e6, cga={2 2 4 1 2 1 1} , 1
[07/22/2026-00:36:02] [TRT] [V]  (foreignNode)   90, 0.0069632, 1.23566, 1.94020, cutlass3x_sm100_tensorop_s128x128x8tf32implicit_gemm_fprop_f32_f32_f32_f32_f32_f32_128x128x32_dyn_cga_ndhwc_ndhwc_ndhwc_align4_1sm_relu_valpha_vbeta, 0x2a0df310453d9, cga={2 4 2 1 1 2 1} , 1
[07/22/2026-00:36:02] [TRT] [V]  (foreignNode)   72, 0.0069664, 1.23623, 1.60664, cutlass3x_sm100_tensorop_s128x256x8tf32implicit_gemm_fprop_f32_f32_f32_f32_f32_f32_128x256x32_dyn_cga_ndhwc_ndhwc_ndhwc_align4_2sm_relu_valpha_vbeta, 0x4ba4cc8612d29, cga={2 4 2 1 2 1 1} , 1
[07/22/2026-00:36:02] [TRT] [V]  (foreignNode)   64, 0.0069696, 1.23680, 1.51570, cutlass3x_sm100_tensorop_s256x128x8tf32implicit_gemm_fprop_f32_f32_f32_f32_f32_f32_256x128x32_dyn_cga_ndhwc_ndhwc_ndhwc_align4_2sm_relu_valpha_vbeta, 0x3f0763c0c4647, cga={2 4 4 1 2 1 1} , 1
[07/22/2026-00:36:02] [TRT] [V]  (foreignNode)   69, 0.0070624, 1.25327, 1.58362, cutlass3x_sm100_tensorop_s128x256x8tf32implicit_gemm_fprop_f32_f32_f32_f32_f32_f32_128x256x32_dyn_cga_ndhwc_ndhwc_ndhwc_align4_2sm_relu_valpha_vbeta, 0x45e6226562935, cga={2 2 2 1 2 1 1} , 1
[07/22/2026-00:36:02] [TRT] [V]  (foreignNode)   73, 0.0070624, 1.25327, 1.58583, cutlass3x_sm100_tensorop_s128x256x8tf32implicit_gemm_fprop_f32_f32_f32_f32_f32_f32_128x256x32_dyn_cga_ndhwc_ndhwc_ndhwc_align4_2sm_relu_valpha_vbeta, 0x6305b01e9cdbc, cga={2 8 2 1 2 1 1} , 1
[07/22/2026-00:36:02] [TRT] [V]  (foreignNode)   38, 0.0070656, 1.25383, 1.37507, cutlass3x_sm100_tensorop_s64x128x8tf32implicit_gemm_fprop_f32_f32_f32_f32_f32_f32_64x128x32_dyn_cga_ndhwc_ndhwc_ndhwc_align4_1sm_relu_valpha_vbeta, 0x33a3ef23d0e39, cga={2 4 1 1 2 1 1} , 1
[07/22/2026-00:36:02] [TRT] [V]  (foreignNode)   45, 0.0070656, 1.25383, 1.37621, cutlass3x_sm100_tensorop_s64x128x8tf32implicit_gemm_fprop_f32_f32_f32_f32_f32_f32_64x128x32_dyn_cga_ndhwc_ndhwc_ndhwc_align4_1sm_relu_valpha_vbeta, 0x5b054723190f4, cga={2 4 2 1 2 1 1} , 1
[07/22/2026-00:36:02] [TRT] [V]  (foreignNode)   62, 0.0070656, 1.25383, 1.49424, cutlass3x_sm100_tensorop_s256x128x8tf32implicit_gemm_fprop_f32_f32_f32_f32_f32_f32_256x128x32_dyn_cga_ndhwc_ndhwc_ndhwc_align4_2sm_relu_valpha_vbeta, 0x2cd14519bae3e, cga={2 2 8 1 2 1 1} , 1
[07/22/2026-00:36:02] [TRT] [V]  (foreignNode)   83, 0.0070656, 1.25383, 1.91022, cutlass3x_sm100_tensorop_s128x128x8tf32implicit_gemm_fprop_f32_f32_f32_f32_f32_f32_128x128x32_dyn_cga_ndhwc_ndhwc_ndhwc_align4_1sm_relu_valpha_vbeta, 0x3168ecf233768, cga={2 2 1 1 2 1 1} , 1
[07/22/2026-00:36:02] [TRT] [V]  (foreignNode)   87, 0.0070656, 1.25383, 1.91119, cutlass3x_sm100_tensorop_s128x128x8tf32implicit_gemm_fprop_f32_f32_f32_f32_f32_f32_128x128x32_dyn_cga_ndhwc_ndhwc_ndhwc_align4_1sm_relu_valpha_vbeta, 0x302e4b7ca4807, cga={2 2 2 1 1 2 1} , 1
[07/22/2026-00:36:02] [TRT] [V]  (foreignNode)   93, 0.0070688, 1.25440, 1.91155, cutlass3x_sm100_tensorop_s128x128x8tf32implicit_gemm_fprop_f32_f32_f32_f32_f32_f32_128x128x32_dyn_cga_ndhwc_ndhwc_ndhwc_align4_1sm_relu_valpha_vbeta, 0x6d889b7d61107, cga={2 4 2 1 2 1 1} , 1
[07/22/2026-00:36:02] [TRT] [V]  (foreignNode)   43, 0.0071680, 1.27200, 1.35625, cutlass3x_sm100_tensorop_s64x128x8tf32implicit_gemm_fprop_f32_f32_f32_f32_f32_f32_64x128x32_dyn_cga_ndhwc_ndhwc_ndhwc_align4_1sm_relu_valpha_vbeta, 0x62004b46a5148, cga={2 4 2 1 1 2 1} , 1
[07/22/2026-00:36:02] [TRT] [V]  (foreignNode)   63, 0.0071680, 1.27200, 1.47374, cutlass3x_sm100_tensorop_s256x128x8tf32implicit_gemm_fprop_f32_f32_f32_f32_f32_f32_256x128x32_dyn_cga_ndhwc_ndhwc_ndhwc_align4_2sm_relu_valpha_vbeta, 0x2990a7a09d869, cga={2 8 2 1 2 1 1} , 1
[07/22/2026-00:36:02] [TRT] [V]  (foreignNode)   80, 0.0071744, 1.27314, 1.68632, cutlass3x_sm100_tensorop_s128x128x8tf32implicit_gemm_fprop_f32_f32_f32_f32_f32_f32_128x128x32_dyn_cga_ndhwc_ndhwc_ndhwc_align4_1sm_relu_valpha_vbeta, 0x47078bc007a52, cga={2 1 1 1 1 1 1} , 1
[07/22/2026-00:36:02] [TRT] [V]  (foreignNode)   74, 0.0071808, 1.27428, 1.55969, cutlass3x_sm100_tensorop_s128x256x8tf32implicit_gemm_fprop_f32_f32_f32_f32_f32_f32_128x256x32_dyn_cga_ndhwc_ndhwc_ndhwc_align4_2sm_relu_valpha_vbeta, 0x44ec1d551c946, cga={2 4 4 1 2 1 1} , 1
[07/22/2026-00:36:02] [TRT] [V]  (foreignNode)   91, 0.0072608, 1.28847, 1.86068, cutlass3x_sm100_tensorop_s128x128x8tf32implicit_gemm_fprop_f32_f32_f32_f32_f32_f32_128x128x32_dyn_cga_ndhwc_ndhwc_ndhwc_align4_1sm_relu_valpha_vbeta, 0x33953521c260e, cga={2 2 4 1 2 1 1} , 1
[07/22/2026-00:36:02] [TRT] [V]  (foreignNode)   36, 0.0072640, 1.28904, 1.33664, cutlass3x_sm100_tensorop_s64x128x8tf32implicit_gemm_fprop_f32_f32_f32_f32_f32_f32_64x128x32_dyn_cga_ndhwc_ndhwc_ndhwc_align4_1sm_relu_valpha_vbeta, 0x40ea2fcbc4258, cga={2 2 1 1 2 1 1} , 1
[07/22/2026-00:36:02] [TRT] [V]  (foreignNode)   41, 0.0072672, 1.28961, 1.33693, cutlass3x_sm100_tensorop_s64x128x8tf32implicit_gemm_fprop_f32_f32_f32_f32_f32_f32_64x128x32_dyn_cga_ndhwc_ndhwc_ndhwc_align4_1sm_relu_valpha_vbeta, 0x2bf165fc73e3a, cga={2 1 4 1 1 2 1} , 1
[07/22/2026-00:36:02] [TRT] [V]  (foreignNode)   71, 0.0072672, 1.28961, 1.53983, cutlass3x_sm100_tensorop_s128x256x8tf32implicit_gemm_fprop_f32_f32_f32_f32_f32_f32_128x256x32_dyn_cga_ndhwc_ndhwc_ndhwc_align4_2sm_relu_valpha_vbeta, 0x35ca6792f5490, cga={2 2 4 1 2 1 1} , 1
[07/22/2026-00:36:02] [TRT] [V]  (foreignNode)   52, 0.0072704, 1.29018, 1.34080, cutlass3x_sm100_tensorop_s64x128x8tf32implicit_gemm_fprop_f32_f32_f32_f32_f32_f32_64x128x32_dyn_cga_ndhwc_ndhwc_ndhwc_align4_1sm_relu_valpha_vbeta, 0x519d4b93e9908, cga={2 2 8 1 2 1 1} , 1
[07/22/2026-00:36:02] [TRT] [V]  (foreignNode)   75, 0.0072704, 1.29018, 1.54293, cutlass3x_sm100_tensorop_s128x256x8tf32implicit_gemm_fprop_f32_f32_f32_f32_f32_f32_128x256x32_dyn_cga_ndhwc_ndhwc_ndhwc_align4_2sm_relu_valpha_vbeta, 0x66a090dd24c6d, cga={2 2 8 1 2 1 1} , 1
[07/22/2026-00:36:02] [TRT] [V]  (foreignNode)   79, 0.0072704, 1.29018, 1.66405, cutlass3x_sm100_tensorop_s128x128x8tf32implicit_gemm_fprop_f32_f32_f32_f32_f32_f32_128x128x32_dyn_cga_ndhwc_ndhwc_ndhwc_align4_1sm_relu_valpha_vbeta, 0x3bbc0347a23e8, cga={0 0 0 1 0 0 1} , 1
[07/22/2026-00:36:02] [TRT] [V]  (foreignNode)   85, 0.0072704, 1.29018, 1.85735, cutlass3x_sm100_tensorop_s128x128x8tf32implicit_gemm_fprop_f32_f32_f32_f32_f32_f32_128x128x32_dyn_cga_ndhwc_ndhwc_ndhwc_align4_1sm_relu_valpha_vbeta, 0x3ab86b967c477, cga={2 4 1 1 2 1 1} , 1
[07/22/2026-00:36:02] [TRT] [V]  (foreignNode)   86, 0.0072704, 1.29018, 1.85735, cutlass3x_sm100_tensorop_s128x128x8tf32implicit_gemm_fprop_f32_f32_f32_f32_f32_f32_128x128x32_dyn_cga_ndhwc_ndhwc_ndhwc_align4_1sm_relu_valpha_vbeta, 0x59162f20061ab, cga={2 2 2 1 2 1 1} , 1
[07/22/2026-00:36:02] [TRT] [V]  (foreignNode)   89, 0.0072704, 1.29018, 1.85822, cutlass3x_sm100_tensorop_s128x128x8tf32implicit_gemm_fprop_f32_f32_f32_f32_f32_f32_128x128x32_dyn_cga_ndhwc_ndhwc_ndhwc_align4_1sm_relu_valpha_vbeta, 0x416159919669a, cga={2 8 1 1 2 1 1} , 1
[07/22/2026-00:36:02] [TRT] [V]  (foreignNode)   94, 0.0072704, 1.29018, 1.85855, cutlass3x_sm100_tensorop_s128x128x8tf32implicit_gemm_fprop_f32_f32_f32_f32_f32_f32_128x128x32_dyn_cga_ndhwc_ndhwc_ndhwc_align4_1sm_relu_valpha_vbeta, 0x56ff9de33d739, cga={2 2 4 1 1 2 1} , 1
[07/22/2026-00:36:02] [TRT] [V]  (foreignNode)   95, 0.0072704, 1.29018, 1.85870, cutlass3x_sm100_tensorop_s128x128x8tf32implicit_gemm_fprop_f32_f32_f32_f32_f32_f32_128x128x32_dyn_cga_ndhwc_ndhwc_ndhwc_align4_1sm_relu_valpha_vbeta, 0x48d6c72844443, cga={2 8 2 1 1 2 1} , 1
[07/22/2026-00:36:02] [TRT] [V]  (foreignNode)   98, 0.0072704, 1.29018, 1.85959, cutlass3x_sm100_tensorop_s128x128x8tf32implicit_gemm_fprop_f32_f32_f32_f32_f32_f32_128x128x32_dyn_cga_ndhwc_ndhwc_ndhwc_align4_1sm_relu_valpha_vbeta, 0x48bab4fbb4f10, cga={2 4 4 1 2 1 1} , 1
[07/22/2026-00:36:02] [TRT] [V]  (foreignNode)   99, 0.0072704, 1.29018, 1.85959, cutlass3x_sm100_tensorop_s128x128x8tf32implicit_gemm_fprop_f32_f32_f32_f32_f32_f32_128x128x32_dyn_cga_ndhwc_ndhwc_ndhwc_align4_1sm_relu_valpha_vbeta, 0x2ae2146694f29, cga={2 4 4 1 1 2 1} , 1
[07/22/2026-00:36:02] [TRT] [V]  (foreignNode)   84, 0.0073728, 1.30835, 1.83062, cutlass3x_sm100_tensorop_s128x128x8tf32implicit_gemm_fprop_f32_f32_f32_f32_f32_f32_128x128x32_dyn_cga_ndhwc_ndhwc_ndhwc_align4_1sm_relu_valpha_vbeta, 0x54d46c6a17bfb, cga={2 1 2 1 1 2 1} , 1
[07/22/2026-00:36:02] [TRT] [V]  (foreignNode)   31, 0.0074752, 1.32652, 1.23685, cutlass3x_sm100_tensorop_s64x128x8tf32implicit_gemm_fprop_f32_f32_f32_f32_f32_f32_64x128x32_dyn_cga_ndhwc_ndhwc_ndhwc_align4_1sm_relu_valpha_vbeta, 0x33447fefd2be2, cga={0 0 0 1 0 0 1} , 1
[07/22/2026-00:36:02] [TRT] [V]  (foreignNode)   48, 0.0074752, 1.32652, 1.30174, cutlass3x_sm100_tensorop_s64x128x8tf32implicit_gemm_fprop_f32_f32_f32_f32_f32_f32_64x128x32_dyn_cga_ndhwc_ndhwc_ndhwc_align4_1sm_relu_valpha_vbeta, 0x5017e86f40276, cga={2 8 2 1 2 1 1} , 1
[07/22/2026-00:36:02] [TRT] [V]  (foreignNode)   49, 0.0074752, 1.32652, 1.30174, cutlass3x_sm100_tensorop_s64x128x8tf32implicit_gemm_fprop_f32_f32_f32_f32_f32_f32_64x128x32_dyn_cga_ndhwc_ndhwc_ndhwc_align4_1sm_relu_valpha_vbeta, 0x49d1dc8677b35, cga={2 4 4 1 2 1 1} , 1
[07/22/2026-00:36:02] [TRT] [V]  (foreignNode)   50, 0.0074752, 1.32652, 1.30174, cutlass3x_sm100_tensorop_s64x128x8tf32implicit_gemm_fprop_f32_f32_f32_f32_f32_f32_64x128x32_dyn_cga_ndhwc_ndhwc_ndhwc_align4_1sm_relu_valpha_vbeta, 0x4a59bde2a886a, cga={2 4 4 1 1 2 1} , 1
[07/22/2026-00:36:02] [TRT] [V]  (foreignNode)   92, 0.0074752, 1.32652, 1.80731, cutlass3x_sm100_tensorop_s128x128x8tf32implicit_gemm_fprop_f32_f32_f32_f32_f32_f32_128x128x32_dyn_cga_ndhwc_ndhwc_ndhwc_align4_1sm_relu_valpha_vbeta, 0x33b89fe319a2f, cga={2 1 8 1 1 2 1} , 1
[07/22/2026-00:36:02] [TRT] [V]  (foreignNode)   96, 0.0074752, 1.32652, 1.80778, cutlass3x_sm100_tensorop_s128x128x8tf32implicit_gemm_fprop_f32_f32_f32_f32_f32_f32_128x128x32_dyn_cga_ndhwc_ndhwc_ndhwc_align4_1sm_relu_valpha_vbeta, 0x674596db78404, cga={2 2 8 1 2 1 1} , 1
[07/22/2026-00:36:02] [TRT] [V]  (foreignNode)   97, 0.0074752, 1.32652, 1.80864, cutlass3x_sm100_tensorop_s128x128x8tf32implicit_gemm_fprop_f32_f32_f32_f32_f32_f32_128x128x32_dyn_cga_ndhwc_ndhwc_ndhwc_align4_1sm_relu_valpha_vbeta, 0x29313f72882de, cga={2 8 2 1 2 1 1} , 1
[07/22/2026-00:36:02] [TRT] [V]  (foreignNode)   47, 0.0074816, 1.32765, 1.29983, cutlass3x_sm100_tensorop_s64x128x8tf32implicit_gemm_fprop_f32_f32_f32_f32_f32_f32_64x128x32_dyn_cga_ndhwc_ndhwc_ndhwc_align4_1sm_relu_valpha_vbeta, 0x6648f2426a146, cga={2 8 2 1 1 2 1} , 1
[07/22/2026-00:36:02] [TRT] [V]  (foreignNode)   88, 0.0074880, 1.32879, 1.80337, cutlass3x_sm100_tensorop_s128x128x8tf32implicit_gemm_fprop_f32_f32_f32_f32_f32_f32_128x128x32_dyn_cga_ndhwc_ndhwc_ndhwc_align4_1sm_relu_valpha_vbeta, 0x46806c43e89ea, cga={2 1 4 1 1 2 1} , 1
[07/22/2026-00:36:02] [TRT] [V]  (foreignNode)   37, 0.0076800, 1.36286, 1.26424, cutlass3x_sm100_tensorop_s64x128x8tf32implicit_gemm_fprop_f32_f32_f32_f32_f32_f32_64x128x32_dyn_cga_ndhwc_ndhwc_ndhwc_align4_1sm_relu_valpha_vbeta, 0x5d7223c6c14c7, cga={2 1 2 1 1 2 1} , 1
[07/22/2026-00:36:02] [TRT] [V]  (foreignNode)   46, 0.0076800, 1.36286, 1.26612, cutlass3x_sm100_tensorop_s64x128x8tf32implicit_gemm_fprop_f32_f32_f32_f32_f32_f32_64x128x32_dyn_cga_ndhwc_ndhwc_ndhwc_align4_1sm_relu_valpha_vbeta, 0x3dc1159fd791f, cga={2 2 4 1 1 2 1} , 1
[07/22/2026-00:36:02] [TRT] [V]  (foreignNode)   51, 0.0076800, 1.36286, 1.26845, cutlass3x_sm100_tensorop_s64x128x8tf32implicit_gemm_fprop_f32_f32_f32_f32_f32_f32_64x128x32_dyn_cga_ndhwc_ndhwc_ndhwc_align4_1sm_relu_valpha_vbeta, 0x3c1d877c093a1, cga={2 1 8 1 1 2 1} , 1
[07/22/2026-00:36:02] [TRT] [V]  (foreignNode)   53, 0.0076800, 1.36286, 1.27085, cutlass3x_sm100_tensorop_s64x128x8tf32implicit_gemm_fprop_f32_f32_f32_f32_f32_f32_64x128x32_dyn_cga_ndhwc_ndhwc_ndhwc_align4_1sm_relu_valpha_vbeta, 0x4bc31390a3a59, cga={2 2 8 1 1 2 1} , 1
[07/22/2026-00:36:02] [TRT] [V]  (foreignNode)   40, 0.0076864, 1.36400, 1.26401, cutlass3x_sm100_tensorop_s64x128x8tf32implicit_gemm_fprop_f32_f32_f32_f32_f32_f32_64x128x32_dyn_cga_ndhwc_ndhwc_ndhwc_align4_1sm_relu_valpha_vbeta, 0x49ddb3089dcf6, cga={2 2 2 1 1 2 1} , 1
[07/22/2026-00:36:02] [TRT] [V]  (foreignNode)   39, 0.0077824, 1.38103, 1.24842, cutlass3x_sm100_tensorop_s64x128x8tf32implicit_gemm_fprop_f32_f32_f32_f32_f32_f32_64x128x32_dyn_cga_ndhwc_ndhwc_ndhwc_align4_1sm_relu_valpha_vbeta, 0x432043c145eeb, cga={2 2 2 1 2 1 1} , 1
[07/22/2026-00:36:02] [TRT] [V]  (foreignNode)   44, 0.0077824, 1.38103, 1.24918, cutlass3x_sm100_tensorop_s64x128x8tf32implicit_gemm_fprop_f32_f32_f32_f32_f32_f32_64x128x32_dyn_cga_ndhwc_ndhwc_ndhwc_align4_1sm_relu_valpha_vbeta, 0x3018fc1ff22a1, cga={2 2 4 1 2 1 1} , 1
[07/22/2026-00:36:02] [TRT] [V]  (foreignNode)   32, 0.0077856, 1.38160, 1.18754, cutlass3x_sm100_tensorop_s64x128x8tf32implicit_gemm_fprop_f32_f32_f32_f32_f32_f32_64x128x32_dyn_cga_ndhwc_ndhwc_ndhwc_align4_1sm_relu_valpha_vbeta, 0x4f48fad0f2fe4, cga={2 1 1 1 1 1 1} , 1
[07/22/2026-00:36:02] [TRT] [V]  (foreignNode)    4, 0.0130912, 2.32311, 0.02554, sm80_xmma_fprop_implicit_gemm_f32f32_tf32f32_f32_nhwckrsc_nhwc_tilesize64x32x64_stage5_warpsize2x2x1_g1_tensor16x8x8_t1r5s5, 0x59bdfea7a7d69, , 0
[07/22/2026-00:36:02] [TRT] [V]  (foreignNode)    2, 0.0136192, 2.41681, 0.01241, sm80_xmma_fprop_implicit_gemm_f32f32_tf32f32_f32_nhwckrsc_nhwc_tilesize64x128x32_stage5_warpsize2x2x1_g1_tensor16x8x8_t1r5s5, 0x4aebcb5203240, , 0
[07/22/2026-00:36:02] [TRT] [V]  (foreignNode)    5, 0.0138240, 2.45315, 0.02695, sm80_xmma_fprop_implicit_gemm_f32f32_tf32f32_f32_nhwckrsc_nhwc_tilesize128x64x32_stage5_warpsize2x2x1_g1_tensor16x8x8_t1r5s5, 0x6a58df657dcaa, , 0
[07/22/2026-00:36:02] [TRT] [V]  (foreignNode)   35, 0.0148480, 2.63487, 0.64805, sm80_xmma_fprop_implicit_gemm_indexed_f32f32_tf32f32_f32_nhwckrsc_nhwc_tilesize64x32x64_stage5_warpsize2x2x1_g1_tensor16x8x8, 0x338165085891a, , 0
[07/22/2026-00:36:02] [TRT] [V]  (foreignNode)   77, 0.0148480, 2.63487, 0.77244, sm80_xmma_fprop_implicit_gemm_indexed_wo_smem_f32f32_tf32f32_f32_nhwckrsc_nhwc_tilesize128x16x64_stage1_warpsize4x1x1_g1_tensor16x8x8, 0x60025a7b802e9, , 0
[07/22/2026-00:36:02] [TRT] [V]  (foreignNode)   82, 0.0150496, 2.67064, 0.80984, sm80_xmma_fprop_implicit_gemm_indexed_wo_smem_f32f32_tf32f32_f32_nhwckrsc_nhwc_tilesize128x16x64_stage1_warpsize4x1x1_g1_tensor16x8x8_alignc4, 0x6234eae9821b8, , 0
[07/22/2026-00:36:02] [TRT] [V]  (foreignNode)    6, 0.0162848, 2.88984, 0.02464, sm80_xmma_fprop_implicit_gemm_f32f32_tf32f32_f32_nhwckrsc_nhwc_tilesize64x64x64_stage4_warpsize2x2x1_g1_tensor16x8x8_t1r5s5, 0x2b3f208d97ae7, , 0
[07/22/2026-00:36:02] [TRT] [V]  (foreignNode)   76, 0.0166880, 2.96139, 0.67245, sm80_xmma_fprop_implicit_gemm_indexed_f32f32_tf32f32_f32_nhwckrsc_nhwc_tilesize64x64x64_stage4_warpsize2x2x1_g1_tensor16x8x8, 0x40a10ceade816, , 0
[07/22/2026-00:36:02] [TRT] [V]  (foreignNode)    7, 0.0192000, 3.40716, 0.02401, sm80_xmma_fprop_implicit_gemm_f32f32_tf32f32_f32_nhwckrsc_nchw_tilesize64x32x64_stage5_warpsize2x2x1_g1_tensor16x8x8_t1r5s5_alignc4, 0x54d3783756be3, , 0
[07/22/2026-00:36:02] [TRT] [V]  (foreignNode)   29, 0.0197696, 3.50823, 0.43422, sm80_xmma_fprop_implicit_gemm_f32f32_f32f32_f32_nhwckrsc_nhwc_tilesize32x32x8_stage3_warpsize1x2x1_g1_ffma_aligna4_alignc4, 0x5a0eb69e547e0, , 0
[07/22/2026-00:36:02] [TRT] [V]  (foreignNode)   18, 0.0202752, 3.59796, 0.31841, sm80_xmma_fprop_implicit_gemm_f32f32_tf32f32_f32_nhwckrsc_nhwc_tilesize128x128x16_stage4_warpsize2x2x1_g1_tensor16x8x8_t1r5s5, 0x5cb502aeee094, , 0
[07/22/2026-00:36:02] [TRT] [V]  (foreignNode)   33, 0.0211968, 3.76150, 0.44020, sm80_xmma_fprop_implicit_gemm_indexed_f32f32_f32f32_f32_nhwckrsc_nhwc_tilesize32x32x8_stage3_warpsize1x2x1_g1_ffma_aligna4_alignc4, 0x3d4cb2024beeb, , 0
[07/22/2026-00:36:02] [TRT] [V]  (foreignNode)    3, 0.0218112, 3.87053, 0.00899, sm80_xmma_fprop_implicit_gemm_f32f32_tf32f32_f32_nhwckrsc_nchw_tilesize128x64x32_stage5_warpsize2x2x1_g1_tensor16x8x8_t1r5s5_alignc4, 0x615e157303686, , 0
[07/22/2026-00:36:02] [TRT] [V]  (foreignNode)    8, 0.0230464, 4.08972, 0.02062, sm80_xmma_fprop_implicit_gemm_f32f32_tf32f32_f32_nhwckrsc_nhwc_tilesize128x128x32_stage4_warpsize2x2x1_g1_tensor16x8x8_t1r5s5, 0x67d95ea2715af, , 0
[07/22/2026-00:36:02] [TRT] [V]  (foreignNode)    1, 0.0231936, 4.11584, 0.00534, sm80_xmma_fprop_implicit_gemm_f32f32_tf32f32_f32_nhwckrsc_nchw_tilesize64x128x32_stage5_warpsize2x2x1_g1_tensor16x8x8_t1r5s5_alignc4, 0x586e755fb164c, , 0
[07/22/2026-00:36:02] [TRT] [V]  (foreignNode)   14, 0.0232480, 4.12550, 0.10996, sm80_xmma_fprop_implicit_gemm_f32f32_tf32f32_f32_nhwckrsc_nhwc_tilesize256x64x32_stage3_warpsize4x2x1_g1_tensor16x8x8_t1r5s5, 0x2d318137dabe5, , 0
[07/22/2026-00:36:02] [TRT] [V]  (foreignNode)   34, 0.0238080, 4.22487, 0.40306, sm80_xmma_fprop_implicit_gemm_indexed_f32f32_tf32f32_f32_nhwckrsc_nchw_tilesize64x32x64_stage5_warpsize2x2x1_g1_tensor16x8x8_alignc4, 0x5f268b74d7eee, , 0
[07/22/2026-00:36:02] [TRT] [V]  (foreignNode)   11, 0.0253856, 4.50483, 0.02686, sm80_xmma_fprop_implicit_gemm_f32f32_tf32f32_f32_nhwckrsc_nhwc_tilesize128x64x64_stage3_warpsize2x2x1_g1_tensor16x8x8_t1r5s5, 0x2dd48042b6066, , 0
[07/22/2026-00:36:02] [TRT] [V]  (foreignNode)    9, 0.0259584, 4.60647, 0.01929, sm80_xmma_fprop_implicit_gemm_f32f32_tf32f32_f32_nhwckrsc_nchw_tilesize64x64x64_stage4_warpsize2x2x1_g1_tensor16x8x8_t1r5s5_alignc4, 0x688696e874812, , 0
[07/22/2026-00:36:02] [TRT] [V]  (foreignNode)   81, 0.0265776, 4.71635, 0.45811, sm80_xmma_fprop_implicit_gemm_indexed_f32f32_tf32f32_f32_nhwckrsc_nchw_tilesize64x64x64_stage4_warpsize2x2x1_g1_tensor16x8x8_alignc4, 0x5582301196a32, , 0
[07/22/2026-00:36:02] [TRT] [V]  (foreignNode)   15, 0.0324096, 5.75128, 0.12560, sm80_xmma_fprop_implicit_gemm_f32f32_tf32f32_f32_nhwckrsc_nchw_tilesize128x128x16_stage4_warpsize2x2x1_g1_tensor16x8x8_t1r5s5_alignc4, 0x64a5bc9cfe0be, , 0
[07/22/2026-00:36:02] [TRT] [V]  (foreignNode)   30, 0.0336384, 5.96934, 0.27224, sm80_xmma_fprop_implicit_gemm_f32f32_f32f32_f32_nchwkcrs_nchw_tilesize32x32x8_stage3_warpsize1x2x1_g1_ffma_aligna4_alignc4, 0x47d7e95cee988, , 0
[07/22/2026-00:36:02] [TRT] [V]  (foreignNode)   13, 0.0342528, 6.07836, 0.05231, sm80_xmma_fprop_implicit_gemm_f32f32_tf32f32_f32_nhwckrsc_nchw_tilesize256x64x32_stage3_warpsize4x2x1_g1_tensor16x8x8_t1r5s5_alignc4, 0x30a5d44552db2, , 0
[07/22/2026-00:36:02] [TRT] [V]  (foreignNode)   65, 0.0358400, 6.36002, 0.30321, sm80_xmma_fprop_implicit_gemm_f32f32_tf32f32_f32_nhwckrsc_nhwc_tilesize128x256x32_stage3_warpsize2x4x1_g1_tensor16x8x8_t1r5s5, 0x3b10a86956171, , 0
[07/22/2026-00:36:02] [TRT] [V]  (foreignNode)   54, 0.0359328, 6.37649, 0.28164, sm80_xmma_fprop_implicit_gemm_f32f32_tf32f32_f32_nhwckrsc_nhwc_tilesize256x128x32_stage3_warpsize4x2x1_g1_tensor16x8x8_t1r5s5, 0x3b1f9bd070fa0, , 0
[07/22/2026-00:36:02] [TRT] [V]  (foreignNode)   10, 0.0373248, 6.62351, 0.01610, sm80_xmma_fprop_implicit_gemm_f32f32_tf32f32_f32_nhwckrsc_nchw_tilesize128x64x64_stage3_warpsize2x2x1_g1_tensor16x8x8_t1r5s5_alignc4, 0x48512b62cf88f, , 0
[07/22/2026-00:36:02] [TRT] [V]  (foreignNode)   12, 0.0407040, 7.22317, 0.01767, sm80_xmma_fprop_implicit_gemm_f32f32_tf32f32_f32_nhwckrsc_nchw_tilesize128x128x32_stage4_warpsize2x2x1_g1_tensor16x8x8_t1r5s5_alignc4, 0x3e2a39739eeed, , 0
[07/22/2026-00:36:02] [TRT] [V]  (foreignNode)   78, 0.0508416, 9.02215, 0.22691, sm80_xmma_fprop_implicit_gemm_indexed_f32f32_f32f32_f32_nchwkcrs_nchw_tilesize32x32x8_stage3_warpsize1x2x1_g1_ffma_aligna4_alignc4, 0x30203ca254bcf, , 0
[07/22/2026-00:36:02] [TRT] [V]  (foreignNode)   17, 0.0565248, 10.03066, 0.08898, sm80_xmma_fprop_implicit_gemm_f32f32_tf32f32_f32_nhwckrsc_nchw_tilesize128x256x32_stage3_warpsize2x4x1_g1_tensor16x8x8_t1r5s5_alignc4, 0x37803b8af7e5a, , 0
[07/22/2026-00:36:02] [TRT] [V]  (foreignNode)   16, 0.0572928, 10.16695, 0.07419, sm80_xmma_fprop_implicit_gemm_f32f32_tf32f32_f32_nhwckrsc_nchw_tilesize256x128x32_stage3_warpsize4x2x1_g1_tensor16x8x8_t1r5s5_alignc4, 0x5779c54eff1c5, , 0
[07/22/2026-00:36:02] [TRT] [V]  (foreignNode)    0, 0.1576960, 27.98410, 0.00008, sm80_xmma_fprop_implicit_gemm_f32f32_f32f32_f32_nhwckrsc_nhwc_tilesize64x32x32_stage3_warpsize1x1x1_g1_ffma_t1r5s5_aligna4_alignc4, 0x56237ba1a6097, , 0
[07/22/2026-00:36:02] [TRT] [V]  (foreignNode) Autotuning op node_max_pool2d_1: [ONNX Layer: node_max_pool2d_1]
[07/22/2026-00:36:02] [TRT] [V]  (foreignNode) Sorted table of all evaluated tactics:
[07/22/2026-00:36:02] [TRT] [V]  (foreignNode) tactic_id, cost(in ms), cost/fastest_cost, prediction_correlation, kernel_name, tactic_hash, tunable_parameter
[07/22/2026-00:36:02] [TRT] [V]  (foreignNode)   22, 0.0032768, 1.00000, 0.00000, sm50_xmma_pooling_max_nhwc_FP32FP32_WINDOWSIZE_0_PROPAGATE_NAN_3D, 0x6177346d98061, 
[07/22/2026-00:36:02] [TRT] [V]  (foreignNode)   18, 0.0032832, 1.00195, 0.00000, sm50_xmma_pooling_max_nhwc_FP32FP32_WINDOWSIZE_0_PROPAGATE_NAN_2D, 0x3dd9bff0e8c14, 
[07/22/2026-00:36:02] [TRT] [V]  (foreignNode)   19, 0.0034784, 1.06152, 0.00000, sm50_xmma_pooling_fw_4d_FP32FP32NHWC_Max_CAlign4, 0x3da7f3d2dcdcd, 
[07/22/2026-00:36:02] [TRT] [V]  (foreignNode)   21, 0.0035680, 1.08887, 0.00000, sm50_xmma_pooling_max_nhwc_FP32FP32_WINDOWSIZE_0_NOT_PROPAGATE_NAN_3D, 0x4dade819934e3, 
[07/22/2026-00:36:02] [TRT] [V]  (foreignNode)   20, 0.0035840, 1.09375, 0.00000, sm50_xmma_pooling_max_nhwc_FP32FP32_WINDOWSIZE_0_NOT_PROPAGATE_NAN_2D, 0x601752c5587a9, 
[07/22/2026-00:36:02] [TRT] [V]  (foreignNode)    0, 0.0042960, 1.31104, 0.00000, sm50_xmma_pooling_tiled_FP32NCHW_kMAX_tP2_tQ16_tR2_tS2_tU2_tV2_tUnroll2_tThreads128, 0x5994346401f70, 
[07/22/2026-00:36:02] [TRT] [V]  (foreignNode)    3, 0.0042960, 1.31104, 0.00000, sm50_xmma_pooling_tiled_FP32NCHW_kMAX_tP2_tQ32_tR2_tS2_tU2_tV2_tUnroll6_tThreads256, 0x4c0508fb8011a, 
[07/22/2026-00:36:02] [TRT] [V]  (foreignNode)    6, 0.0042960, 1.31104, 0.00000, sm50_xmma_pooling_tiled_FP32NCHW_kMAX_tP2_tQ16_tR2_tS2_tU2_tV2_tUnroll6_tThreads128, 0x4b6404544edf2, 
[07/22/2026-00:36:02] [TRT] [V]  (foreignNode)    9, 0.0042960, 1.31104, 0.00000, sm50_xmma_pooling_tiled_FP32NCHW_kMAX_tP2_tQ32_tR2_tS2_tU2_tV2_tUnroll3_tThreads256, 0x4a75b59f583e1, 
[07/22/2026-00:36:02] [TRT] [V]  (foreignNode)   10, 0.0043008, 1.31250, 0.00000, sm50_xmma_pooling_tiled_FP32NCHW_kMAX_tP2_tQ32_tR2_tS2_tU2_tV2_tUnroll5_tThreads256, 0x65ece6dbe7db4, 
[07/22/2026-00:36:02] [TRT] [V]  (foreignNode)   11, 0.0043008, 1.31250, 0.00000, sm50_xmma_pooling_tiled_FP32NCHW_kMAX_tP2_tQ32_tR2_tS2_tU2_tV2_tUnroll4_tThreads256, 0x4ca6630b8b8ab, 
[07/22/2026-00:36:02] [TRT] [V]  (foreignNode)   13, 0.0043008, 1.31250, 0.00000, sm50_xmma_pooling_tiled_FP32NCHW_kMAX_tP2_tQ32_tR2_tS2_tU2_tV2_tUnroll2_tThreads256, 0x438ad4d9d8485, 
[07/22/2026-00:36:02] [TRT] [V]  (foreignNode)    7, 0.0043056, 1.31396, 0.00000, sm50_xmma_pooling_tiled_FP32NCHW_kMAX_tP2_tQ16_tR2_tS2_tU2_tV2_tUnroll5_tThreads128, 0x617e7b7086c5e, 
[07/22/2026-00:36:02] [TRT] [V]  (foreignNode)   12, 0.0043056, 1.31396, 0.00000, sm50_xmma_pooling_tiled_FP32NCHW_kMAX_tP2_tQ32_tR2_tS2_tU2_tV2_tUnroll7_tThreads256, 0x4580c17baa2c1, 
[07/22/2026-00:36:02] [TRT] [V]  (foreignNode)   14, 0.0043056, 1.31396, 0.00000, sm50_xmma_pooling_tiled_FP32NCHW_kMAX_tP2_tQ16_tR2_tS2_tU2_tV2_tUnroll3_tThreads128, 0x395ae2b091f44, 
[07/22/2026-00:36:02] [TRT] [V]  (foreignNode)    4, 0.0043200, 1.31836, 0.00000, sm50_xmma_pooling_tiled_FP32NCHW_kMAX_tP2_tQ16_tR2_tS2_tU2_tV2_tUnroll7_tThreads128, 0x5ea03d00b15e0, 
[07/22/2026-00:36:02] [TRT] [V]  (foreignNode)    1, 0.0044544, 1.35938, 0.00000, sm50_xmma_pooling_tiled_FP32NCHW_kMAX_tP2_tQ16_tR2_tS2_tU2_tV2_tUnroll4_tThreads128, 0x304f0f2939286, 
[07/22/2026-00:36:02] [TRT] [V]  (foreignNode)   17, 0.0045744, 1.39600, 0.00000, sm50_xmma_pooling_tiled_FP32NCHW_kMAX_tP2_tQ32_tR2_tS2_tU2_tV2_tUnroll1_tThreads256, 0x38ba3506f51b9, 
[07/22/2026-00:36:02] [TRT] [V]  (foreignNode)    2, 0.0046032, 1.40479, 0.00000, sm50_xmma_pooling_tiled_FP32NCHW_kMAX_tP2_tQ16_tR2_tS2_tU2_tV2_tUnroll1_tThreads128, 0x42f5ff24d5421, 
[07/22/2026-00:36:02] [TRT] [V]  (foreignNode)    8, 0.0046080, 1.40625, 0.00000, sm50_xmma_pooling_tiled_FP32NCHW_kMAX_tP2_tQ32_tR2_tS2_tU2_tV2_tUnroll8_tThreads256, 0x34c1d253bb2da, 
[07/22/2026-00:36:02] [TRT] [V]  (foreignNode)    5, 0.0046224, 1.41064, 0.00000, sm50_xmma_pooling_tiled_FP32NCHW_kMAX_tP2_tQ16_tR2_tS2_tU2_tV2_tUnroll8_tThreads128, 0x5811697597400, 
[07/22/2026-00:36:02] [TRT] [V]  (foreignNode)   15, 0.0049248, 1.50293, 0.00000, sm50_xmma_pooling_fw_4d_FP32FP32NCHW_Max, 0x4ba9759a52761, 
[07/22/2026-00:36:02] [TRT] [V]  (foreignNode)   16, 0.0049440, 1.50879, 0.00000, sm50_xmma_pooling_nd_NCDHW_kMAX_kGENERIC_3D_POOLING_MODE_kFLOAT_0, 0x5c2957edc3f23, 
[07/22/2026-00:36:02] [TRT] [V]  (foreignNode) Autotuning op node_linear: [ONNX Layer: node_linear][ONNX Layer: node_relu_2]
[07/22/2026-00:36:02] [TRT] [V]  (foreignNode) Sorted table of all evaluated tactics:
[07/22/2026-00:36:02] [TRT] [V]  (foreignNode) tactic_id, cost(in ms), cost/fastest_cost, prediction_correlation, kernel_name, tactic_hash, tunable_parameter
[07/22/2026-00:36:02] [TRT] [V]  (foreignNode)    1, 0.0101344, 1.00000, 0.58333, sm80_xmma_gemm_f32f32_tf32f32_f32_tn_n_tilesize32x32x64_stage3_warpsize2x1x2_tensor16x8x8, 0x4754af3ee6112, 
[07/22/2026-00:36:02] [TRT] [V]  (foreignNode)   45, 0.0109568, 1.08115, 0.74865, sm86_xmma_gemm_f32f32_tf32f32_f32_nn_n_tilesize32x32x64_stage6_warpsize2x2x1_tensor16x8x8, 0x5f006fb224208, 
[07/22/2026-00:36:02] [TRT] [V]  (foreignNode)    3, 0.0109600, 1.08147, 0.55403, sm80_xmma_gemm_f32f32_tf32f32_f32_nn_n_tilesize32x32x64_stage3_warpsize2x1x2_tensor16x8x8, 0x601ffa534e573, 
[07/22/2026-00:36:02] [TRT] [V]  (foreignNode)    4, 0.0111616, 1.10136, 0.55519, sm80_xmma_gemm_f32f32_tf32f32_f32_tn_n_tilesize32x32x64_stage3_warpsize2x1x2_tensor16x8x8, 0x2c80ce2f5c4a6, 
[07/22/2026-00:36:02] [TRT] [V]  (foreignNode)   37, 0.0111648, 1.10167, 0.71612, sm86_xmma_gemm_f32f32_tf32f32_f32_tn_n_tilesize32x32x64_stage6_warpsize2x2x1_tensor16x8x8, 0x49440904257ce, 
[07/22/2026-00:36:02] [TRT] [V]  (foreignNode)    6, 0.0113664, 1.12157, 0.54870, sm80_xmma_gemm_f32f32_tf32f32_f32_tn_n_tilesize32x32x64_stage3_warpsize2x1x2_tensor16x8x8, 0x52fcf3eb82c1f, 
[07/22/2026-00:36:02] [TRT] [V]  (foreignNode)    7, 0.0113664, 1.12157, 0.56098, sm80_xmma_gemm_f32f32_tf32f32_f32_nn_n_tilesize32x32x64_stage3_warpsize2x1x2_tensor16x8x8, 0x31806e557c683, 
[07/22/2026-00:36:02] [TRT] [V]  (foreignNode)   43, 0.0113664, 1.12157, 0.72150, sm80_xmma_gemm_f32f32_tf32f32_f32_tn_n_tilesize64x32x64_stage4_warpsize2x1x2_tensor16x8x8, 0x53bebff85b741, 
[07/22/2026-00:36:02] [TRT] [V]  (foreignNode)   13, 0.0117728, 1.16167, 0.59485, sm80_xmma_gemm_f32f32_tf32f32_f32_tn_n_tilesize32x32x64_stage3_warpsize2x1x2_tensor16x8x8, 0x2b826e27b0430, 
[07/22/2026-00:36:02] [TRT] [V]  (foreignNode)    9, 0.0117760, 1.16198, 0.54509, sm80_xmma_gemm_f32f32_tf32f32_f32_nn_n_tilesize32x32x64_stage3_warpsize2x1x2_tensor16x8x8, 0x56e5cd4b1e999, 
[07/22/2026-00:36:02] [TRT] [V]  (foreignNode)   47, 0.0117824, 1.16261, 0.70449, sm80_xmma_gemm_f32f32_tf32f32_f32_nn_n_tilesize64x32x64_stage4_warpsize2x1x2_tensor16x8x8, 0x4a785364cf633, 
[07/22/2026-00:36:02] [TRT] [V]  (foreignNode)   72, 0.0119776, 1.18188, 0.72786, sm86_xmma_gemm_f32f32_tf32f32_f32_tn_n_tilesize32x32x64_stage6_warpsize2x2x1_tensor16x8x8, 0x304308d622510, 
[07/22/2026-00:36:02] [TRT] [V]  (foreignNode)   26, 0.0122048, 1.20429, 0.63028, sm86_xmma_gemm_f32f32_tf32f32_f32_tn_n_tilesize64x64x64_stage3_warpsize2x2x1_tensor16x8x8, 0x650de5b566787, 
[07/22/2026-00:36:02] [TRT] [V]  (foreignNode)   31, 0.0123904, 1.22261, 0.62466, sm86_xmma_gemm_f32f32_tf32f32_f32_tn_n_tilesize64x64x64_stage3_warpsize2x2x1_tensor16x8x8, 0x6a578c1e81f84, 
[07/22/2026-00:36:02] [TRT] [V]  (foreignNode)   63, 0.0123904, 1.22261, 0.69926, sm80_xmma_gemm_f32f32_tf32f32_f32_tn_n_tilesize64x64x64_stage4_warpsize2x2x1_tensor16x8x8, 0x3715c1a179d48, 
[07/22/2026-00:36:02] [TRT] [V]  (foreignNode)   80, 0.0123904, 1.22261, 0.70806, sm86_xmma_gemm_f32f32_tf32f32_f32_tn_n_tilesize32x32x64_stage6_warpsize2x2x1_tensor16x8x8, 0x652a3d4f71b10, 
[07/22/2026-00:36:02] [TRT] [V]  (foreignNode)   33, 0.0125952, 1.24282, 0.62621, sm86_xmma_gemm_f32f32_tf32f32_f32_nn_n_tilesize64x64x64_stage3_warpsize2x2x1_tensor16x8x8, 0x546622a97ce6a, 
[07/22/2026-00:36:02] [TRT] [V]  (foreignNode)   35, 0.0125952, 1.24282, 0.63012, sm86_xmma_gemm_f32f32_tf32f32_f32_nn_n_tilesize64x64x64_stage3_warpsize2x2x1_tensor16x8x8, 0x3a29ad5e6f92a, 
[07/22/2026-00:36:02] [TRT] [V]  (foreignNode)   71, 0.0126048, 1.24376, 0.69160, sm80_xmma_gemm_f32f32_tf32f32_f32_tn_n_tilesize64x64x64_stage4_warpsize2x2x1_tensor16x8x8, 0x3f590fa97a49c, 
[07/22/2026-00:36:02] [TRT] [V]  (foreignNode)   89, 0.0131904, 1.30155, 0.67113, sm80_xmma_gemm_f32f32_tf32f32_f32_nn_n_tilesize64x64x64_stage4_warpsize2x1x2_tensor16x8x8, 0x3b4109015638a, 
[07/22/2026-00:36:02] [TRT] [V]  (foreignNode)   88, 0.0132064, 1.30313, 0.66989, sm80_xmma_gemm_f32f32_tf32f32_f32_tn_n_tilesize64x32x64_stage4_warpsize2x1x2_tensor16x8x8, 0x51245ad63a290, 
[07/22/2026-00:36:02] [TRT] [V]  (foreignNode)   23, 0.0132128, 1.30376, 0.54789, sm80_xmma_gemm_f32f32_tf32f32_f32_nn_n_tilesize32x32x64_stage3_warpsize2x1x2_tensor16x8x8, 0x50069414d8929, 
[07/22/2026-00:36:02] [TRT] [V]  (foreignNode)   48, 0.0134144, 1.32365, 0.63002, sm80_xmma_gemm_f32f32_tf32f32_f32_tn_n_tilesize32x32x64_stage3_warpsize2x1x2_tensor16x8x8, 0x3954c87e6ea47, 
[07/22/2026-00:36:02] [TRT] [V]  (foreignNode)   87, 0.0134144, 1.32365, 0.65832, sm80_xmma_gemm_f32f32_tf32f32_f32_nn_n_tilesize64x64x64_stage4_warpsize2x1x2_tensor16x8x8, 0x6320ec617cc0c, 
[07/22/2026-00:36:02] [TRT] [V]  (foreignNode)   93, 0.0134144, 1.32365, 0.66230, sm80_xmma_gemm_f32f32_tf32f32_f32_tn_n_tilesize64x32x64_stage4_warpsize2x1x2_tensor16x8x8, 0x5947a886fb6ef, 
[07/22/2026-00:36:02] [TRT] [V]  (foreignNode)   19, 0.0146400, 1.44458, 0.49005, sm80_xmma_gemm_f32f32_tf32f32_f32_nn_n_tilesize64x128x16_stage4_warpsize2x2x1_tensor16x8x8, 0x511ce423a9d8c, 
[07/22/2026-00:36:02] [TRT] [V]  (foreignNode)   78, 0.0146400, 1.44458, 0.59775, sm80_xmma_gemm_f32f32_tf32f32_f32_nn_n_tilesize64x128x16_stage4_warpsize2x2x1_tensor16x8x8, 0x518da6ff6590d, 
[07/22/2026-00:36:02] [TRT] [V]  (foreignNode)   12, 0.0146432, 1.44490, 0.47817, sm80_xmma_gemm_f32f32_tf32f32_f32_tn_n_tilesize32x32x64_stage3_warpsize2x1x2_tensor16x8x8, 0x49387e4fabbcb, 
[07/22/2026-00:36:02] [TRT] [V]  (foreignNode)   74, 0.0146432, 1.44490, 0.59612, sm80_xmma_gemm_f32f32_tf32f32_f32_tn_n_tilesize64x128x16_stage4_warpsize2x2x1_tensor16x8x8, 0x5399ef8e51232, 
[07/22/2026-00:36:02] [TRT] [V]  (foreignNode)   11, 0.0146464, 1.44522, 0.46535, sm80_xmma_gemm_f32f32_tf32f32_f32_tn_n_tilesize32x32x64_stage3_warpsize2x1x2_tensor16x8x8, 0x4273f3a49ff02, 
[07/22/2026-00:36:02] [TRT] [V]  (foreignNode)   18, 0.0146464, 1.44522, 0.48975, sm80_xmma_gemm_f32f32_tf32f32_f32_tn_n_tilesize64x128x16_stage4_warpsize2x2x1_tensor16x8x8, 0x340cd48ea340c, 
[07/22/2026-00:36:02] [TRT] [V]  (foreignNode)    0, 0.0148480, 1.46511, 0.39804, sm80_xmma_gemm_f32f32_tf32f32_f32_tn_n_tilesize32x32x64_stage3_warpsize2x1x2_tensor16x8x8, 0x55ca59c01c8e6, 
[07/22/2026-00:36:02] [TRT] [V]  (foreignNode)   15, 0.0150496, 1.48500, 0.46767, sm80_xmma_gemm_f32f32_tf32f32_f32_nn_n_tilesize32x32x64_stage3_warpsize2x1x2_tensor16x8x8, 0x5c35e3523ca5d, 
[07/22/2026-00:36:02] [TRT] [V]  (foreignNode)   39, 0.0156640, 1.54563, 0.52111, sm86_xmma_gemm_f32f32_tf32f32_f32_tn_n_tilesize64x128x32_stage4_warpsize2x2x1_tensor16x8x8, 0x5d24690f4b295, 
[07/22/2026-00:36:02] [TRT] [V]  (foreignNode)   60, 0.0156672, 1.54594, 0.55087, sm80_xmma_gemm_f32f32_tf32f32_f32_tn_n_tilesize64x128x32_stage5_warpsize2x2x1_tensor16x8x8, 0x34cbf7978a0ab, 
[07/22/2026-00:36:02] [TRT] [V]  (foreignNode)   41, 0.0156800, 1.54721, 0.52297, sm86_xmma_gemm_f32f32_tf32f32_f32_nn_n_tilesize32x32x64_stage6_warpsize2x2x1_tensor16x8x8, 0x66dc88611833d, 
[07/22/2026-00:36:02] [TRT] [V]  (foreignNode)   67, 0.0158688, 1.56584, 0.54756, sm86_xmma_gemm_f32f32_tf32f32_f32_tn_n_tilesize64x64x64_stage3_warpsize2x2x1_tensor16x8x8, 0x3958d694e1568, 
[07/22/2026-00:36:02] [TRT] [V]  (foreignNode)   36, 0.0158784, 1.56678, 0.50339, sm86_xmma_gemm_f32f32_tf32f32_f32_tn_n_tilesize32x32x64_stage6_warpsize2x2x1_tensor16x8x8, 0x334d6aeb9ee39, 
[07/22/2026-00:36:02] [TRT] [V]  (foreignNode)   97, 0.0160768, 1.58636, 0.55521, sm86_xmma_gemm_f32f32_tf32f32_f32_nn_n_tilesize64x64x64_stage3_warpsize2x2x1_tensor16x8x8, 0x57ad3a5939f42, 
[07/22/2026-00:36:02] [TRT] [V]  (foreignNode)   22, 0.0162816, 1.60657, 0.44455, sm80_xmma_gemm_f32f32_tf32f32_f32_nn_n_tilesize32x32x64_stage3_warpsize2x1x2_tensor16x8x8, 0x5c2792944e3c4, 
[07/22/2026-00:36:02] [TRT] [V]  (foreignNode)    2, 0.0163840, 1.61667, 0.37052, sm80_xmma_gemm_f32f32_tf32f32_f32_nn_n_tilesize32x32x64_stage3_warpsize2x1x2_tensor16x8x8, 0x60be6a68c09be, 
[07/22/2026-00:36:02] [TRT] [V]  (foreignNode)   62, 0.0164864, 1.62678, 0.52462, sm80_xmma_gemm_f32f32_f32f32_f32_nn_n_tilesize32x32x8_stage3_warpsize1x2x1_ffma_aligna4_alignc4, 0x50b133907f7ab, 
[07/22/2026-00:36:02] [TRT] [V]  (foreignNode)   83, 0.0167040, 1.64825, 0.52671, sm80_xmma_gemm_f32f32_tf32f32_f32_nn_n_tilesize32x32x64_stage3_warpsize2x1x2_tensor16x8x8, 0x3c15be2f96c18, 
[07/22/2026-00:36:02] [TRT] [V]  (foreignNode)   44, 0.0168960, 1.66719, 0.48545, sm86_xmma_gemm_f32f32_tf32f32_f32_tn_n_tilesize128x128x16_stage3_warpsize2x2x1_tensor16x8x8, 0x621141e7f7421, 
[07/22/2026-00:36:02] [TRT] [V]  (foreignNode)   40, 0.0171008, 1.68740, 0.47943, sm80_xmma_gemm_f32f32_tf32f32_f32_tn_n_tilesize64x32x64_stage4_warpsize2x1x2_tensor16x8x8, 0x6115cd11889d1, 
[07/22/2026-00:36:02] [TRT] [V]  (foreignNode)   58, 0.0171008, 1.68740, 0.50425, sm86_xmma_gemm_f32f32_tf32f32_f32_nn_n_tilesize128x128x16_stage3_warpsize2x2x1_tensor16x8x8, 0x4a4cca60866fe, 
[07/22/2026-00:36:02] [TRT] [V]  (foreignNode)   46, 0.0177152, 1.74803, 0.46843, sm80_xmma_gemm_f32f32_tf32f32_f32_nn_n_tilesize64x32x64_stage4_warpsize2x1x2_tensor16x8x8, 0x505b265d2fd84, 
[07/22/2026-00:36:02] [TRT] [V]  (foreignNode)   82, 0.0179200, 1.76823, 0.49049, sm80_xmma_gemm_f32f32_f32f32_f32_tn_n_tilesize32x32x8_stage3_warpsize1x2x1_ffma_aligna4_alignc4, 0x3895e4e299c32, 
[07/22/2026-00:36:02] [TRT] [V]  (foreignNode)   85, 0.0181216, 1.78813, 0.48657, sm80_xmma_gemm_f32f32_f32f32_f32_nn_n_tilesize32x32x8_stage3_warpsize1x2x1_ffma_aligna4_alignc4, 0x55bfd27191e47, 
[07/22/2026-00:36:02] [TRT] [V]  (foreignNode)   52, 0.0197632, 1.95011, 0.43263, sm80_xmma_gemm_f32f32_tf32f32_f32_nn_n_tilesize32x256x32_stage4_warpsize1x4x1_tensor16x8x8, 0x2d6b36f4a930b, 
[07/22/2026-00:36:02] [TRT] [V]  (foreignNode)    5, 0.0207840, 2.05084, 0.30000, sm80_xmma_gemm_f32f32_tf32f32_f32_tn_n_tilesize32x32x64_stage3_warpsize2x1x2_tensor16x8x8, 0x58131294e7771, 
[07/22/2026-00:36:02] [TRT] [V]  (foreignNode)   28, 0.0207872, 2.05115, 0.37199, sm80_xmma_gemm_f32f32_tf32f32_f32_tn_n_tilesize64x128x16_stage4_warpsize2x2x1_tensor16x8x8, 0x50c6277f14a9d, 
[07/22/2026-00:36:02] [TRT] [V]  (foreignNode)   32, 0.0207872, 2.05115, 0.37238, sm80_xmma_gemm_f32f32_tf32f32_f32_nn_n_tilesize64x128x16_stage4_warpsize2x2x1_tensor16x8x8, 0x5320244124d72, 
[07/22/2026-00:36:02] [TRT] [V]  (foreignNode)   79, 0.0209920, 2.07136, 0.41781, sm86_xmma_gemm_f32f32_tf32f32_f32_tn_n_tilesize32x32x64_stage6_warpsize2x2x1_tensor16x8x8, 0x55435e21c8bd9, 
[07/22/2026-00:36:02] [TRT] [V]  (foreignNode)   21, 0.0209984, 2.07199, 0.34319, sm80_xmma_gemm_f32f32_tf32f32_f32_tn_n_tilesize32x32x64_stage3_warpsize2x1x2_tensor16x8x8, 0x68ab9c9b89e00, 
[07/22/2026-00:36:02] [TRT] [V]  (foreignNode)   25, 0.0213984, 2.11146, 0.34850, sm80_xmma_gemm_f32f32_tf32f32_f32_nn_n_tilesize32x32x64_stage3_warpsize2x1x2_tensor16x8x8, 0x440468bd59eeb, 
[07/22/2026-00:36:02] [TRT] [V]  (foreignNode)    8, 0.0214016, 2.11178, 0.29985, sm80_xmma_gemm_f32f32_tf32f32_f32_nn_n_tilesize32x32x64_stage3_warpsize2x1x2_tensor16x8x8, 0x36c3d0dadc4fc, 
[07/22/2026-00:36:02] [TRT] [V]  (foreignNode)   56, 0.0216064, 2.13199, 0.39817, sm80_xmma_gemm_f32f32_f32f32_f32_nn_n_tilesize32x32x8_stage3_warpsize1x2x1_ffma_aligna4_alignc4, 0x34e06721671ab, 
[07/22/2026-00:36:02] [TRT] [V]  (foreignNode)   66, 0.0217920, 2.15030, 0.39867, sm80_xmma_gemm_f32f32_f32f32_f32_nn_n_tilesize32x64x8_stage3_warpsize1x2x1_ffma_aligna4_alignc4, 0x457566fa3d624, 
[07/22/2026-00:36:02] [TRT] [V]  (foreignNode)   91, 0.0222176, 2.19230, 0.39964, sm80_xmma_gemm_f32f32_f32f32_f32_nn_n_tilesize32x64x8_stage3_warpsize1x2x1_ffma_aligna4_alignc4, 0x477441cc379e7, 
[07/22/2026-00:36:02] [TRT] [V]  (foreignNode)   76, 0.0232448, 2.29365, 0.37596, sm80_xmma_gemm_f32f32_f32f32_f32_tn_n_tilesize32x32x8_stage3_warpsize1x2x1_ffma_aligna4_alignc4, 0x662a0d08103e0, 
[07/22/2026-00:36:02] [TRT] [V]  (foreignNode)   95, 0.0234528, 2.31418, 0.37974, sm80_xmma_gemm_f32f32_f32f32_f32_tn_n_tilesize32x64x8_stage3_warpsize1x2x1_ffma_aligna4_alignc4, 0x293eeea0d38fb, 
[07/22/2026-00:36:02] [TRT] [V]  (foreignNode)   50, 0.0236544, 2.33407, 0.35945, sm86_xmma_gemm_f32f32_tf32f32_f32_tn_n_tilesize128x128x16_stage3_warpsize2x2x1_tensor16x8x8, 0x5a1906720f124, 
[07/22/2026-00:36:02] [TRT] [V]  (foreignNode)   54, 0.0236544, 2.33407, 0.36202, sm80_xmma_gemm_f32f32_f32f32_f32_nn_n_tilesize32x32x8_stage3_warpsize1x2x1_ffma_aligna4_alignc4, 0x61334e6c5a975, 
[07/22/2026-00:36:02] [TRT] [V]  (foreignNode)   99, 0.0239648, 2.36470, 0.37284, sm86_xmma_gemm_f32f32_tf32f32_f32_nn_n_tilesize128x128x16_stage3_warpsize2x2x1_tensor16x8x8, 0x3373d4895d909, 
[07/22/2026-00:36:02] [TRT] [V]  (foreignNode)   69, 0.0246848, 2.43574, 0.35234, sm80_xmma_gemm_f32f32_f32f32_f32_tn_n_tilesize32x32x8_stage3_warpsize1x2x1_ffma_aligna4_alignc4, 0x4b8b0eb9949c9, 
[07/22/2026-00:36:02] [TRT] [V]  (foreignNode)   29, 0.0248832, 2.45532, 0.31096, sm86_xmma_gemm_f32f32_tf32f32_f32_tn_n_tilesize64x64x64_stage3_warpsize2x2x1_tensor16x8x8, 0x3f23f8a152a5d, 
[07/22/2026-00:36:02] [TRT] [V]  (foreignNode)   34, 0.0250848, 2.47521, 0.31630, sm86_xmma_gemm_f32f32_tf32f32_f32_nn_n_tilesize64x64x64_stage3_warpsize2x2x1_tensor16x8x8, 0x6322e945a5976, 
[07/22/2026-00:36:02] [TRT] [V]  (foreignNode)   61, 0.0250880, 2.47553, 0.34473, sm80_xmma_gemm_f32f32_f32f32_f32_nn_n_tilesize32x32x8_stage3_warpsize1x2x1_ffma_aligna4_alignc4, 0x600aa0de177f0, 
[07/22/2026-00:36:02] [TRT] [V]  (foreignNode)   70, 0.0250880, 2.47553, 0.34737, sm80_xmma_gemm_f32f32_tf32f32_f32_tn_n_tilesize64x64x64_stage4_warpsize2x2x1_tensor16x8x8, 0x43848b6439669, 
[07/22/2026-00:36:02] [TRT] [V]  (foreignNode)   92, 0.0252896, 2.49542, 0.35122, sm80_xmma_gemm_f32f32_tf32f32_f32_tn_n_tilesize64x32x64_stage4_warpsize2x1x2_tensor16x8x8, 0x2cc2d52f5fcc6, 
[07/22/2026-00:36:02] [TRT] [V]  (foreignNode)   55, 0.0265216, 2.61699, 0.32435, sm80_xmma_gemm_f32f32_f32f32_f32_nn_n_tilesize32x32x8_stage3_warpsize1x2x1_ffma_aligna4_alignc4, 0x2ab0757f34e1f, 
[07/22/2026-00:36:02] [TRT] [V]  (foreignNode)   81, 0.0269312, 2.65740, 0.32635, sm80_xmma_gemm_f32f32_f32f32_f32_tn_n_tilesize32x32x8_stage3_warpsize1x2x1_ffma_aligna4_alignc4, 0x59b01aab2bd71, 
[07/22/2026-00:36:02] [TRT] [V]  (foreignNode)   86, 0.0271360, 2.67761, 0.32533, sm80_xmma_gemm_f32f32_tf32f32_f32_nn_n_tilesize64x64x64_stage4_warpsize2x1x2_tensor16x8x8, 0x4d6ab547a5dfd, 
[07/22/2026-00:36:02] [TRT] [V]  (foreignNode)   75, 0.0280576, 2.76855, 0.31145, sm80_xmma_gemm_f32f32_f32f32_f32_tn_n_tilesize32x32x8_stage3_warpsize1x2x1_ffma_aligna4_alignc4, 0x541b4d5762a3a, 
[07/22/2026-00:36:02] [TRT] [V]  (foreignNode)   77, 0.0291840, 2.87970, 0.29979, sm80_xmma_gemm_f32f32_tf32f32_f32_nn_n_tilesize64x128x16_stage4_warpsize2x2x1_tensor16x8x8, 0x50633218a182f, 
[07/22/2026-00:36:02] [TRT] [V]  (foreignNode)   64, 0.0291872, 2.88001, 0.29763, sm80_xmma_gemm_f32f32_f32f32_f32_nn_n_tilesize32x64x8_stage3_warpsize1x2x1_ffma_aligna4_alignc4, 0x60f1628294e6b, 
[07/22/2026-00:36:02] [TRT] [V]  (foreignNode)   73, 0.0291872, 2.88001, 0.29901, sm80_xmma_gemm_f32f32_tf32f32_f32_tn_n_tilesize64x128x16_stage4_warpsize2x2x1_tensor16x8x8, 0x33d975691278a, 
[07/22/2026-00:36:02] [TRT] [V]  (foreignNode)   94, 0.0312512, 3.08368, 0.28496, sm80_xmma_gemm_f32f32_f32f32_f32_tn_n_tilesize32x64x8_stage3_warpsize1x2x1_ffma_aligna4_alignc4, 0x4036f2db4de02, 
[07/22/2026-00:36:02] [TRT] [V]  (foreignNode)   10, 0.0332800, 3.28386, 0.20475, sm80_xmma_gemm_f32f32_tf32f32_f32_tn_n_tilesize32x32x64_stage3_warpsize2x1x2_tensor16x8x8, 0x313eaa919b99e, 
[07/22/2026-00:36:02] [TRT] [V]  (foreignNode)   14, 0.0334848, 3.30407, 0.21014, sm80_xmma_gemm_f32f32_tf32f32_f32_nn_n_tilesize32x32x64_stage3_warpsize2x1x2_tensor16x8x8, 0x40cf674f9f233, 
[07/22/2026-00:36:02] [TRT] [V]  (foreignNode)   84, 0.0369632, 3.64730, 0.23853, sm80_xmma_gemm_f32f32_f32f32_f32_nn_n_tilesize32x32x8_stage3_warpsize1x2x1_ffma_aligna4_alignc4, 0x5ac33ddf1e839, 
[07/22/2026-00:36:02] [TRT] [V]  (foreignNode)   90, 0.0370688, 3.65772, 0.23951, sm80_xmma_gemm_f32f32_f32f32_f32_nn_n_tilesize32x64x8_stage3_warpsize1x2x1_ffma_aligna4_alignc4, 0x6477c7b6122cf, 
[07/22/2026-00:36:02] [TRT] [V]  (foreignNode)   65, 0.0412608, 4.07136, 0.21054, sm86_xmma_gemm_f32f32_tf32f32_f32_tn_n_tilesize64x64x64_stage3_warpsize2x2x1_tensor16x8x8, 0x2fb43c6166a71, 
[07/22/2026-00:36:02] [TRT] [V]  (foreignNode)   96, 0.0413696, 4.08210, 0.21571, sm86_xmma_gemm_f32f32_tf32f32_f32_nn_n_tilesize64x64x64_stage3_warpsize2x2x1_tensor16x8x8, 0x2dbfb7f462b29, 
[07/22/2026-00:36:02] [TRT] [V]  (foreignNode)   17, 0.0435200, 4.29428, 0.16480, sm80_xmma_gemm_f32f32_tf32f32_f32_nn_n_tilesize64x128x16_stage4_warpsize2x2x1_tensor16x8x8, 0x6129d9f7edf6b, 
[07/22/2026-00:36:02] [TRT] [V]  (foreignNode)   16, 0.0436224, 4.30439, 0.16439, sm80_xmma_gemm_f32f32_tf32f32_f32_tn_n_tilesize64x128x16_stage4_warpsize2x2x1_tensor16x8x8, 0x5e2d18c0d8a5b, 
[07/22/2026-00:36:02] [TRT] [V]  (foreignNode)   38, 0.0443392, 4.37512, 0.18404, sm86_xmma_gemm_f32f32_tf32f32_f32_tn_n_tilesize64x128x32_stage4_warpsize2x2x1_tensor16x8x8, 0x31b0cab2d3db7, 
[07/22/2026-00:36:02] [TRT] [V]  (foreignNode)   59, 0.0448512, 4.42564, 0.19237, sm80_xmma_gemm_f32f32_tf32f32_f32_tn_n_tilesize64x128x32_stage5_warpsize2x2x1_tensor16x8x8, 0x36aedbdd985a9, 
[07/22/2026-00:36:02] [TRT] [V]  (foreignNode)   20, 0.0619552, 6.11336, 0.11629, sm80_xmma_gemm_f32f32_tf32f32_f32_tn_n_tilesize32x32x64_stage3_warpsize2x1x2_tensor16x8x8, 0x2a355c1d19e67, 
[07/22/2026-00:36:02] [TRT] [V]  (foreignNode)   42, 0.0625664, 6.17367, 0.13107, sm86_xmma_gemm_f32f32_tf32f32_f32_tn_n_tilesize128x128x16_stage3_warpsize2x2x1_tensor16x8x8, 0x3bfc7a67f80af, 
[07/22/2026-00:36:02] [TRT] [V]  (foreignNode)   24, 0.0626688, 6.18377, 0.11896, sm80_xmma_gemm_f32f32_tf32f32_f32_nn_n_tilesize32x32x64_stage3_warpsize2x1x2_tensor16x8x8, 0x505bbf1ba6336, 
[07/22/2026-00:36:02] [TRT] [V]  (foreignNode)   57, 0.0631840, 6.23461, 0.13644, sm86_xmma_gemm_f32f32_tf32f32_f32_nn_n_tilesize128x128x16_stage3_warpsize2x2x1_tensor16x8x8, 0x4cc75a31ded0e, 
[07/22/2026-00:36:02] [TRT] [V]  (foreignNode)   53, 0.0701440, 6.92138, 0.12207, sm80_xmma_gemm_f32f32_f32f32_f32_nn_n_tilesize32x32x8_stage3_warpsize1x2x1_ffma_aligna4_alignc4, 0x5def255456882, 
[07/22/2026-00:36:02] [TRT] [V]  (foreignNode)   68, 0.0705504, 6.96148, 0.12327, sm80_xmma_gemm_f32f32_f32f32_f32_tn_n_tilesize32x32x8_stage3_warpsize1x2x1_ffma_aligna4_alignc4, 0x35a037dfe6431, 
[07/22/2026-00:36:02] [TRT] [V]  (foreignNode)   51, 0.0761824, 7.51721, 0.11219, sm80_xmma_gemm_f32f32_tf32f32_f32_nn_n_tilesize32x256x32_stage4_warpsize1x4x1_tensor16x8x8, 0x590b17c5811d7, 
[07/22/2026-00:36:02] [TRT] [V]  (foreignNode)   30, 0.0783360, 7.72971, 0.09878, sm80_xmma_gemm_f32f32_tf32f32_f32_nn_n_tilesize64x128x16_stage4_warpsize2x2x1_tensor16x8x8, 0x3babff34466f9, 
[07/22/2026-00:36:02] [TRT] [V]  (foreignNode)   27, 0.0784448, 7.74045, 0.09854, sm80_xmma_gemm_f32f32_tf32f32_f32_tn_n_tilesize64x128x16_stage4_warpsize2x2x1_tensor16x8x8, 0x43a65c84f33df, 
[07/22/2026-00:36:02] [TRT] [V]  (foreignNode)   49, 0.1197760, 11.81876, 0.07097, sm86_xmma_gemm_f32f32_tf32f32_f32_tn_n_tilesize128x128x16_stage3_warpsize2x2x1_tensor16x8x8, 0x60c08ef4fbd35, 
[07/22/2026-00:36:02] [TRT] [V]  (foreignNode)   98, 0.1198080, 11.82191, 0.07456, sm86_xmma_gemm_f32f32_tf32f32_f32_nn_n_tilesize128x128x16_stage3_warpsize2x2x1_tensor16x8x8, 0x67c204fd959ea, 
[07/22/2026-00:36:02] [TRT] [V]  (foreignNode) Autotuning op node_linear_1_2: [ONNX Layer: node_linear_1]
[07/22/2026-00:36:02] [TRT] [V]  (foreignNode) Sorted table of all evaluated tactics:
[07/22/2026-00:36:02] [TRT] [V]  (foreignNode) tactic_id, cost(in ms), cost/fastest_cost, prediction_correlation, kernel_name, tactic_hash, tunable_parameter
[07/22/2026-00:36:02] [TRT] [V]  (foreignNode)   17, 0.0078848, 1.00000, 0.86490, sm80_xmma_gemm_f32f32_tf32f32_f32_nn_n_tilesize32x32x64_stage3_warpsize2x2x1_tensor16x8x8_aligna4_alignc4, 0x45780d7633278, 
[07/22/2026-00:36:02] [TRT] [V]  (foreignNode)   14, 0.0078880, 1.00041, 0.83601, sm80_xmma_gemm_f32f32_tf32f32_f32_tn_n_tilesize32x32x64_stage3_warpsize2x2x1_tensor16x8x8_aligna4_alignc4, 0x52a68fac6f316, 
[07/22/2026-00:36:02] [TRT] [V]  (foreignNode)   18, 0.0080896, 1.02597, 0.84923, sm80_xmma_gemm_f32f32_tf32f32_f32_tn_n_tilesize32x32x64_stage3_warpsize2x2x1_tensor16x8x8_aligna4_alignc4, 0x5caf2e16e9e6d, 
[07/22/2026-00:36:02] [TRT] [V]  (foreignNode)   22, 0.0080896, 1.02597, 0.88211, sm80_xmma_gemm_f32f32_tf32f32_f32_tn_n_tilesize32x32x64_stage3_warpsize2x2x1_tensor16x8x8_aligna4_alignc4, 0x4a01bcf5a5e6a, 
[07/22/2026-00:36:02] [TRT] [V]  (foreignNode)   25, 0.0082944, 1.05195, 0.88928, sm80_xmma_gemm_f32f32_tf32f32_f32_nn_n_tilesize32x32x64_stage3_warpsize2x2x1_tensor16x8x8_aligna4_alignc4, 0x4ac96971a09ed, 
[07/22/2026-00:36:02] [TRT] [V]  (foreignNode)   20, 0.0083008, 1.05276, 0.85566, sm80_xmma_gemm_f32f32_tf32f32_f32_nn_n_tilesize32x32x64_stage3_warpsize2x2x1_tensor16x8x8_aligna4_alignc4, 0x4536f3c1fe89e, 
[07/22/2026-00:36:02] [TRT] [V]  (foreignNode)   39, 0.0087040, 1.10390, 1.04811, sm80_xmma_gemm_f32f32_tf32f32_f32_tn_n_tilesize64x32x64_stage5_warpsize2x2x1_tensor16x8x8_aligna4_alignc4, 0x5ebd1bd25ec0d, 
[07/22/2026-00:36:02] [TRT] [V]  (foreignNode)    1, 0.0087104, 1.10471, 0.56502, sm80_xmma_gemm_f32f32_f32f32_f32_nn_n_tilesize32x32x8_stage3_warpsize1x2x1_ffma_aligna4_alignc4, 0x6d8650440f9fc, 
[07/22/2026-00:36:02] [TRT] [V]  (foreignNode)    3, 0.0089088, 1.12987, 0.56957, sm80_xmma_gemm_f32f32_f32f32_f32_nn_n_tilesize32x32x8_stage3_warpsize1x2x1_ffma_aligna4_alignc4, 0x32735936b4af1, 
[07/22/2026-00:36:02] [TRT] [V]  (foreignNode)   43, 0.0089088, 1.12987, 1.04543, sm80_xmma_gemm_f32f32_tf32f32_f32_nn_n_tilesize64x32x64_stage5_warpsize2x2x1_tensor16x8x8_aligna4_alignc4, 0x65feca0fb2307, 
[07/22/2026-00:36:02] [TRT] [V]  (foreignNode)   40, 0.0091040, 1.15463, 1.00721, sm80_xmma_gemm_f32f32_tf32f32_f32_nn_n_tilesize32x64x64_stage4_warpsize2x2x1_tensor16x8x8_aligna4_alignc4, 0x3b03774c7824d, 
[07/22/2026-00:36:02] [TRT] [V]  (foreignNode)   36, 0.0091328, 1.15828, 0.94961, sm80_xmma_gemm_f32f32_tf32f32_f32_tn_n_tilesize32x64x64_stage4_warpsize2x2x1_tensor16x8x8_aligna4_alignc4, 0x3dcaab6c61350, 
[07/22/2026-00:36:02] [TRT] [V]  (foreignNode)    0, 0.0092128, 1.16843, 0.53125, sm80_xmma_gemm_f32f32_f32f32_f32_tn_n_tilesize32x32x8_stage3_warpsize1x2x1_ffma_aligna4_alignc4, 0x53e0b736e7fdb, 
[07/22/2026-00:36:02] [TRT] [V]  (foreignNode)    2, 0.0093184, 1.18182, 0.54214, sm80_xmma_gemm_f32f32_f32f32_f32_tn_n_tilesize32x32x8_stage3_warpsize1x2x1_ffma_aligna4_alignc4, 0x67f6cd3af2931, 
[07/22/2026-00:36:02] [TRT] [V]  (foreignNode)   32, 0.0095232, 1.20779, 0.86427, sm80_xmma_gemm_f32f32_tf32f32_f32_tn_n_tilesize32x32x64_stage3_warpsize2x2x1_tensor16x8x8_aligna4_alignc4, 0x2f3acf82f1b05, 
[07/22/2026-00:36:02] [TRT] [V]  (foreignNode)   44, 0.0097280, 1.23377, 0.96073, sm80_xmma_gemm_f32f32_tf32f32_f32_tn_n_tilesize64x32x64_stage5_warpsize2x2x1_tensor16x8x8_aligna4_alignc4, 0x6654d97a8e262, 
[07/22/2026-00:36:02] [TRT] [V]  (foreignNode)   34, 0.0099328, 1.25974, 0.85580, sm80_xmma_gemm_f32f32_tf32f32_f32_nn_n_tilesize32x32x64_stage3_warpsize2x2x1_tensor16x8x8_aligna4_alignc4, 0x5f4815e9ed28e, 
[07/22/2026-00:36:02] [TRT] [V]  (foreignNode)   46, 0.0099328, 1.25974, 0.95487, sm80_xmma_gemm_f32f32_tf32f32_f32_tn_n_tilesize32x64x64_stage4_warpsize2x2x1_tensor16x8x8_aligna4_alignc4, 0x342bcbcf43544, 
[07/22/2026-00:36:02] [TRT] [V]  (foreignNode)   47, 0.0099328, 1.25974, 0.96035, sm80_xmma_gemm_f32f32_tf32f32_f32_nn_n_tilesize64x32x64_stage5_warpsize2x2x1_tensor16x8x8_aligna4_alignc4, 0x494eb4c142719, 
[07/22/2026-00:36:02] [TRT] [V]  (foreignNode)   53, 0.0099360, 1.26015, 1.02043, sm80_xmma_gemm_f32f32_tf32f32_f32_tn_n_tilesize64x64x64_stage4_warpsize2x2x1_tensor16x8x8_aligna4_alignc4, 0x56c30e5468447, 
[07/22/2026-00:36:02] [TRT] [V]  (foreignNode)   49, 0.0101312, 1.28490, 0.98733, sm80_xmma_gemm_f32f32_tf32f32_f32_nn_n_tilesize32x64x64_stage4_warpsize2x2x1_tensor16x8x8_aligna4_alignc4, 0x60aeb3c689fac, 
[07/22/2026-00:36:02] [TRT] [V]  (foreignNode)    4, 0.0101344, 1.28531, 0.56416, sm80_xmma_gemm_f32f32_f32f32_f32_nn_n_tilesize32x32x8_stage3_warpsize1x2x1_ffma_aligna4_alignc4, 0x659891649d8d8, 
[07/22/2026-00:36:02] [TRT] [V]  (foreignNode)   68, 0.0101344, 1.28531, 1.10720, sm80_xmma_gemm_f32f32_tf32f32_f32_nn_n_tilesize64x64x64_stage4_warpsize2x2x1_tensor16x8x8_aligna4_alignc4, 0x3481ff247648b, 
[07/22/2026-00:36:02] [TRT] [V]  (foreignNode)   15, 0.0101376, 1.28571, 0.65376, sm80_xmma_gemm_f32f32_f32f32_f32_tn_n_tilesize64x64x8_stage3_warpsize1x4x1_ffma_aligna4_alignc4, 0x432566f52b870, 
[07/22/2026-00:36:02] [TRT] [V]  (foreignNode)   50, 0.0101376, 1.28571, 0.99514, sm80_xmma_gemm_f32f32_tf32f32_f32_tn_n_tilesize32x64x64_stage4_warpsize2x2x1_tensor16x8x8_aligna4_alignc4, 0x4a1d7a85bbd47, 
[07/22/2026-00:36:02] [TRT] [V]  (foreignNode)   13, 0.0103360, 1.31088, 0.63272, sm80_xmma_gemm_f32f32_f32f32_f32_nn_n_tilesize64x64x8_stage3_warpsize1x4x1_ffma_aligna4_alignc4, 0x5c5f59a7452c1, 
[07/22/2026-00:36:02] [TRT] [V]  (foreignNode)   54, 0.0103424, 1.31169, 0.98205, sm80_xmma_gemm_f32f32_tf32f32_f32_tn_n_tilesize64x32x64_stage5_warpsize2x2x1_tensor16x8x8_aligna4_alignc4, 0x52602fda34293, 
[07/22/2026-00:36:02] [TRT] [V]  (foreignNode)   62, 0.0103424, 1.31169, 1.02696, sm80_xmma_gemm_f32f32_tf32f32_f32_nn_n_tilesize32x64x64_stage4_warpsize2x2x1_tensor16x8x8_aligna4_alignc4, 0x5b3593f2790f8, 
[07/22/2026-00:36:02] [TRT] [V]  (foreignNode)   57, 0.0105376, 1.33644, 0.98286, sm80_xmma_gemm_f32f32_tf32f32_f32_nn_n_tilesize64x32x64_stage5_warpsize2x2x1_tensor16x8x8_aligna4_alignc4, 0x62a1dc1117c3b, 
[07/22/2026-00:36:02] [TRT] [V]  (foreignNode)   21, 0.0107424, 1.36242, 0.66368, sm80_xmma_gemm_f32f32_f32f32_f32_tn_n_tilesize64x64x8_stage3_warpsize1x4x1_ffma_aligna4_alignc4, 0x6b866be409fe3, 
[07/22/2026-00:36:02] [TRT] [V]  (foreignNode)   37, 0.0107488, 1.36323, 0.82833, sm80_xmma_gemm_f32f32_tf32f32_f32_tn_n_tilesize32x32x64_stage3_warpsize2x2x1_tensor16x8x8_aligna4_alignc4, 0x42cd613e5ca06, 
[07/22/2026-00:36:02] [TRT] [V]  (foreignNode)    5, 0.0107520, 1.36364, 0.53184, sm80_xmma_gemm_f32f32_f32f32_f32_tn_n_tilesize32x32x8_stage3_warpsize1x2x1_ffma_aligna4_alignc4, 0x3299804590860, 
[07/22/2026-00:36:02] [TRT] [V]  (foreignNode)   19, 0.0107520, 1.36364, 0.65376, sm80_xmma_gemm_f32f32_f32f32_f32_nn_n_tilesize64x64x8_stage3_warpsize1x4x1_ffma_aligna4_alignc4, 0x3c6cbb87a3c11, 
[07/22/2026-00:36:02] [TRT] [V]  (foreignNode)   10, 0.0111616, 1.41558, 0.57329, sm80_xmma_gemm_f32f32_f32f32_f32_nn_n_tilesize64x32x8_stage3_warpsize1x2x1_ffma_aligna4_alignc4, 0x52cfa56c66fe3, 
[07/22/2026-00:36:02] [TRT] [V]  (foreignNode)   28, 0.0111616, 1.41558, 0.68667, sm80_xmma_gemm_f32f32_f32f32_f32_nn_n_tilesize128x32x8_stage3_warpsize2x2x1_ffma_aligna4_alignc4, 0x30fe0c9195ffc, 
[07/22/2026-00:36:02] [TRT] [V]  (foreignNode)   72, 0.0111616, 1.41558, 1.03930, sm80_xmma_gemm_f32f32_tf32f32_f32_tn_n_tilesize128x64x16_stage6_warpsize2x2x1_tensor16x8x8_aligna4_alignc4, 0x64f2e5c5d940f, 
[07/22/2026-00:36:02] [TRT] [V]  (foreignNode)    8, 0.0112448, 1.42614, 0.55562, sm80_xmma_gemm_f32f32_f32f32_f32_tn_n_tilesize64x32x8_stage3_warpsize1x2x1_ffma_aligna4_alignc4, 0x38d559c11c530, 
[07/22/2026-00:36:02] [TRT] [V]  (foreignNode)   41, 0.0113536, 1.43994, 0.80954, sm80_xmma_gemm_f32f32_tf32f32_f32_nn_n_tilesize32x32x64_stage3_warpsize2x2x1_tensor16x8x8_aligna4_alignc4, 0x54bb229ee8962, 
[07/22/2026-00:36:02] [TRT] [V]  (foreignNode)   61, 0.0113664, 1.44156, 0.93172, sm80_xmma_gemm_f32f32_tf32f32_f32_tn_n_tilesize64x64x64_stage4_warpsize2x2x1_tensor16x8x8_aligna4_alignc4, 0x33684ba0784d0, 
[07/22/2026-00:36:02] [TRT] [V]  (foreignNode)   71, 0.0113664, 1.44156, 1.01847, sm80_xmma_gemm_f32f32_tf32f32_f32_nn_n_tilesize128x64x16_stage6_warpsize2x2x1_tensor16x8x8_aligna4_alignc4, 0x2de7e2f56cf38, 
[07/22/2026-00:36:02] [TRT] [V]  (foreignNode)    6, 0.0114688, 1.45455, 0.52981, sm80_xmma_gemm_f32f32_f32f32_f32_nn_n_tilesize32x64x8_stage3_warpsize1x2x1_ffma_aligna4_alignc4, 0x4b5da5f9735be, 
[07/22/2026-00:36:02] [TRT] [V]  (foreignNode)   31, 0.0115712, 1.46753, 0.68775, sm80_xmma_gemm_f32f32_f32f32_f32_tn_n_tilesize128x32x8_stage3_warpsize2x2x1_ffma_aligna4_alignc4, 0x48daa8d92ef38, 
[07/22/2026-00:36:02] [TRT] [V]  (foreignNode)   73, 0.0115712, 1.46753, 1.01208, sm80_xmma_gemm_f32f32_tf32f32_f32_nn_n_tilesize64x64x64_stage4_warpsize2x2x1_tensor16x8x8_aligna4_alignc4, 0x4c826aa077841, 
[07/22/2026-00:36:02] [TRT] [V]  (foreignNode)   81, 0.0115744, 1.46794, 1.06498, sm80_xmma_gemm_f32f32_tf32f32_f32_tn_n_tilesize128x64x16_stage6_warpsize2x2x1_tensor16x8x8_aligna4_alignc4, 0x64959ada68128, 
[07/22/2026-00:36:02] [TRT] [V]  (foreignNode)   33, 0.0117728, 1.49310, 0.70061, sm80_xmma_gemm_f32f32_f32f32_f32_nn_n_tilesize128x32x8_stage3_warpsize2x2x1_ffma_aligna4_alignc4, 0x4e5d102f61daf, 
[07/22/2026-00:36:02] [TRT] [V]  (foreignNode)   16, 0.0117760, 1.49351, 0.56680, sm80_xmma_gemm_f32f32_f32f32_f32_nn_n_tilesize64x32x8_stage3_warpsize1x2x1_ffma_aligna4_alignc4, 0x56f33295cb360, 
[07/22/2026-00:36:02] [TRT] [V]  (foreignNode)   70, 0.0117760, 1.49351, 0.97124, sm80_xmma_gemm_f32f32_tf32f32_f32_tn_n_tilesize64x64x64_stage4_warpsize2x2x1_tensor16x8x8_aligna4_alignc4, 0x2c216db6d3e71, 
[07/22/2026-00:36:02] [TRT] [V]  (foreignNode)   75, 0.0117760, 1.49351, 1.00568, sm80_xmma_gemm_f32f32_tf32f32_f32_tn_n_tilesize128x64x32_stage5_warpsize2x2x1_tensor16x8x8_aligna4_alignc4, 0x3c73ed54e156d, 
[07/22/2026-00:36:02] [TRT] [V]  (foreignNode)   77, 0.0117760, 1.49351, 1.01927, sm80_xmma_gemm_f32f32_tf32f32_f32_tn_n_tilesize128x64x64_stage3_warpsize2x2x1_tensor16x8x8_aligna4_alignc4, 0x432d0b8d4d8fa, 
[07/22/2026-00:36:02] [TRT] [V]  (foreignNode)    9, 0.0117856, 1.49472, 0.53829, sm80_xmma_gemm_f32f32_f32f32_f32_nn_n_tilesize32x64x8_stage3_warpsize1x2x1_ffma_aligna4_alignc4, 0x44c45935bc7b5, 
[07/22/2026-00:36:02] [TRT] [V]  (foreignNode)   12, 0.0119808, 1.51948, 0.54452, sm80_xmma_gemm_f32f32_f32f32_f32_tn_n_tilesize64x32x8_stage3_warpsize1x2x1_ffma_aligna4_alignc4, 0x4e3d702a5a159, 
[07/22/2026-00:36:02] [TRT] [V]  (foreignNode)   51, 0.0119808, 1.51948, 0.84501, sm80_xmma_gemm_f32f32_tf32f32_f32_tn_n_tilesize64x128x16_stage4_warpsize2x2x1_tensor16x8x8_aligna4_alignc4, 0x621a0b86e45c5, 
[07/22/2026-00:36:02] [TRT] [V]  (foreignNode)   79, 0.0119808, 1.51948, 1.02488, sm80_xmma_gemm_f32f32_tf32f32_f32_nn_n_tilesize128x64x16_stage6_warpsize2x2x1_tensor16x8x8_aligna4_alignc4, 0x57bd74ad0587c, 
[07/22/2026-00:36:02] [TRT] [V]  (foreignNode)    7, 0.0121824, 1.54505, 0.50390, sm80_xmma_gemm_f32f32_f32f32_f32_tn_n_tilesize32x64x8_stage3_warpsize1x2x1_ffma_aligna4_alignc4, 0x67684ecabefdf, 
[07/22/2026-00:36:02] [TRT] [V]  (foreignNode)   96, 0.0121824, 1.54505, 1.07603, sm80_xmma_gemm_f32f32_tf32f32_f32_nn_n_tilesize128x64x64_stage3_warpsize2x2x1_tensor16x8x8_aligna4_alignc4, 0x454fd8e312b1c, 
[07/22/2026-00:36:02] [TRT] [V]  (foreignNode)   35, 0.0121856, 1.54545, 0.70288, sm80_xmma_gemm_f32f32_f32f32_f32_tn_n_tilesize128x32x8_stage3_warpsize2x2x1_ffma_aligna4_alignc4, 0x5a8a86e184bbf, 
[07/22/2026-00:36:02] [TRT] [V]  (foreignNode)   80, 0.0121856, 1.54545, 1.00908, sm80_xmma_gemm_f32f32_tf32f32_f32_nn_n_tilesize128x64x32_stage5_warpsize2x2x1_tensor16x8x8_aligna4_alignc4, 0x63fbde31b8230, 
[07/22/2026-00:36:02] [TRT] [V]  (foreignNode)   86, 0.0121856, 1.54545, 1.02539, sm80_xmma_gemm_f32f32_tf32f32_f32_tn_n_tilesize128x64x32_stage5_warpsize2x2x1_tensor16x8x8_aligna4_alignc4, 0x341f85ae7444b, 
[07/22/2026-00:36:02] [TRT] [V]  (foreignNode)   90, 0.0123936, 1.57183, 1.01907, sm80_xmma_gemm_f32f32_tf32f32_f32_nn_n_tilesize64x64x64_stage4_warpsize2x2x1_tensor16x8x8_aligna4_alignc4, 0x3a7eb30a74588, 
[07/22/2026-00:36:02] [TRT] [V]  (foreignNode)   63, 0.0124000, 1.57265, 0.86333, sm80_xmma_gemm_f32f32_tf32f32_f32_tn_n_tilesize64x128x16_stage4_warpsize2x2x1_tensor16x8x8_aligna4_alignc4, 0x307e649047afe, 
[07/22/2026-00:36:02] [TRT] [V]  (foreignNode)   11, 0.0125952, 1.59740, 0.50976, sm80_xmma_gemm_f32f32_f32f32_f32_tn_n_tilesize32x64x8_stage3_warpsize1x2x1_ffma_aligna4_alignc4, 0x3579cd3e36d3e, 
[07/22/2026-00:36:02] [TRT] [V]  (foreignNode)   55, 0.0125952, 1.59740, 0.81022, sm80_xmma_gemm_f32f32_tf32f32_f32_nn_n_tilesize64x128x16_stage4_warpsize2x2x1_tensor16x8x8_aligna4_alignc4, 0x5807b5b3447a2, 
[07/22/2026-00:36:02] [TRT] [V]  (foreignNode)   89, 0.0125952, 1.59740, 1.00049, sm80_xmma_gemm_f32f32_tf32f32_f32_tn_n_tilesize32x64x64_stage4_warpsize2x2x1_tensor16x8x8_aligna4_alignc4, 0x4aa0fda122c34, 
[07/22/2026-00:36:02] [TRT] [V]  (foreignNode)   42, 0.0128000, 1.62338, 0.72469, sm80_xmma_gemm_f32f32_f32f32_f32_tn_n_tilesize64x64x8_stage3_warpsize1x4x1_ffma_aligna4_alignc4, 0x3fc0c9e83dd6c, 
[07/22/2026-00:36:02] [TRT] [V]  (foreignNode)   91, 0.0128000, 1.62338, 0.98847, sm80_xmma_gemm_f32f32_tf32f32_f32_tn_n_tilesize64x32x64_stage5_warpsize2x2x1_tensor16x8x8_aligna4_alignc4, 0x36f27c794c467, 
[07/22/2026-00:36:02] [TRT] [V]  (foreignNode)   95, 0.0128064, 1.62419, 1.01244, sm80_xmma_gemm_f32f32_tf32f32_f32_nn_n_tilesize128x64x32_stage5_warpsize2x2x1_tensor16x8x8_aligna4_alignc4, 0x517cb9b90327b, 
[07/22/2026-00:36:02] [TRT] [V]  (foreignNode)   83, 0.0130016, 1.64894, 0.95532, sm80_xmma_gemm_f32f32_tf32f32_f32_tn_n_tilesize128x64x64_stage3_warpsize2x2x1_tensor16x8x8_aligna4_alignc4, 0x5957f8fa5a5be, 
[07/22/2026-00:36:02] [TRT] [V]  (foreignNode)   38, 0.0130048, 1.64935, 0.70116, sm80_xmma_gemm_f32f32_f32f32_f32_nn_n_tilesize64x64x8_stage3_warpsize1x4x1_ffma_aligna4_alignc4, 0x386ec2c5075ad, 
[07/22/2026-00:36:02] [TRT] [V]  (foreignNode)   65, 0.0130048, 1.64935, 0.82754, sm80_xmma_gemm_f32f32_tf32f32_f32_nn_n_tilesize64x128x16_stage4_warpsize2x2x1_tensor16x8x8_aligna4_alignc4, 0x30270a4dccec8, 
[07/22/2026-00:36:02] [TRT] [V]  (foreignNode)   74, 0.0132096, 1.67532, 0.88657, sm80_xmma_gemm_f32f32_tf32f32_f32_tn_n_tilesize64x128x32_stage5_warpsize2x2x1_tensor16x8x8_aligna4_alignc4, 0x617d1125e4ab3, 
[07/22/2026-00:36:02] [TRT] [V]  (foreignNode)   94, 0.0132096, 1.67532, 0.97437, sm80_xmma_gemm_f32f32_tf32f32_f32_nn_n_tilesize64x32x64_stage5_warpsize2x2x1_tensor16x8x8_aligna4_alignc4, 0x5ecfd53d83a64, 
[07/22/2026-00:36:02] [TRT] [V]  (foreignNode)   97, 0.0132128, 1.67573, 0.99785, sm80_xmma_gemm_f32f32_tf32f32_f32_nn_n_tilesize32x64x64_stage4_warpsize2x2x1_tensor16x8x8_aligna4_alignc4, 0x2ab25b4e85c03, 
[07/22/2026-00:36:02] [TRT] [V]  (foreignNode)   82, 0.0134144, 1.70130, 0.92052, sm80_xmma_gemm_f32f32_tf32f32_f32_tn_n_tilesize64x128x32_stage5_warpsize2x2x1_tensor16x8x8_aligna4_alignc4, 0x301cbec0d3a52, 
[07/22/2026-00:36:02] [TRT] [V]  (foreignNode)   85, 0.0134144, 1.70130, 0.92884, sm80_xmma_gemm_f32f32_tf32f32_f32_tn_n_tilesize64x128x16_stage4_warpsize2x2x1_tensor16x8x8_aligna4_alignc4, 0x48e103b1cf144, 
[07/22/2026-00:36:02] [TRT] [V]  (foreignNode)   26, 0.0136192, 1.72727, 0.54887, sm80_xmma_gemm_f32f32_f32f32_f32_nn_n_tilesize32x64x8_stage3_warpsize1x2x1_ffma_aligna4_alignc4, 0x543494ca28fa3, 
[07/22/2026-00:36:02] [TRT] [V]  (foreignNode)   92, 0.0136192, 1.72727, 0.93227, sm80_xmma_gemm_f32f32_tf32f32_f32_nn_n_tilesize64x128x32_stage5_warpsize2x2x1_tensor16x8x8_aligna4_alignc4, 0x3901812a20a04, 
[07/22/2026-00:36:02] [TRT] [V]  (foreignNode)   98, 0.0138240, 1.75325, 0.96885, sm80_xmma_gemm_f32f32_tf32f32_f32_nn_n_tilesize64x128x32_stage5_warpsize2x2x1_tensor16x8x8_aligna4_alignc4, 0x5a9e62e6f5445, 
[07/22/2026-00:36:02] [TRT] [V]  (foreignNode)   23, 0.0142336, 1.80519, 0.50812, sm80_xmma_gemm_f32f32_f32f32_f32_nn_n_tilesize32x32x8_stage3_warpsize1x2x1_ffma_aligna4_alignc4, 0x3d517a2c35f70, 
[07/22/2026-00:36:02] [TRT] [V]  (foreignNode)   84, 0.0142336, 1.80519, 0.87360, sm80_xmma_gemm_f32f32_tf32f32_f32_nn_n_tilesize64x128x16_stage4_warpsize2x2x1_tensor16x8x8_aligna4_alignc4, 0x553bc4e8ffbff, 
[07/22/2026-00:36:02] [TRT] [V]  (foreignNode)   88, 0.0146336, 1.85593, 0.85989, sm80_xmma_gemm_f32f32_f32f32_f32_nn_n_tilesize128x64x8_stage3_warpsize2x2x1_ffma_aligna4_alignc4, 0x4ad2cadd45255, 
[07/22/2026-00:36:02] [TRT] [V]  (foreignNode)   27, 0.0146432, 1.85714, 0.52011, sm80_xmma_gemm_f32f32_f32f32_f32_tn_n_tilesize32x64x8_stage3_warpsize1x2x1_ffma_aligna4_alignc4, 0x4aad23749013b, 
[07/22/2026-00:36:02] [TRT] [V]  (foreignNode)   64, 0.0146432, 1.85714, 0.73403, sm80_xmma_gemm_f32f32_f32f32_f32_nn_n_tilesize128x32x8_stage3_warpsize2x2x1_ffma_aligna4_alignc4, 0x579b259467105, 
[07/22/2026-00:36:02] [TRT] [V]  (foreignNode)   87, 0.0146432, 1.85714, 0.85723, sm80_xmma_gemm_f32f32_f32f32_f32_tn_n_tilesize128x64x8_stage3_warpsize2x2x1_ffma_aligna4_alignc4, 0x50b40ca668238, 
[07/22/2026-00:36:02] [TRT] [V]  (foreignNode)   30, 0.0148448, 1.88271, 0.52807, sm80_xmma_gemm_f32f32_f32f32_f32_nn_n_tilesize64x32x8_stage3_warpsize1x2x1_ffma_aligna4_alignc4, 0x654a65061bd7f, 
[07/22/2026-00:36:02] [TRT] [V]  (foreignNode)   29, 0.0150528, 1.90909, 0.51099, sm80_xmma_gemm_f32f32_f32f32_f32_tn_n_tilesize64x32x8_stage3_warpsize1x2x1_ffma_aligna4_alignc4, 0x2bcbc43a12613, 
[07/22/2026-00:36:02] [TRT] [V]  (foreignNode)   78, 0.0152576, 1.93507, 0.80014, sm80_xmma_gemm_f32f32_f32f32_f32_nn_n_tilesize64x128x8_stage3_warpsize1x4x1_ffma_aligna4_alignc4, 0x3a21df75373db, 
[07/22/2026-00:36:02] [TRT] [V]  (foreignNode)   67, 0.0154592, 1.96063, 0.72218, sm80_xmma_gemm_f32f32_f32f32_f32_tn_n_tilesize128x32x8_stage3_warpsize2x2x1_ffma_aligna4_alignc4, 0x5dd1e8dc3f9d8, 
[07/22/2026-00:36:02] [TRT] [V]  (foreignNode)   24, 0.0154624, 1.96104, 0.47202, sm80_xmma_gemm_f32f32_f32f32_f32_tn_n_tilesize32x32x8_stage3_warpsize1x2x1_ffma_aligna4_alignc4, 0x5820e1ef3d672, 
[07/22/2026-00:36:02] [TRT] [V]  (foreignNode)   93, 0.0154624, 1.96104, 0.82852, sm80_xmma_gemm_f32f32_f32f32_f32_tn_n_tilesize64x128x8_stage3_warpsize1x4x1_ffma_aligna4_alignc4, 0x49a49a69bf1e3, 
[07/22/2026-00:36:02] [TRT] [V]  (foreignNode)   69, 0.0156672, 1.98701, 0.71690, sm80_xmma_gemm_f32f32_f32f32_f32_nn_n_tilesize32x128x8_stage3_warpsize1x2x1_ffma_aligna4_alignc4, 0x339c784f0defa, 
[07/22/2026-00:36:02] [TRT] [V]  (foreignNode)   56, 0.0156704, 1.98742, 0.65260, sm80_xmma_gemm_f32f32_f32f32_f32_tn_n_tilesize32x128x8_stage3_warpsize1x2x1_ffma_aligna4_alignc4, 0x37753802a0d0d, 
[07/22/2026-00:36:02] [TRT] [V]  (foreignNode)   99, 0.0158688, 2.01258, 0.84835, sm80_xmma_gemm_f32f32_f32f32_f32_nn_n_tilesize64x128x8_stage3_warpsize1x4x1_ffma_aligna4_alignc4, 0x461ccfa549611, 
[07/22/2026-00:36:02] [TRT] [V]  (foreignNode)   76, 0.0162816, 2.06494, 0.73398, sm80_xmma_gemm_f32f32_f32f32_f32_nn_n_tilesize32x128x8_stage3_warpsize1x2x1_ffma_aligna4_alignc4, 0x5ceec0dccb95e, 
[07/22/2026-00:36:02] [TRT] [V]  (foreignNode)   66, 0.0164832, 2.09050, 0.66391, sm80_xmma_gemm_f32f32_f32f32_f32_tn_n_tilesize32x128x8_stage3_warpsize1x2x1_ffma_aligna4_alignc4, 0x42c197d08c321, 
[07/22/2026-00:36:02] [TRT] [V]  (foreignNode)   52, 0.0197504, 2.50487, 0.51309, sm80_xmma_gemm_f32f32_f32f32_f32_nn_n_tilesize32x64x8_stage3_warpsize1x2x1_ffma_aligna4_alignc4, 0x65e98159bcbae, 
[07/22/2026-00:36:02] [TRT] [V]  (foreignNode)   45, 0.0209920, 2.66234, 0.44994, sm80_xmma_gemm_f32f32_f32f32_f32_nn_n_tilesize32x32x8_stage3_warpsize1x2x1_ffma_aligna4_alignc4, 0x333c06a4827c2, 
[07/22/2026-00:36:02] [TRT] [V]  (foreignNode)   59, 0.0220160, 2.79221, 0.47482, sm80_xmma_gemm_f32f32_f32f32_f32_tn_n_tilesize32x64x8_stage3_warpsize1x2x1_ffma_aligna4_alignc4, 0x36bf3b8b0c682, 
[07/22/2026-00:36:02] [TRT] [V]  (foreignNode)   60, 0.0234496, 2.97403, 0.45041, sm80_xmma_gemm_f32f32_f32f32_f32_nn_n_tilesize64x32x8_stage3_warpsize1x2x1_ffma_aligna4_alignc4, 0x2bca8d514bbf3, 
[07/22/2026-00:36:02] [TRT] [V]  (foreignNode)   48, 0.0234624, 2.97565, 0.41040, sm80_xmma_gemm_f32f32_f32f32_f32_tn_n_tilesize32x32x8_stage3_warpsize1x2x1_ffma_aligna4_alignc4, 0x433c4ca9cf9d9, 
[07/22/2026-00:36:02] [TRT] [V]  (foreignNode)   58, 0.0238592, 3.02597, 0.43751, sm80_xmma_gemm_f32f32_f32f32_f32_tn_n_tilesize64x32x8_stage3_warpsize1x2x1_ffma_aligna4_alignc4, 0x2a249c642dc7e, 
[07/22/2026-00:36:02] [TRT] [V] Subgraph compilation completed in 4.819 seconds.
[07/22/2026-00:36:02] [TRT] [V] Tactic: 0x0000000000000000 Time: 0
[07/22/2026-00:36:02] [TRT] [V] {ForeignNode[node_conv2d...ONNXTRT_castHelper_9]} (Myelin[0x80000023]) profiling completed in 4.8267 seconds. Fastest Tactic: 0x0000000000000000 Time: 0
[07/22/2026-00:36:02] [TRT] [V] >>>>>>>>>>>>>>> Chose Runner Type: Myelin Tactic: 0x0000000000000000
[07/22/2026-00:36:02] [TRT] [V] =============== Computing reformatting costs for available format set
[07/22/2026-00:36:02] [TRT] [V] =============== Computing reformatting costs for available format set
[07/22/2026-00:36:02] [TRT] [V] =============== Computing reformatting costs for available format set
[07/22/2026-00:36:02] [TRT] [V] Formats and tactics selection completed in 4.83235 seconds.
[07/22/2026-00:36:02] [TRT] [V] After reformat layers: 1 layers
[07/22/2026-00:36:02] [TRT] [V] Total number of blocks in pre-optimized block assignment: 1
[07/22/2026-00:36:02] [TRT] [I] Detected 1 inputs and 2 output network tensors.
[07/22/2026-00:36:02] [TRT] [V] Layer: {ForeignNode[node_conv2d...ONNXTRT_castHelper_9]} Host Persistent: 80 bytes Device Persistent: 0 bytes Scratch Memory: 591872 bytes
[07/22/2026-00:36:02] [TRT] [V] Skipped printing memory information for 0 layers with 0 memory size i.e. Host Persistent + Device Persistent + Scratch Memory == 0.
[07/22/2026-00:36:02] [TRT] [I] Total Host Persistent Memory: 80 bytes
[07/22/2026-00:36:02] [TRT] [I] Total Device Persistent Memory: 0 bytes
[07/22/2026-00:36:02] [TRT] [I] Max Scratch Memory: 591872 bytes
[07/22/2026-00:36:02] [TRT] [I] [BlockAssignment] Started assigning block shifts. This will take 1 steps to complete.
[07/22/2026-00:36:02] [TRT] [I] [BlockAssignment] Algorithm ShiftNTopDown took 0.005166ms to assign 1 blocks to 1 nodes requiring 591872 bytes.
[07/22/2026-00:36:02] [TRT] [V] Total number of blocks in optimized block assignment: 1
[07/22/2026-00:36:02] [TRT] [I] Total Activation Memory: 591872 bytes
[07/22/2026-00:36:02] [TRT] [V] Constructing optimization profile number 1 [2/2].
[07/22/2026-00:36:02] [TRT] [V] Applying generic optimizations to the graph for inference.
[07/22/2026-00:36:02] [TRT] [V] Reserving memory for host IO tensors. Host: 0 bytes
[07/22/2026-00:36:02] [TRT] [V] =============== Computing costs for {ForeignNode[node_conv2d...ONNXTRT_castHelper_9]} [profile 1]
[07/22/2026-00:36:02] [TRT] [V] ForeignNode {ForeignNode[node_conv2d...ONNXTRT_castHelper_9]} [profile 1] metadata: [ONNX Layer: node_conv2d][ONNX Layer: node_relu][ONNX Layer: node_max_pool2d][ONNX Layer: node_conv2d_1][ONNX Layer: node_relu_1][ONNX Layer: node_max_pool2d_1][ONNX Layer: node_view][ONNX Layer: node_linear][ONNX Layer: node_relu_2][ONNX Layer: node_linear_1][ONNX Layer: node_softmax][ONNX Layer: node_argmax]
[07/22/2026-00:36:02] [TRT] [V] *************** Autotuning format combination: Float(784,784,28,1) -> Float(10,1), Int64(1) ***************
[07/22/2026-00:36:02] [TRT] [V] --------------- Timing Runner: {ForeignNode[node_conv2d...ONNXTRT_castHelper_9]} [profile 1] (Myelin[0x80000023])
[07/22/2026-00:36:03] [TRT] [V]  (foreignNode) Set user's cuda kernel library
[07/22/2026-00:36:03] [TRT] [V]  (foreignNode) Using legacy CPU-only mode.
[07/22/2026-00:36:03] [TRT] [V] Subgraph compilation completed in 0.482 seconds.
[07/22/2026-00:36:03] [TRT] [V] Tactic: 0x0000000000000000 Time: 0
[07/22/2026-00:36:03] [TRT] [V] {ForeignNode[node_conv2d...ONNXTRT_castHelper_9]} [profile 1] (Myelin[0x80000023]) profiling completed in 0.489364 seconds. Fastest Tactic: 0x0000000000000000 Time: 0
[07/22/2026-00:36:03] [TRT] [V] >>>>>>>>>>>>>>> Chose Runner Type: Myelin Tactic: 0x0000000000000000
[07/22/2026-00:36:03] [TRT] [V] =============== Computing reformatting costs for available format set
[07/22/2026-00:36:03] [TRT] [V] =============== Computing reformatting costs for available format set
[07/22/2026-00:36:03] [TRT] [V] =============== Computing reformatting costs for available format set
[07/22/2026-00:36:03] [TRT] [V] Formats and tactics selection completed in 0.494351 seconds.
[07/22/2026-00:36:03] [TRT] [V] After reformat layers: 1 layers
[07/22/2026-00:36:03] [TRT] [V] Total number of blocks in pre-optimized block assignment: 1
[07/22/2026-00:36:03] [TRT] [I] Detected 1 inputs and 2 output network tensors.
[07/22/2026-00:36:03] [TRT] [V] Layer: {ForeignNode[node_conv2d...ONNXTRT_castHelper_9]} [profile 1] Host Persistent: 80 bytes Device Persistent: 0 bytes Scratch Memory: 591872 bytes
[07/22/2026-00:36:03] [TRT] [V] Skipped printing memory information for 0 layers with 0 memory size i.e. Host Persistent + Device Persistent + Scratch Memory == 0.
[07/22/2026-00:36:03] [TRT] [I] Total Host Persistent Memory: 80 bytes
[07/22/2026-00:36:03] [TRT] [I] Total Device Persistent Memory: 0 bytes
[07/22/2026-00:36:03] [TRT] [I] Max Scratch Memory: 591872 bytes
[07/22/2026-00:36:03] [TRT] [I] [BlockAssignment] Started assigning block shifts. This will take 1 steps to complete.
[07/22/2026-00:36:03] [TRT] [I] [BlockAssignment] Algorithm ShiftNTopDown took 0.004378ms to assign 1 blocks to 1 nodes requiring 591872 bytes.
[07/22/2026-00:36:03] [TRT] [V] Total number of blocks in optimized block assignment: 1
[07/22/2026-00:36:03] [TRT] [I] Total Activation Memory: 591872 bytes
[07/22/2026-00:36:03] [TRT] [I] Total Weights Memory: 13098880 bytes
[07/22/2026-00:36:03] [TRT] [V] Total number of generated kernels selected for the engine: 0
[07/22/2026-00:36:03] [TRT] [I] Compiler backend is used during engine execution.
[07/22/2026-00:36:03] [TRT] [V] Disabling unused tactic source: EDGE_MASK_CONVOLUTIONS
[07/22/2026-00:36:03] [TRT] [V] Disabling unused tactic source: JIT_CONVOLUTIONS
[07/22/2026-00:36:03] [TRT] [I] Engine generation completed in 5.3649 seconds.
[07/22/2026-00:36:03] [TRT] [V] Engine Layer Information:
Layer(Myelin): {ForeignNode[node_conv2d...ONNXTRT_castHelper_9]}, Tactic: 0x0000000000000000, x (Float[-1,1,28,28]) -> y (Float[-1,10]), z (Int64[-1])
Layer(Myelin): {ForeignNode[node_conv2d...ONNXTRT_castHelper_9]} [profile 1], Tactic: 0x0000000000000000, x [profile 1] (Float[-1,1,28,28]) -> y [profile 1] (Float[-1,10]), z [profile 1] (Int64[-1])
[07/22/2026-00:36:03] [TRT] [I] [MemUsageStats] Peak memory usage of TRT CPU/GPU memory allocators: CPU 0 MiB, GPU 13 MiB
[07/22/2026-00:36:03] [TRT] [V] Adding 1 engine(s) to plan file.
[07/22/2026-00:36:03] [TRT] [V] Adding 1 engine weights(s) to plan file.
[07/22/2026-00:36:03] [TRT] [I] Loaded engine size: 12 MiB
[07/22/2026-00:36:03] [TRT] [V] Deserialization required 994 microseconds.
[07/22/2026-00:36:03] [TRT] [V] Total per-runner device persistent memory is 0
[07/22/2026-00:36:03] [TRT] [V] Total per-runner host persistent memory is 160
[07/22/2026-00:36:03] [TRT] [V] Allocated device scratch memory of size 591872
[07/22/2026-00:36:03] [TRT] [V] - Runner scratch: 591872 bytes
[07/22/2026-00:36:03] [TRT] [I] [MemUsageChange] TensorRT-managed allocation in IExecutionContext creation: CPU +0, GPU +1, now: CPU 0, GPU 13 (MiB)
[07/22/2026-00:36:03] [TRT] [V] CUDA lazy loading is enabled.
[07/22/2026-00:36:03] [TRT] [W] Using default stream in enqueueV3() may lead to performance issues due to additional calls to cudaStreamSynchronize() by TensorRT to ensure correct synchronization. Please use non-default stream instead.
[07/22/2026-00:36:03] [TRT] [V] Trying to load shared library libnvinfer_builder_resource_sm100.so.11.0.0
[07/22/2026-00:36:03] [TRT] [V] Loaded shared library libnvinfer_builder_resource_sm100.so.11.0.0
[07/22/2026-00:36:03] [TRT] [V] CUDA lazy loading is enabled.
[07/22/2026-00:36:03] [TRT] [I] ----------------------------------------------------------------
[07/22/2026-00:36:03] [TRT] [I] Input filename:   /work/trt-samples-for-hackathon-cn/cookbook/00-Data/model/model-trained.onnx
[07/22/2026-00:36:03] [TRT] [I] ONNX IR version:  0.0.10
[07/22/2026-00:36:03] [TRT] [I] Opset version:    18
[07/22/2026-00:36:03] [TRT] [I] Producer name:    pytorch
[07/22/2026-00:36:03] [TRT] [I] Producer version: 2.11.0a0+a6c236b9fd.nv26.03.46836102
[07/22/2026-00:36:03] [TRT] [I] Domain:           
[07/22/2026-00:36:03] [TRT] [I] Model version:    0
[07/22/2026-00:36:03] [TRT] [I] Doc string:       
[07/22/2026-00:36:03] [TRT] [I] ----------------------------------------------------------------
[07/22/2026-00:36:03] [TRT] [V] Adding network input: x with dtype: float32, dimensions: (-1, 1, 28, 28)
[07/22/2026-00:36:03] [TRT] [V] Registering tensor: x for ONNX tensor: x
[07/22/2026-00:36:03] [TRT] [V] Importing initializer: conv1.weight
[07/22/2026-00:36:03] [TRT] [V] Importing initializer: conv1.bias
[07/22/2026-00:36:03] [TRT] [V] Importing initializer: conv2.weight
[07/22/2026-00:36:03] [TRT] [V] Importing initializer: conv2.bias
[07/22/2026-00:36:03] [TRT] [V] Importing initializer: gemm1.weight
[07/22/2026-00:36:03] [TRT] [V] Importing initializer: gemm1.bias
[07/22/2026-00:36:03] [TRT] [V] Importing initializer: gemm2.weight
[07/22/2026-00:36:03] [TRT] [V] Importing initializer: gemm2.bias
[07/22/2026-00:36:03] [TRT] [V] Importing initializer: val_5
[07/22/2026-00:36:03] [TRT] [V] Static check for parsing node: node_conv2d [Conv]
[07/22/2026-00:36:03] [TRT] [V] Parsing node: node_conv2d [Conv]
[07/22/2026-00:36:03] [TRT] [V] Searching for input: x
[07/22/2026-00:36:03] [TRT] [V] Searching for input: conv1.weight
[07/22/2026-00:36:03] [TRT] [V] Searching for input: conv1.bias
[07/22/2026-00:36:03] [TRT] [V] node_conv2d [Conv] inputs: [x -> (-1, 1, 28, 28)[FLOAT]], [conv1.weight -> (32, 1, 5, 5)[FLOAT]], [conv1.bias -> (32)[FLOAT]], 
[07/22/2026-00:36:03] [TRT] [V] Convolution input dimensions: (-1, 1, 28, 28)
[07/22/2026-00:36:03] [TRT] [V] Registering layer: node_conv2d for ONNX node: node_conv2d
[07/22/2026-00:36:03] [TRT] [V] Using kernel: (5, 5), strides: (1, 1), prepadding: (2, 2), postpadding: (2, 2), dilations: (1, 1), numOutputs: 32, nbGroups: 1
[07/22/2026-00:36:03] [TRT] [V] Convolution output dimensions: (-1, 32, 28, 28)
[07/22/2026-00:36:03] [TRT] [V] Registering tensor: conv2d for ONNX tensor: conv2d
[07/22/2026-00:36:03] [TRT] [V] node_conv2d [Conv] outputs: [conv2d -> (-1, 32, 28, 28)[FLOAT]], 
[07/22/2026-00:36:03] [TRT] [V] Static check for parsing node: node_relu [Relu]
[07/22/2026-00:36:03] [TRT] [V] Parsing node: node_relu [Relu]
[07/22/2026-00:36:03] [TRT] [V] Searching for input: conv2d
[07/22/2026-00:36:03] [TRT] [V] node_relu [Relu] inputs: [conv2d -> (-1, 32, 28, 28)[FLOAT]], 
[07/22/2026-00:36:03] [TRT] [V] Registering layer: node_relu for ONNX node: node_relu
[07/22/2026-00:36:03] [TRT] [V] Registering tensor: relu for ONNX tensor: relu
[07/22/2026-00:36:03] [TRT] [V] node_relu [Relu] outputs: [relu -> (-1, 32, 28, 28)[FLOAT]], 
[07/22/2026-00:36:03] [TRT] [V] Static check for parsing node: node_max_pool2d [MaxPool]
[07/22/2026-00:36:03] [TRT] [V] Parsing node: node_max_pool2d [MaxPool]
[07/22/2026-00:36:03] [TRT] [V] Searching for input: relu
[07/22/2026-00:36:03] [TRT] [V] node_max_pool2d [MaxPool] inputs: [relu -> (-1, 32, 28, 28)[FLOAT]], 
[07/22/2026-00:36:03] [TRT] [V] Registering layer: node_max_pool2d for ONNX node: node_max_pool2d
[07/22/2026-00:36:03] [TRT] [V] Registering tensor: max_pool2d for ONNX tensor: max_pool2d
[07/22/2026-00:36:03] [TRT] [V] node_max_pool2d [MaxPool] outputs: [max_pool2d -> (-1, 32, 14, 14)[FLOAT]], 
[07/22/2026-00:36:03] [TRT] [V] Static check for parsing node: node_conv2d_1 [Conv]
[07/22/2026-00:36:03] [TRT] [V] Parsing node: node_conv2d_1 [Conv]
[07/22/2026-00:36:03] [TRT] [V] Searching for input: max_pool2d
[07/22/2026-00:36:03] [TRT] [V] Searching for input: conv2.weight
[07/22/2026-00:36:03] [TRT] [V] Searching for input: conv2.bias
[07/22/2026-00:36:03] [TRT] [V] node_conv2d_1 [Conv] inputs: [max_pool2d -> (-1, 32, 14, 14)[FLOAT]], [conv2.weight -> (64, 32, 5, 5)[FLOAT]], [conv2.bias -> (64)[FLOAT]], 
[07/22/2026-00:36:03] [TRT] [V] Convolution input dimensions: (-1, 32, 14, 14)
[07/22/2026-00:36:03] [TRT] [V] Registering layer: node_conv2d_1 for ONNX node: node_conv2d_1
[07/22/2026-00:36:03] [TRT] [V] Using kernel: (5, 5), strides: (1, 1), prepadding: (2, 2), postpadding: (2, 2), dilations: (1, 1), numOutputs: 64, nbGroups: 1
[07/22/2026-00:36:03] [TRT] [V] Convolution output dimensions: (-1, 64, 14, 14)
[07/22/2026-00:36:03] [TRT] [V] Registering tensor: conv2d_1 for ONNX tensor: conv2d_1
[07/22/2026-00:36:03] [TRT] [V] node_conv2d_1 [Conv] outputs: [conv2d_1 -> (-1, 64, 14, 14)[FLOAT]], 
[07/22/2026-00:36:03] [TRT] [V] Static check for parsing node: node_relu_1 [Relu]
[07/22/2026-00:36:03] [TRT] [V] Parsing node: node_relu_1 [Relu]
[07/22/2026-00:36:03] [TRT] [V] Searching for input: conv2d_1
[07/22/2026-00:36:03] [TRT] [V] node_relu_1 [Relu] inputs: [conv2d_1 -> (-1, 64, 14, 14)[FLOAT]], 
[07/22/2026-00:36:03] [TRT] [V] Registering layer: node_relu_1 for ONNX node: node_relu_1
[07/22/2026-00:36:03] [TRT] [V] Registering tensor: relu_1 for ONNX tensor: relu_1
[07/22/2026-00:36:03] [TRT] [V] node_relu_1 [Relu] outputs: [relu_1 -> (-1, 64, 14, 14)[FLOAT]], 
[07/22/2026-00:36:03] [TRT] [V] Static check for parsing node: node_max_pool2d_1 [MaxPool]
[07/22/2026-00:36:03] [TRT] [V] Parsing node: node_max_pool2d_1 [MaxPool]
[07/22/2026-00:36:03] [TRT] [V] Searching for input: relu_1
[07/22/2026-00:36:03] [TRT] [V] node_max_pool2d_1 [MaxPool] inputs: [relu_1 -> (-1, 64, 14, 14)[FLOAT]], 
[07/22/2026-00:36:03] [TRT] [V] Registering layer: node_max_pool2d_1 for ONNX node: node_max_pool2d_1
[07/22/2026-00:36:03] [TRT] [V] Registering tensor: max_pool2d_1 for ONNX tensor: max_pool2d_1
[07/22/2026-00:36:03] [TRT] [V] node_max_pool2d_1 [MaxPool] outputs: [max_pool2d_1 -> (-1, 64, 7, 7)[FLOAT]], 
[07/22/2026-00:36:03] [TRT] [V] Static check for parsing node: node_view [Reshape]
[07/22/2026-00:36:03] [TRT] [V] Parsing node: node_view [Reshape]
[07/22/2026-00:36:03] [TRT] [V] Searching for input: max_pool2d_1
[07/22/2026-00:36:03] [TRT] [V] Searching for input: val_5
[07/22/2026-00:36:03] [TRT] [V] node_view [Reshape] inputs: [max_pool2d_1 -> (-1, 64, 7, 7)[FLOAT]], [val_5 -> (2)[INT64]], 
[07/22/2026-00:36:03] [TRT] [V] Registering layer: ONNXTRT_ShapeShuffle required by ONNX-TRT
[07/22/2026-00:36:03] [TRT] [V] Registering layer: node_view for ONNX node: node_view
[07/22/2026-00:36:03] [TRT] [V] Registering tensor: view for ONNX tensor: view
[07/22/2026-00:36:03] [TRT] [V] node_view [Reshape] outputs: [view -> (-1, 3136)[FLOAT]], 
[07/22/2026-00:36:03] [TRT] [V] Static check for parsing node: node_linear [Gemm]
[07/22/2026-00:36:03] [TRT] [V] Parsing node: node_linear [Gemm]
[07/22/2026-00:36:03] [TRT] [V] Searching for input: view
[07/22/2026-00:36:03] [TRT] [V] Searching for input: gemm1.weight
[07/22/2026-00:36:03] [TRT] [V] Searching for input: gemm1.bias
[07/22/2026-00:36:03] [TRT] [V] node_linear [Gemm] inputs: [view -> (-1, 3136)[FLOAT]], [gemm1.weight -> (1024, 3136)[FLOAT]], [gemm1.bias -> (1024)[FLOAT]], 
[07/22/2026-00:36:03] [TRT] [V] Registering layer: gemm1.weight required by ONNX-TRT
[07/22/2026-00:36:03] [TRT] [V] Using opA: 0 opB: 1
[07/22/2026-00:36:03] [TRT] [V] Registering layer: node_linear for ONNX node: node_linear
[07/22/2026-00:36:03] [TRT] [V] Registering layer: gemm1.bias required by ONNX-TRT
[07/22/2026-00:36:03] [TRT] [V] Registering layer: ONNXTRT_ShapeShuffle_0 required by ONNX-TRT
[07/22/2026-00:36:03] [TRT] [V] Registering layer: ONNXTRT_Broadcast required by ONNX-TRT
[07/22/2026-00:36:03] [TRT] [V] Registering layer: node_linear_1 for ONNX node: node_linear
[07/22/2026-00:36:03] [TRT] [V] Registering tensor: linear for ONNX tensor: linear
[07/22/2026-00:36:03] [TRT] [V] node_linear [Gemm] outputs: [linear -> (-1, 1024)[FLOAT]], 
[07/22/2026-00:36:03] [TRT] [V] Static check for parsing node: node_relu_2 [Relu]
[07/22/2026-00:36:03] [TRT] [V] Parsing node: node_relu_2 [Relu]
[07/22/2026-00:36:03] [TRT] [V] Searching for input: linear
[07/22/2026-00:36:03] [TRT] [V] node_relu_2 [Relu] inputs: [linear -> (-1, 1024)[FLOAT]], 
[07/22/2026-00:36:03] [TRT] [V] Registering layer: node_relu_2 for ONNX node: node_relu_2
[07/22/2026-00:36:03] [TRT] [V] Registering tensor: relu_2 for ONNX tensor: relu_2
[07/22/2026-00:36:03] [TRT] [V] node_relu_2 [Relu] outputs: [relu_2 -> (-1, 1024)[FLOAT]], 
[07/22/2026-00:36:03] [TRT] [V] Static check for parsing node: node_linear_1 [Gemm]
[07/22/2026-00:36:03] [TRT] [V] Parsing node: node_linear_1 [Gemm]
[07/22/2026-00:36:03] [TRT] [V] Searching for input: relu_2
[07/22/2026-00:36:03] [TRT] [V] Searching for input: gemm2.weight
[07/22/2026-00:36:03] [TRT] [V] Searching for input: gemm2.bias
[07/22/2026-00:36:03] [TRT] [V] node_linear_1 [Gemm] inputs: [relu_2 -> (-1, 1024)[FLOAT]], [gemm2.weight -> (10, 1024)[FLOAT]], [gemm2.bias -> (10)[FLOAT]], 
[07/22/2026-00:36:03] [TRT] [V] Registering layer: gemm2.weight required by ONNX-TRT
[07/22/2026-00:36:03] [TRT] [V] Using opA: 0 opB: 1
[07/22/2026-00:36:03] [TRT] [V] Registering layer: node_linear_1_2 for ONNX node: node_linear_1
[07/22/2026-00:36:03] [TRT] [V] Registering layer: gemm2.bias required by ONNX-TRT
[07/22/2026-00:36:03] [TRT] [V] Registering layer: ONNXTRT_ShapeShuffle_3 required by ONNX-TRT
[07/22/2026-00:36:03] [TRT] [V] Registering layer: ONNXTRT_Broadcast_4 required by ONNX-TRT
[07/22/2026-00:36:03] [TRT] [V] Registering layer: node_linear_1_5 for ONNX node: node_linear_1
[07/22/2026-00:36:03] [TRT] [V] Registering tensor: y_6 for ONNX tensor: y
[07/22/2026-00:36:03] [TRT] [V] node_linear_1 [Gemm] outputs: [y -> (-1, 10)[FLOAT]], 
[07/22/2026-00:36:03] [TRT] [V] Static check for parsing node: node_softmax [Softmax]
[07/22/2026-00:36:03] [TRT] [V] Parsing node: node_softmax [Softmax]
[07/22/2026-00:36:03] [TRT] [V] Searching for input: y
[07/22/2026-00:36:03] [TRT] [V] node_softmax [Softmax] inputs: [y -> (-1, 10)[FLOAT]], 
[07/22/2026-00:36:03] [TRT] [V] Registering layer: node_softmax for ONNX node: node_softmax
[07/22/2026-00:36:03] [TRT] [V] Registering layer: ONNXTRT_ShapeTensor required by ONNX-TRT
[07/22/2026-00:36:03] [TRT] [V] Registering layer: ONNXTRT_castHelper required by ONNX-TRT
[07/22/2026-00:36:03] [TRT] [V] Registering layer: ONNXTRT_ShapeShuffle_7 required by ONNX-TRT
[07/22/2026-00:36:03] [TRT] [V] Registering tensor: softmax for ONNX tensor: softmax
[07/22/2026-00:36:03] [TRT] [V] node_softmax [Softmax] outputs: [softmax -> (-1, 10)[FLOAT]], 
[07/22/2026-00:36:03] [TRT] [V] Static check for parsing node: node_argmax [ArgMax]
[07/22/2026-00:36:03] [TRT] [V] Parsing node: node_argmax [ArgMax]
[07/22/2026-00:36:03] [TRT] [V] Searching for input: softmax
[07/22/2026-00:36:03] [TRT] [V] node_argmax [ArgMax] inputs: [softmax -> (-1, 10)[FLOAT]], 
[07/22/2026-00:36:03] [TRT] [V] Registering layer: node_argmax for ONNX node: node_argmax
[07/22/2026-00:36:03] [TRT] [V] Registering layer: ONNXTRT_castHelper_8 required by ONNX-TRT
[07/22/2026-00:36:03] [TRT] [V] Original shape: (_, 1), squeezing to: (_,)
[07/22/2026-00:36:03] [TRT] [V] Registering layer: ONNXTRT_squeezeTensor required by ONNX-TRT
[07/22/2026-00:36:03] [TRT] [V] Registering layer: ONNXTRT_castHelper_9 required by ONNX-TRT
[07/22/2026-00:36:03] [TRT] [V] Registering tensor: z_10 for ONNX tensor: z
[07/22/2026-00:36:03] [TRT] [V] node_argmax [ArgMax] outputs: [z -> (-1)[INT64]], 
[07/22/2026-00:36:03] [TRT] [V] Marking y_6 as output: y
[07/22/2026-00:36:03] [TRT] [V] Marking z_10 as output: z
[07/22/2026-00:36:03] [TRT] [W] ModelImporter.cpp:1047: Make sure output z has Int64 binding.
[07/22/2026-00:36:03] [TRT] [V] Compiler backend convergence mode enabled
[07/22/2026-00:36:04] [TRT] [I] [MemUsageChange] Init builder kernel library: CPU -314, GPU +2, now: CPU 5555, GPU 645 (MiB)
[07/22/2026-00:36:04] [TRT] [V] Original: 24 layers
[07/22/2026-00:36:04] [TRT] [V] After dead-layer removal: 24 layers
[07/22/2026-00:36:04] [TRT] [V] SYMBOLIC CHECKS
[07/22/2026-00:36:04] [TRT] [V] GRAPH NODES
[07/22/2026-00:36:04] [TRT] [V] CONSTANT gemm1.weight
[07/22/2026-00:36:04] [TRT] [V]     Output 0
[07/22/2026-00:36:04] [TRT] [V]         1024	1024
[07/22/2026-00:36:04] [TRT] [V]         3136	3136
[07/22/2026-00:36:04] [TRT] [V] CONSTANT gemm1.bias
[07/22/2026-00:36:04] [TRT] [V]     Output 0
[07/22/2026-00:36:04] [TRT] [V]         1024	1024
[07/22/2026-00:36:04] [TRT] [V] CONSTANT gemm2.weight
[07/22/2026-00:36:04] [TRT] [V]     Output 0
[07/22/2026-00:36:04] [TRT] [V]         10	10
[07/22/2026-00:36:04] [TRT] [V]         1024	1024
[07/22/2026-00:36:04] [TRT] [V] CONSTANT gemm2.bias
[07/22/2026-00:36:04] [TRT] [V]     Output 0
[07/22/2026-00:36:04] [TRT] [V]         10	10
[07/22/2026-00:36:04] [TRT] [V] CONVOLUTION node_conv2d
[07/22/2026-00:36:04] [TRT] [V]     Input 0
[07/22/2026-00:36:04] [TRT] [V]         [1,4]	nBS
[07/22/2026-00:36:04] [TRT] [V]         1	1
[07/22/2026-00:36:04] [TRT] [V]         28	28
[07/22/2026-00:36:04] [TRT] [V]         28	28
[07/22/2026-00:36:04] [TRT] [V]     Output 0
[07/22/2026-00:36:04] [TRT] [V]         [1,4]	nBS
[07/22/2026-00:36:04] [TRT] [V]         32	32
[07/22/2026-00:36:04] [TRT] [V]         28	28
[07/22/2026-00:36:04] [TRT] [V]         28	28
[07/22/2026-00:36:04] [TRT] [V] SHUFFLE ONNXTRT_Broadcast
[07/22/2026-00:36:04] [TRT] [V]     Input 0
[07/22/2026-00:36:04] [TRT] [V]         1024	1024
[07/22/2026-00:36:04] [TRT] [V]     Output 0
[07/22/2026-00:36:04] [TRT] [V]         1	1
[07/22/2026-00:36:04] [TRT] [V]         1024	1024
[07/22/2026-00:36:04] [TRT] [V] SHUFFLE ONNXTRT_Broadcast_4
[07/22/2026-00:36:04] [TRT] [V]     Input 0
[07/22/2026-00:36:04] [TRT] [V]         10	10
[07/22/2026-00:36:04] [TRT] [V]     Output 0
[07/22/2026-00:36:04] [TRT] [V]         1	1
[07/22/2026-00:36:04] [TRT] [V]         10	10
[07/22/2026-00:36:04] [TRT] [V] ACTIVATION node_relu
[07/22/2026-00:36:04] [TRT] [V]     Input 0
[07/22/2026-00:36:04] [TRT] [V]         [1,4]	nBS
[07/22/2026-00:36:04] [TRT] [V]         32	32
[07/22/2026-00:36:04] [TRT] [V]         28	28
[07/22/2026-00:36:04] [TRT] [V]         28	28
[07/22/2026-00:36:04] [TRT] [V]     Output 0
[07/22/2026-00:36:04] [TRT] [V]         [1,4]	nBS
[07/22/2026-00:36:04] [TRT] [V]         32	32
[07/22/2026-00:36:04] [TRT] [V]         28	28
[07/22/2026-00:36:04] [TRT] [V]         28	28
[07/22/2026-00:36:04] [TRT] [V] POOLING node_max_pool2d
[07/22/2026-00:36:04] [TRT] [V]     Input 0
[07/22/2026-00:36:04] [TRT] [V]         [1,4]	nBS
[07/22/2026-00:36:04] [TRT] [V]         32	32
[07/22/2026-00:36:04] [TRT] [V]         28	28
[07/22/2026-00:36:04] [TRT] [V]         28	28
[07/22/2026-00:36:04] [TRT] [V]     Output 0
[07/22/2026-00:36:04] [TRT] [V]         [1,4]	nBS
[07/22/2026-00:36:04] [TRT] [V]         32	32
[07/22/2026-00:36:04] [TRT] [V]         14	14
[07/22/2026-00:36:04] [TRT] [V]         14	14
[07/22/2026-00:36:04] [TRT] [V] CONVOLUTION node_conv2d_1
[07/22/2026-00:36:04] [TRT] [V]     Input 0
[07/22/2026-00:36:04] [TRT] [V]         [1,4]	nBS
[07/22/2026-00:36:04] [TRT] [V]         32	32
[07/22/2026-00:36:04] [TRT] [V]         14	14
[07/22/2026-00:36:04] [TRT] [V]         14	14
[07/22/2026-00:36:04] [TRT] [V]     Output 0
[07/22/2026-00:36:04] [TRT] [V]         [1,4]	nBS
[07/22/2026-00:36:04] [TRT] [V]         64	64
[07/22/2026-00:36:04] [TRT] [V]         14	14
[07/22/2026-00:36:04] [TRT] [V]         14	14
[07/22/2026-00:36:04] [TRT] [V] ACTIVATION node_relu_1
[07/22/2026-00:36:04] [TRT] [V]     Input 0
[07/22/2026-00:36:04] [TRT] [V]         [1,4]	nBS
[07/22/2026-00:36:04] [TRT] [V]         64	64
[07/22/2026-00:36:04] [TRT] [V]         14	14
[07/22/2026-00:36:04] [TRT] [V]         14	14
[07/22/2026-00:36:04] [TRT] [V]     Output 0
[07/22/2026-00:36:04] [TRT] [V]         [1,4]	nBS
[07/22/2026-00:36:04] [TRT] [V]         64	64
[07/22/2026-00:36:04] [TRT] [V]         14	14
[07/22/2026-00:36:04] [TRT] [V]         14	14
[07/22/2026-00:36:04] [TRT] [V] POOLING node_max_pool2d_1
[07/22/2026-00:36:04] [TRT] [V]     Input 0
[07/22/2026-00:36:04] [TRT] [V]         [1,4]	nBS
[07/22/2026-00:36:04] [TRT] [V]         64	64
[07/22/2026-00:36:04] [TRT] [V]         14	14
[07/22/2026-00:36:04] [TRT] [V]         14	14
[07/22/2026-00:36:04] [TRT] [V]     Output 0
[07/22/2026-00:36:04] [TRT] [V]         [1,4]	nBS
[07/22/2026-00:36:04] [TRT] [V]         64	64
[07/22/2026-00:36:04] [TRT] [V]         7	7
[07/22/2026-00:36:04] [TRT] [V]         7	7
[07/22/2026-00:36:04] [TRT] [V] SHUFFLE node_view
[07/22/2026-00:36:04] [TRT] [V]     Input 0
[07/22/2026-00:36:04] [TRT] [V]         [1,4]	nBS
[07/22/2026-00:36:04] [TRT] [V]         64	64
[07/22/2026-00:36:04] [TRT] [V]         7	7
[07/22/2026-00:36:04] [TRT] [V]         7	7
[07/22/2026-00:36:04] [TRT] [V]     Output 0
[07/22/2026-00:36:04] [TRT] [V]         [1,4]	nBS
[07/22/2026-00:36:04] [TRT] [V]         3136	3136
[07/22/2026-00:36:04] [TRT] [V] MATRIX_MULTIPLY node_linear
[07/22/2026-00:36:04] [TRT] [V]     Input 0
[07/22/2026-00:36:04] [TRT] [V]         [1,4]	nBS
[07/22/2026-00:36:04] [TRT] [V]         3136	3136
[07/22/2026-00:36:04] [TRT] [V]     Input 1
[07/22/2026-00:36:04] [TRT] [V]         1024	1024
[07/22/2026-00:36:04] [TRT] [V]         3136	3136
[07/22/2026-00:36:04] [TRT] [V]     Output 0
[07/22/2026-00:36:04] [TRT] [V]         [1,4]	nBS
[07/22/2026-00:36:04] [TRT] [V]         1024	1024
[07/22/2026-00:36:04] [TRT] [V] ELEMENTWISE node_linear_1
[07/22/2026-00:36:04] [TRT] [V]     Input 0
[07/22/2026-00:36:04] [TRT] [V]         [1,4]	nBS
[07/22/2026-00:36:04] [TRT] [V]         1024	1024
[07/22/2026-00:36:04] [TRT] [V]     Input 1
[07/22/2026-00:36:04] [TRT] [V]         1	1
[07/22/2026-00:36:04] [TRT] [V]         1024	1024
[07/22/2026-00:36:04] [TRT] [V]     Output 0
[07/22/2026-00:36:04] [TRT] [V]         [1,4]	nBS
[07/22/2026-00:36:04] [TRT] [V]         1024	1024
[07/22/2026-00:36:04] [TRT] [V] ACTIVATION node_relu_2
[07/22/2026-00:36:04] [TRT] [V]     Input 0
[07/22/2026-00:36:04] [TRT] [V]         [1,4]	nBS
[07/22/2026-00:36:04] [TRT] [V]         1024	1024
[07/22/2026-00:36:04] [TRT] [V]     Output 0
[07/22/2026-00:36:04] [TRT] [V]         [1,4]	nBS
[07/22/2026-00:36:04] [TRT] [V]         1024	1024
[07/22/2026-00:36:04] [TRT] [V] MATRIX_MULTIPLY node_linear_1_2
[07/22/2026-00:36:04] [TRT] [V]     Input 0
[07/22/2026-00:36:04] [TRT] [V]         [1,4]	nBS
[07/22/2026-00:36:04] [TRT] [V]         1024	1024
[07/22/2026-00:36:04] [TRT] [V]     Input 1
[07/22/2026-00:36:04] [TRT] [V]         10	10
[07/22/2026-00:36:04] [TRT] [V]         1024	1024
[07/22/2026-00:36:04] [TRT] [V]     Output 0
[07/22/2026-00:36:04] [TRT] [V]         [1,4]	nBS
[07/22/2026-00:36:04] [TRT] [V]         10	10
[07/22/2026-00:36:04] [TRT] [V] ELEMENTWISE node_linear_1_5
[07/22/2026-00:36:04] [TRT] [V]     Input 0
[07/22/2026-00:36:04] [TRT] [V]         [1,4]	nBS
[07/22/2026-00:36:04] [TRT] [V]         10	10
[07/22/2026-00:36:04] [TRT] [V]     Input 1
[07/22/2026-00:36:04] [TRT] [V]         1	1
[07/22/2026-00:36:04] [TRT] [V]         10	10
[07/22/2026-00:36:04] [TRT] [V]     Output 0
[07/22/2026-00:36:04] [TRT] [V]         [1,4]	nBS
[07/22/2026-00:36:04] [TRT] [V]         10	10
[07/22/2026-00:36:04] [TRT] [V] SOFTMAX node_softmax
[07/22/2026-00:36:04] [TRT] [V]     Input 0
[07/22/2026-00:36:04] [TRT] [V]         [1,4]	nBS
[07/22/2026-00:36:04] [TRT] [V]         10	10
[07/22/2026-00:36:04] [TRT] [V]     Output 0
[07/22/2026-00:36:04] [TRT] [V]         [1,4]	nBS
[07/22/2026-00:36:04] [TRT] [V]         10	10
[07/22/2026-00:36:04] [TRT] [V] SHUFFLE ONNXTRT_ShapeShuffle_7
[07/22/2026-00:36:04] [TRT] [V]     Input 0
[07/22/2026-00:36:04] [TRT] [V]         [1,4]	nBS
[07/22/2026-00:36:04] [TRT] [V]         10	10
[07/22/2026-00:36:04] [TRT] [V]     Output 0
[07/22/2026-00:36:04] [TRT] [V]         [1,4]	nBS
[07/22/2026-00:36:04] [TRT] [V]         10	10
[07/22/2026-00:36:04] [TRT] [V] TOPK node_argmax
[07/22/2026-00:36:04] [TRT] [V]     Input 0
[07/22/2026-00:36:04] [TRT] [V]         [1,4]	nBS
[07/22/2026-00:36:04] [TRT] [V]         10	10
[07/22/2026-00:36:04] [TRT] [V]     Output 0
[07/22/2026-00:36:04] [TRT] [V]         [1,4]	nBS
[07/22/2026-00:36:04] [TRT] [V]         1	1
[07/22/2026-00:36:04] [TRT] [V]     Output 1
[07/22/2026-00:36:04] [TRT] [V]         [1,4]	nBS
[07/22/2026-00:36:04] [TRT] [V]         1	1
[07/22/2026-00:36:04] [TRT] [V] CAST ONNXTRT_castHelper_8
[07/22/2026-00:36:04] [TRT] [V]     Input 0
[07/22/2026-00:36:04] [TRT] [V]         [1,4]	nBS
[07/22/2026-00:36:04] [TRT] [V]         1	1
[07/22/2026-00:36:04] [TRT] [V]     Output 0
[07/22/2026-00:36:04] [TRT] [V]         [1,4]	nBS
[07/22/2026-00:36:04] [TRT] [V]         1	1
[07/22/2026-00:36:04] [TRT] [V] SHUFFLE ONNXTRT_squeezeTensor
[07/22/2026-00:36:04] [TRT] [V]     Input 0
[07/22/2026-00:36:04] [TRT] [V]         [1,4]	nBS
[07/22/2026-00:36:04] [TRT] [V]         1	1
[07/22/2026-00:36:04] [TRT] [V]     Output 0
[07/22/2026-00:36:04] [TRT] [V]         [1,4]	nBS
[07/22/2026-00:36:04] [TRT] [V] CAST ONNXTRT_castHelper_9
[07/22/2026-00:36:04] [TRT] [V]     Input 0
[07/22/2026-00:36:04] [TRT] [V]         [1,4]	nBS
[07/22/2026-00:36:04] [TRT] [V]     Output 0
[07/22/2026-00:36:04] [TRT] [V]         [1,4]	nBS
[07/22/2026-00:36:04] [TRT] [V] Graph construction completed in 0.033503 seconds.
[07/22/2026-00:36:04] [TRT] [V] After adding DebugOutput nodes: 24 layers
[07/22/2026-00:36:04] [TRT] [V] Running: ConstShuffleFusion on gemm1.bias
[07/22/2026-00:36:04] [TRT] [V] ConstShuffleFusion: Fusing gemm1.bias with ONNXTRT_Broadcast
[07/22/2026-00:36:04] [TRT] [V] Running: ConstShuffleFusion on gemm2.bias
[07/22/2026-00:36:04] [TRT] [V] ConstShuffleFusion: Fusing gemm2.bias with ONNXTRT_Broadcast_4
[07/22/2026-00:36:04] [TRT] [V] Running: ShuffleErasure on ONNXTRT_ShapeShuffle_7
[07/22/2026-00:36:04] [TRT] [V] Removing ONNXTRT_ShapeShuffle_7
[07/22/2026-00:36:04] [TRT] [V] After Myelin optimization: 1 layers
[07/22/2026-00:36:04] [TRT] [V] Applying ScaleNodes fusions.
[07/22/2026-00:36:04] [TRT] [V] After scale fusion: 1 layers
[07/22/2026-00:36:04] [TRT] [V] After dupe layer removal: 1 layers
[07/22/2026-00:36:04] [TRT] [V] After final dead-layer removal: 1 layers
[07/22/2026-00:36:04] [TRT] [V] After tensor merging: 1 layers
[07/22/2026-00:36:04] [TRT] [V] After vertical fusions: 1 layers
[07/22/2026-00:36:04] [TRT] [V] After dupe layer removal: 1 layers
[07/22/2026-00:36:04] [TRT] [V] After final dead-layer removal: 1 layers
[07/22/2026-00:36:04] [TRT] [V] After tensor merging: 1 layers
[07/22/2026-00:36:04] [TRT] [V] After slice removal: 1 layers
[07/22/2026-00:36:04] [TRT] [V] After concat removal: 1 layers
[07/22/2026-00:36:04] [TRT] [V] Trying to split Reshape and strided tensor
[07/22/2026-00:36:04] [TRT] [V] Graph optimization time: 0.00863356 seconds.
[07/22/2026-00:36:04] [TRT] [V] Building graph using backend strategy 2
[07/22/2026-00:36:04] [TRT] [I] Local timing cache in use. Profiling results in this builder pass will not be stored.
[07/22/2026-00:36:04] [TRT] [V] Constructing optimization profile number 0 [1/2].
[07/22/2026-00:36:04] [TRT] [V] Applying generic optimizations to the graph for inference.
[07/22/2026-00:36:04] [TRT] [V] Reserving memory for host IO tensors. Host: 0 bytes
[07/22/2026-00:36:04] [TRT] [V] =============== Computing costs for {ForeignNode[node_conv2d...ONNXTRT_castHelper_9]}
[07/22/2026-00:36:04] [TRT] [V] ForeignNode {ForeignNode[node_conv2d...ONNXTRT_castHelper_9]} metadata: [ONNX Layer: node_conv2d][ONNX Layer: node_relu][ONNX Layer: node_max_pool2d][ONNX Layer: node_conv2d_1][ONNX Layer: node_relu_1][ONNX Layer: node_max_pool2d_1][ONNX Layer: node_view][ONNX Layer: node_linear][ONNX Layer: node_relu_2][ONNX Layer: node_linear_1][ONNX Layer: node_softmax][ONNX Layer: node_argmax]
[07/22/2026-00:36:04] [TRT] [V] *************** Autotuning format combination: Float(784,784,28,1) -> Float(10,1), Int64(1) ***************
[07/22/2026-00:36:04] [TRT] [V] --------------- Timing Runner: {ForeignNode[node_conv2d...ONNXTRT_castHelper_9]} (Myelin[0x80000023])
[07/22/2026-00:36:04] [TRT] [I] Compiler backend is used during engine build.
[07/22/2026-00:36:09] [TRT] [V]  (foreignNode) Set user's cuda kernel library
[07/22/2026-00:36:09] [TRT] [V]  (foreignNode) Using legacy CPU-only mode.
[07/22/2026-00:36:09] [TRT] [V]  (foreignNode) Autotuning op node_conv2d: [ONNX Layer: node_conv2d][ONNX Layer: node_relu]
[07/22/2026-00:36:09] [TRT] [V]  (foreignNode) Sorted table of all evaluated tactics:
[07/22/2026-00:36:09] [TRT] [V]  (foreignNode) tactic_id, cost(in ms), cost/fastest_cost, prediction_correlation, kernel_name, tactic_hash, tunable_parameter, conv_w2c_input_fold
[07/22/2026-00:36:09] [TRT] [V]  (foreignNode)   62, 0.0039936, 1.00000, 2.56737, sm80_xmma_fprop_implicit_gemm_indexed_wo_smem_f32f32_tf32f32_f32_nhwckrsc_nhwc_tilesize128x16x32_stage1_warpsize4x1x1_g1_tensor16x8x8_aligna4_alignc8, 0x447797f84b244, , 0
[07/22/2026-00:36:09] [TRT] [V]  (foreignNode)   63, 0.0041984, 1.05128, 2.45510, sm80_xmma_fprop_implicit_gemm_indexed_wo_smem_f32f32_tf32f32_f32_nhwckrsc_nhwc_tilesize128x16x32_stage1_warpsize4x1x1_g1_tensor16x8x8_aligna4_alignc4, 0x61203a5779dda, , 0
[07/22/2026-00:36:09] [TRT] [V]  (foreignNode)   49, 0.0046080, 1.15385, 2.00484, sm80_xmma_fprop_implicit_gemm_indexed_wo_smem_f32f32_tf32f32_f32_nhwckrsc_nhwc_tilesize128x32x16_stage1_warpsize4x1x1_g1_tensor16x8x8_aligna4_alignc8, 0x40b656980a6a1, , 0
[07/22/2026-00:36:09] [TRT] [V]  (foreignNode)   66, 0.0048096, 1.20433, 2.19427, sm80_xmma_fprop_implicit_gemm_indexed_wo_smem_f32f32_tf32f32_f32_nhwckrsc_nhwc_tilesize128x32x16_stage1_warpsize4x1x1_g1_tensor16x8x8_aligna4, 0x32f0a2fe3851f, , 0
[07/22/2026-00:36:09] [TRT] [V]  (foreignNode)   52, 0.0048128, 1.20513, 1.97088, sm80_xmma_fprop_implicit_gemm_indexed_wo_smem_f32f32_tf32f32_f32_nhwckrsc_nhwc_tilesize128x32x16_stage1_warpsize4x1x1_g1_tensor16x8x8_aligna4_alignc4, 0x4932958f86249, , 0
[07/22/2026-00:36:09] [TRT] [V]  (foreignNode)   77, 0.0048128, 1.20513, 2.24084, sm80_xmma_fprop_implicit_gemm_indexed_wo_smem_f32f32_tf32f32_f32_nhwckrsc_nhwc_tilesize128x16x32_stage1_warpsize4x1x1_g1_tensor16x8x8_aligna4, 0x68bbd65d1a060, , 0
[07/22/2026-00:36:09] [TRT] [V]  (foreignNode)   16, 0.0048320, 1.20994, 1.29167, sm80_xmma_fprop_implicit_gemm_indexed_wo_smem_f32f32_tf32f32_f32_nhwckrsc_nhwc_tilesize128x16x64_stage1_warpsize4x1x1_g1_tensor16x8x8, 0x53e82ebe669a9, , 0
[07/22/2026-00:36:09] [TRT] [V]  (foreignNode)   19, 0.0050176, 1.25641, 1.32629, sm80_xmma_fprop_implicit_gemm_indexed_wo_smem_f32f32_tf32f32_f32_nhwckrsc_nhwc_tilesize128x16x64_stage1_warpsize4x1x1_g1_tensor16x8x8_alignc4, 0x5e9e9f3b6510b, , 0
[07/22/2026-00:36:09] [TRT] [V]  (foreignNode)   92, 0.0052224, 1.30769, 2.33431, sm80_xmma_fprop_implicit_gemm_indexed_wo_smem_f32f32_tf32f32_f32_nhwckrsc_nhwc_tilesize128x32x64_stage1_warpsize4x1x1_g1_tensor16x8x8_aligna4_alignc8, 0x45e4a977c1240, , 0
[07/22/2026-00:36:09] [TRT] [V]  (foreignNode)   76, 0.0054272, 1.35897, 1.98069, sm80_xmma_fprop_implicit_gemm_indexed_wo_smem_f32f32_tf32f32_f32_nhwckrsc_nhwc_tilesize128x16x64_stage1_warpsize4x1x1_g1_tensor16x8x8_aligna4_alignc8, 0x36b20acc48e3e, , 0
[07/22/2026-00:36:09] [TRT] [V]  (foreignNode)   23, 0.0054400, 1.36218, 1.38388, sm80_xmma_fprop_implicit_gemm_indexed_wo_smem_f32f32_tf32f32_f32_nhwckrsc_nhwc_tilesize128x32x64_stage1_warpsize4x1x1_g1_tensor16x8x8, 0x2bde4e2ffd726, , 0
[07/22/2026-00:36:09] [TRT] [V]  (foreignNode)   34, 0.0055296, 1.38462, 1.47437, sm80_xmma_fprop_implicit_gemm_indexed_wo_smem_f32f32_tf32f32_f32_nhwckrsc_nhwc_tilesize128x32x64_stage1_warpsize4x1x1_g1_tensor16x8x8_alignc8, 0x52a765b97fd00, , 0
[07/22/2026-00:36:09] [TRT] [V]  (foreignNode)   39, 0.0058368, 1.46154, 1.42017, sm80_xmma_fprop_implicit_gemm_indexed_wo_smem_f32f32_tf32f32_f32_nhwckrsc_nhwc_tilesize128x32x64_stage1_warpsize4x1x1_g1_tensor16x8x8_alignc4, 0x5ca966606ead6, , 0
[07/22/2026-00:36:09] [TRT] [V]  (foreignNode)   28, 0.0059264, 1.48397, 1.31875, sm80_xmma_fprop_implicit_gemm_indexed_wo_smem_f32f32_tf32f32_f32_nhwckrsc_nhwc_tilesize128x32x64_stage1_warpsize4x1x1_g1_tensor16x8x8_aligna8, 0x399cd25e740a2, , 0
[07/22/2026-00:36:09] [TRT] [V]  (foreignNode)   36, 0.0060416, 1.51282, 1.36152, sm80_xmma_fprop_implicit_gemm_indexed_wo_smem_f32f32_tf32f32_f32_nhwckrsc_nhwc_tilesize128x16x64_stage1_warpsize4x1x1_g1_tensor16x8x8_alignc8, 0x2c42b19f834dd, , 0
[07/22/2026-00:36:09] [TRT] [V]  (foreignNode)   33, 0.0061248, 1.53365, 1.32381, sm80_xmma_fprop_implicit_gemm_indexed_wo_smem_f32f32_tf32f32_f32_nhwckrsc_nhwc_tilesize128x32x64_stage1_warpsize4x1x1_g1_tensor16x8x8_aligna8_alignc4, 0x36c92cea3ae7c, , 0
[07/22/2026-00:36:09] [TRT] [V]  (foreignNode)   46, 0.0061376, 1.53686, 1.45594, sm80_xmma_fprop_implicit_gemm_indexed_wo_smem_f32f32_tf32f32_f32_nhwckrsc_nhwc_tilesize128x16x32_stage1_warpsize4x1x1_g1_tensor16x8x8_aligna8_alignc8, 0x51c3180075f77, , 0
[07/22/2026-00:36:09] [TRT] [V]  (foreignNode)   45, 0.0062560, 1.56651, 1.42390, sm80_xmma_fprop_implicit_gemm_indexed_wo_smem_f32f32_tf32f32_f32_nhwckrsc_nhwc_tilesize128x16x32_stage1_warpsize4x1x1_g1_tensor16x8x8_aligna8, 0x56d0b592d555c, , 0
[07/22/2026-00:36:09] [TRT] [V]  (foreignNode)   41, 0.0064512, 1.61538, 1.29125, sm80_xmma_fprop_implicit_gemm_indexed_wo_smem_f32f32_tf32f32_f32_nhwckrsc_nhwc_tilesize128x16x32_stage1_warpsize4x1x1_g1_tensor16x8x8_alignc8, 0x39efcb854db0c, , 0
[07/22/2026-00:36:09] [TRT] [V]  (foreignNode)   42, 0.0064512, 1.61538, 1.29236, sm80_xmma_fprop_implicit_gemm_indexed_wo_smem_f32f32_tf32f32_f32_nhwckrsc_nhwc_tilesize128x16x32_stage1_warpsize4x1x1_g1_tensor16x8x8, 0x4e96e01ba9248, , 0
[07/22/2026-00:36:09] [TRT] [V]  (foreignNode)   47, 0.0065504, 1.64022, 1.36862, sm80_xmma_fprop_implicit_gemm_indexed_wo_smem_f32f32_tf32f32_f32_nhwckrsc_nhwc_tilesize128x16x64_stage1_warpsize4x1x1_g1_tensor16x8x8_aligna8, 0x43ad737d35171, , 0
[07/22/2026-00:36:09] [TRT] [V]  (foreignNode)   43, 0.0066560, 1.66667, 1.26290, sm80_xmma_fprop_implicit_gemm_indexed_wo_smem_f32f32_tf32f32_f32_nhwckrsc_nhwc_tilesize128x16x32_stage1_warpsize4x1x1_g1_tensor16x8x8_alignc4, 0x39ccfb178f0a3, , 0
[07/22/2026-00:36:09] [TRT] [V]  (foreignNode)   48, 0.0066560, 1.66667, 1.36060, sm80_xmma_fprop_implicit_gemm_indexed_wo_smem_f32f32_tf32f32_f32_nhwckrsc_nhwc_tilesize128x16x64_stage1_warpsize4x1x1_g1_tensor16x8x8_aligna8_alignc4, 0x4da24cec60f34, , 0
[07/22/2026-00:36:09] [TRT] [V]  (foreignNode)   13, 0.0072192, 1.80769, 0.78152, sm80_xmma_fprop_implicit_gemm_f32f32_f32f32_f32_nchwkcrs_nchw_tilesize32x32x8_stage3_warpsize1x2x1_g1_ffma_aligna4_alignc4, 0x431ac8662980a, , 0
[07/22/2026-00:36:09] [TRT] [V]  (foreignNode)   73, 0.0074720, 1.87099, 1.41921, sm80_xmma_fprop_implicit_gemm_indexed_wo_smem_f32f32_tf32f32_f32_nhwckrsc_nhwc_tilesize128x32x16_stage1_warpsize4x1x1_g1_tensor16x8x8_aligna8_alignc8, 0x5d3fc97fc5ece, , 0
[07/22/2026-00:36:09] [TRT] [V]  (foreignNode)   74, 0.0074752, 1.87180, 1.43078, sm80_xmma_fprop_implicit_gemm_indexed_wo_smem_f32f32_tf32f32_f32_nhwckrsc_nhwc_tilesize128x32x16_stage1_warpsize4x1x1_g1_tensor16x8x8_aligna8, 0x4b1795081a257, , 0
[07/22/2026-00:36:09] [TRT] [V]  (foreignNode)   84, 0.0074752, 1.87180, 1.48202, sm80_xmma_fprop_implicit_gemm_indexed_wo_smem_f32f32_tf32f32_f32_nhwckrsc_nhwc_tilesize128x32x16_stage1_warpsize4x1x1_g1_tensor16x8x8, 0x65ed69f9242d6, , 0
[07/22/2026-00:36:09] [TRT] [V]  (foreignNode)   81, 0.0074816, 1.87340, 1.47573, sm80_xmma_fprop_implicit_gemm_indexed_wo_smem_f32f32_tf32f32_f32_nhwckrsc_nhwc_tilesize128x32x16_stage1_warpsize4x1x1_g1_tensor16x8x8_alignc8, 0x320f2e828cc56, , 0
[07/22/2026-00:36:09] [TRT] [V]  (foreignNode)   75, 0.0076832, 1.92388, 1.39508, sm80_xmma_fprop_implicit_gemm_indexed_wo_smem_f32f32_tf32f32_f32_nhwckrsc_nhwc_tilesize128x32x16_stage1_warpsize4x1x1_g1_tensor16x8x8_aligna8_alignc4, 0x34cb1bfa1a587, , 0
[07/22/2026-00:36:09] [TRT] [V]  (foreignNode)   87, 0.0076832, 1.92388, 1.46325, sm80_xmma_fprop_implicit_gemm_indexed_wo_smem_f32f32_tf32f32_f32_nhwckrsc_nhwc_tilesize128x32x16_stage1_warpsize4x1x1_g1_tensor16x8x8_alignc4, 0x2bf76ead0e8e7, , 0
[07/22/2026-00:36:09] [TRT] [V]  (foreignNode)   25, 0.0076896, 1.92548, 0.98972, cutlass3x_sm100_tensorop_s128x128x8tf32implicit_gemm_fprop_f32_f32_f32_f32_f32_f32_128x128x32_dyn_cga_ndhwc_ndhwc_ndhwc_align4_2sm_relu_valpha_vbeta, 0x39a08467981a4, cga={2 8 1 1 2 1 1} , 1
[07/22/2026-00:36:09] [TRT] [V]  (foreignNode)   50, 0.0076960, 1.92708, 1.20827, cutlass3x_sm100_tensorop_s128x128x8tf32implicit_gemm_fprop_f32_f32_f32_f32_f32_f32_128x128x32_dyn_cga_ndhwc_ndhwc_ndhwc_align4_2sm_relu_valpha_vbeta, 0x524b8b813aebb, cga={2 4 2 1 2 1 1} , 1
[07/22/2026-00:36:09] [TRT] [V]  (foreignNode)   85, 0.0079872, 2.00000, 1.40097, cutlass3x_sm100_tensorop_s128x256x8tf32implicit_gemm_fprop_f32_f32_f32_f32_f32_f32_128x256x32_dyn_cga_ndhwc_ndhwc_ndhwc_align4_2sm_relu_valpha_vbeta, 0x33a3368ba6b62, cga={2 8 1 1 2 1 1} , 1
[07/22/2026-00:36:09] [TRT] [V]  (foreignNode)   86, 0.0079872, 2.00000, 1.40293, cutlass3x_sm100_tensorop_s128x256x8tf32implicit_gemm_fprop_f32_f32_f32_f32_f32_f32_128x256x32_dyn_cga_ndhwc_ndhwc_ndhwc_align4_2sm_relu_valpha_vbeta, 0x64c4c130b2b15, cga={2 4 1 1 2 1 1} , 1
[07/22/2026-00:36:09] [TRT] [V]  (foreignNode)   44, 0.0080768, 2.02244, 1.07727, cutlass3x_sm100_tensorop_s128x128x8tf32implicit_gemm_fprop_f32_f32_f32_f32_f32_f32_128x128x32_dyn_cga_ndhwc_ndhwc_ndhwc_align4_2sm_relu_valpha_vbeta, 0x2ab2633c442a5, cga={2 8 2 1 2 1 1} , 1
[07/22/2026-00:36:09] [TRT] [V]  (foreignNode)    9, 0.0080896, 2.02564, 0.54051, sm80_xmma_fprop_implicit_gemm_indexed_f32f32_f32f32_f32_nhwckrsc_nhwc_tilesize32x32x8_stage3_warpsize1x2x1_g1_ffma_aligna4_alignc4, 0x46a1e74539894, , 0
[07/22/2026-00:36:09] [TRT] [V]  (foreignNode)   30, 0.0081408, 2.03846, 0.97319, sm80_xmma_fprop_implicit_gemm_f32f32_f32f32_f32_nchwkcrs_nchw_tilesize128x16x8_stage3_warpsize4x1x1_g1_ffma_aligna4_alignc4, 0x4f761254ffcf1, , 0
[07/22/2026-00:36:09] [TRT] [V]  (foreignNode)   12, 0.0081456, 2.03966, 0.66748, sm80_xmma_fprop_implicit_gemm_indexed_f32f32_f32f32_f32_nchwkcrs_nchw_tilesize32x32x8_stage3_warpsize1x2x1_g1_ffma_aligna4_alignc4, 0x53072733c7601, , 0
[07/22/2026-00:36:09] [TRT] [V]  (foreignNode)   24, 0.0081952, 2.05208, 0.92795, cutlass3x_sm100_tensorop_s128x128x8tf32implicit_gemm_fprop_f32_f32_f32_f32_f32_f32_128x128x32_dyn_cga_ndhwc_ndhwc_ndhwc_align4_2sm_relu_valpha_vbeta, 0x512169c0e6ae4, cga={2 4 1 1 2 1 1} , 1
[07/22/2026-00:36:09] [TRT] [V]  (foreignNode)   11, 0.0082944, 2.07692, 0.62823, sm80_xmma_fprop_implicit_gemm_f32f32_f32f32_f32_nhwckrsc_nhwc_tilesize32x32x8_stage3_warpsize1x2x1_g1_ffma_aligna4_alignc4, 0x6611607d187d4, , 0
[07/22/2026-00:36:09] [TRT] [V]  (foreignNode)   78, 0.0082944, 2.07692, 1.30106, cutlass3x_sm100_tensorop_s64x128x8tf32implicit_gemm_fprop_f32_f32_f32_f32_f32_f32_64x128x32_dyn_cga_ndhwc_ndhwc_ndhwc_align4_1sm_relu_valpha_vbeta, 0x335de326c46e4, cga={2 8 2 1 1 2 1} , 1
[07/22/2026-00:36:09] [TRT] [V]  (foreignNode)   56, 0.0084992, 2.12821, 1.14377, cutlass3x_sm100_tensorop_s64x128x8tf32implicit_gemm_fprop_f32_f32_f32_f32_f32_f32_64x128x32_dyn_cga_ndhwc_ndhwc_ndhwc_align4_1sm_relu_valpha_vbeta, 0x42d6eee2af3c1, cga={2 8 1 1 2 1 1} , 1
[07/22/2026-00:36:09] [TRT] [V]  (foreignNode)   58, 0.0084992, 2.12821, 1.14946, cutlass3x_sm100_tensorop_s64x128x8tf32implicit_gemm_fprop_f32_f32_f32_f32_f32_f32_64x128x32_dyn_cga_ndhwc_ndhwc_ndhwc_align4_1sm_relu_valpha_vbeta, 0x3c85962b2abe5, cga={2 8 2 1 2 1 1} , 1
[07/22/2026-00:36:09] [TRT] [V]  (foreignNode)   59, 0.0084992, 2.12821, 1.15074, cutlass3x_sm100_tensorop_s64x128x8tf32implicit_gemm_fprop_f32_f32_f32_f32_f32_f32_64x128x32_dyn_cga_ndhwc_ndhwc_ndhwc_align4_1sm_relu_valpha_vbeta, 0x3c8c7516f47f0, cga={2 4 2 1 2 1 1} , 1
[07/22/2026-00:36:09] [TRT] [V]  (foreignNode)   79, 0.0084992, 2.12821, 1.27273, cutlass3x_sm100_tensorop_s64x128x8tf32implicit_gemm_fprop_f32_f32_f32_f32_f32_f32_64x128x32_dyn_cga_ndhwc_ndhwc_ndhwc_align4_1sm_relu_valpha_vbeta, 0x39eb43261733c, cga={2 4 2 1 1 2 1} , 1
[07/22/2026-00:36:09] [TRT] [V]  (foreignNode)   68, 0.0086016, 2.15385, 1.22714, cutlass3x_sm100_tensorop_s256x128x8tf32implicit_gemm_fprop_f32_f32_f32_f32_f32_f32_256x128x32_dyn_cga_ndhwc_ndhwc_ndhwc_align4_2sm_relu_valpha_vbeta, 0x2f8b9515c6bf4, cga={2 2 2 1 2 1 1} , 1
[07/22/2026-00:36:09] [TRT] [V]  (foreignNode)   72, 0.0086176, 2.15785, 1.22579, cutlass3x_sm100_tensorop_s256x128x8tf32implicit_gemm_fprop_f32_f32_f32_f32_f32_f32_256x128x32_dyn_cga_ndhwc_ndhwc_ndhwc_align4_2sm_relu_valpha_vbeta, 0x43715d052237b, cga={2 8 2 1 2 1 1} , 1
[07/22/2026-00:36:09] [TRT] [V]  (foreignNode)   71, 0.0086880, 2.17548, 1.21503, cutlass3x_sm100_tensorop_s256x128x8tf32implicit_gemm_fprop_f32_f32_f32_f32_f32_f32_256x128x32_dyn_cga_ndhwc_ndhwc_ndhwc_align4_2sm_relu_valpha_vbeta, 0x463bd845d6f45, cga={2 4 2 1 2 1 1} , 1
[07/22/2026-00:36:09] [TRT] [V]  (foreignNode)   88, 0.0086944, 2.17708, 1.32399, cutlass3x_sm100_tensorop_s256x128x8tf32implicit_gemm_fprop_f32_f32_f32_f32_f32_f32_256x128x32_dyn_cga_ndhwc_ndhwc_ndhwc_align4_2sm_relu_valpha_vbeta, 0x3da6f833cc165, cga={2 4 4 1 2 1 1} , 1
[07/22/2026-00:36:09] [TRT] [V]  (foreignNode)   54, 0.0087008, 2.17869, 1.11659, cutlass3x_sm100_tensorop_s64x128x8tf32implicit_gemm_fprop_f32_f32_f32_f32_f32_f32_64x128x32_dyn_cga_ndhwc_ndhwc_ndhwc_align4_1sm_relu_valpha_vbeta, 0x63fab4afced86, cga={2 4 1 1 2 1 1} , 1
[07/22/2026-00:36:09] [TRT] [V]  (foreignNode)   37, 0.0087040, 2.17949, 0.95221, cutlass3x_sm100_tensorop_s128x128x8tf32implicit_gemm_fprop_f32_f32_f32_f32_f32_f32_128x128x32_dyn_cga_ndhwc_ndhwc_ndhwc_align4_2sm_relu_valpha_vbeta, 0x4098bc9a582e5, cga={0 0 0 1 0 0 1} , 1
[07/22/2026-00:36:09] [TRT] [V]  (foreignNode)   99, 0.0087040, 2.17949, 1.54115, cutlass3x_sm100_tensorop_s256x128x8tf32implicit_gemm_fprop_f32_f32_f32_f32_f32_f32_256x128x32_dyn_cga_ndhwc_ndhwc_ndhwc_align4_2sm_relu_valpha_vbeta, 0x46b86d07bcad2, cga={2 2 4 1 2 1 1} , 1
[07/22/2026-00:36:09] [TRT] [V]  (foreignNode)   14, 0.0087552, 2.19231, 0.68767, sm80_xmma_fprop_implicit_gemm_indexed_f32f32_f32f32_f32_nchwkcrs_nchw_tilesize64x64x8_stage3_warpsize1x4x1_g1_ffma_aligna4_alignc4, 0x50058707ad9d1, , 0
[07/22/2026-00:36:09] [TRT] [V]  (foreignNode)   53, 0.0087552, 2.19231, 1.10741, sm80_xmma_fprop_implicit_gemm_f32f32_f32f32_f32_nchwkcrs_nchw_tilesize64x64x8_stage3_warpsize1x4x1_g1_ffma_aligna4_alignc4, 0x52fd2cc1fc4ec, , 0
[07/22/2026-00:36:09] [TRT] [V]  (foreignNode)   38, 0.0088064, 2.20513, 0.94113, cutlass3x_sm100_tensorop_s128x128x8tf32implicit_gemm_fprop_f32_f32_f32_f32_f32_f32_128x128x32_dyn_cga_ndhwc_ndhwc_ndhwc_align4_2sm_relu_valpha_vbeta, 0x2ddf60afb1c3a, cga={2 2 1 1 2 1 1} , 1
[07/22/2026-00:36:09] [TRT] [V]  (foreignNode)   55, 0.0088064, 2.20513, 1.10345, cutlass3x_sm100_tensorop_s64x128x8tf32implicit_gemm_fprop_f32_f32_f32_f32_f32_f32_64x128x32_dyn_cga_ndhwc_ndhwc_ndhwc_align4_1sm_relu_valpha_vbeta, 0x2e38345f24ce6, cga={2 2 1 1 2 1 1} , 1
[07/22/2026-00:36:09] [TRT] [V]  (foreignNode)   67, 0.0092192, 2.30849, 1.14478, cutlass3x_sm100_tensorop_s256x128x8tf32implicit_gemm_fprop_f32_f32_f32_f32_f32_f32_256x128x32_dyn_cga_ndhwc_ndhwc_ndhwc_align4_2sm_relu_valpha_vbeta, 0x453d81e7227d5, cga={2 8 1 1 2 1 1} , 1
[07/22/2026-00:36:09] [TRT] [V]  (foreignNode)   89, 0.0093184, 2.33333, 1.23649, cutlass3x_sm100_tensorop_s128x128x8tf32implicit_gemm_fprop_f32_f32_f32_f32_f32_f32_128x128x32_dyn_cga_ndhwc_ndhwc_ndhwc_align4_2sm_relu_valpha_vbeta, 0x30a9ae9ac00d1, cga={2 2 2 1 2 1 1} , 1
[07/22/2026-00:36:09] [TRT] [V]  (foreignNode)   93, 0.0093184, 2.33333, 1.34066, cutlass3x_sm100_tensorop_s64x128x8tf32implicit_gemm_fprop_f32_f32_f32_f32_f32_f32_64x128x32_dyn_cga_ndhwc_ndhwc_ndhwc_align4_1sm_relu_valpha_vbeta, 0x6131fea00d78e, cga={2 2 2 1 1 2 1} , 1
[07/22/2026-00:36:09] [TRT] [V]  (foreignNode)   65, 0.0095232, 2.38462, 1.10761, cutlass3x_sm100_tensorop_s256x128x8tf32implicit_gemm_fprop_f32_f32_f32_f32_f32_f32_256x128x32_dyn_cga_ndhwc_ndhwc_ndhwc_align4_2sm_relu_valpha_vbeta, 0x698792e76b689, cga={2 4 1 1 2 1 1} , 1
[07/22/2026-00:36:09] [TRT] [V]  (foreignNode)   83, 0.0095232, 2.38462, 1.16140, cutlass3x_sm100_tensorop_s64x128x8tf32implicit_gemm_fprop_f32_f32_f32_f32_f32_f32_64x128x32_dyn_cga_ndhwc_ndhwc_ndhwc_align4_1sm_relu_valpha_vbeta, 0x2dedc897174c8, cga={2 1 1 1 1 1 1} , 1
[07/22/2026-00:36:09] [TRT] [V]  (foreignNode)   91, 0.0097248, 2.43510, 1.21617, cutlass3x_sm100_tensorop_s64x128x8tf32implicit_gemm_fprop_f32_f32_f32_f32_f32_f32_64x128x32_dyn_cga_ndhwc_ndhwc_ndhwc_align4_1sm_relu_valpha_vbeta, 0x43a99cc829f69, cga={2 2 2 1 2 1 1} , 1
[07/22/2026-00:36:09] [TRT] [V]  (foreignNode)   82, 0.0097280, 2.43590, 1.13695, cutlass3x_sm100_tensorop_s64x128x8tf32implicit_gemm_fprop_f32_f32_f32_f32_f32_f32_64x128x32_dyn_cga_ndhwc_ndhwc_ndhwc_align4_1sm_relu_valpha_vbeta, 0x328b57f629ef8, cga={0 0 0 1 0 0 1} , 1
[07/22/2026-00:36:09] [TRT] [V]  (foreignNode)   27, 0.0099296, 2.48638, 0.77509, sm80_xmma_fprop_implicit_gemm_f32f32_f32f32_f32_nhwckrsc_nhwc_tilesize128x16x8_stage3_warpsize4x1x1_g1_ffma_aligna4_alignc4, 0x4ae5e6b95a5f8, , 0
[07/22/2026-00:36:09] [TRT] [V]  (foreignNode)   70, 0.0104448, 2.61538, 1.01060, cutlass3x_sm100_tensorop_s256x128x8tf32implicit_gemm_fprop_f32_f32_f32_f32_f32_f32_256x128x32_dyn_cga_ndhwc_ndhwc_ndhwc_align4_2sm_relu_valpha_vbeta, 0x535a8851f45af, cga={2 2 1 1 2 1 1} , 1
[07/22/2026-00:36:09] [TRT] [V]  (foreignNode)   69, 0.0105472, 2.64103, 1.00079, cutlass3x_sm100_tensorop_s256x128x8tf32implicit_gemm_fprop_f32_f32_f32_f32_f32_f32_256x128x32_dyn_cga_ndhwc_ndhwc_ndhwc_align4_2sm_relu_valpha_vbeta, 0x6897023cbda56, cga={0 0 0 1 0 0 1} , 1
[07/22/2026-00:36:09] [TRT] [V]  (foreignNode)   97, 0.0105472, 2.64103, 1.25669, cutlass3x_sm100_tensorop_s128x256x8tf32implicit_gemm_fprop_f32_f32_f32_f32_f32_f32_128x256x32_dyn_cga_ndhwc_ndhwc_ndhwc_align4_2sm_relu_valpha_vbeta, 0x2c44a9962d227, cga={0 0 0 1 0 0 1} , 1
[07/22/2026-00:36:09] [TRT] [V]  (foreignNode)   29, 0.0105984, 2.65385, 0.73917, sm80_xmma_fprop_implicit_gemm_indexed_f32f32_f32f32_f32_nchwkcrs_nchw_tilesize128x16x8_stage3_warpsize4x1x1_g1_ffma_aligna4_alignc4, 0x381f105003178, , 0
[07/22/2026-00:36:09] [TRT] [V]  (foreignNode)   31, 0.0105984, 2.65385, 0.75767, sm80_xmma_fprop_implicit_gemm_indexed_f32f32_f32f32_f32_nchwkcrs_nchw_tilesize128x32x8_stage3_warpsize2x2x1_g1_ffma_aligna4_alignc4, 0x38b375fe898eb, , 0
[07/22/2026-00:36:09] [TRT] [V]  (foreignNode)   98, 0.0107520, 2.69231, 1.23275, cutlass3x_sm100_tensorop_s128x256x8tf32implicit_gemm_fprop_f32_f32_f32_f32_f32_f32_128x256x32_dyn_cga_ndhwc_ndhwc_ndhwc_align4_2sm_relu_valpha_vbeta, 0x56704b87dfb92, cga={2 2 1 1 2 1 1} , 1
[07/22/2026-00:36:09] [TRT] [V]  (foreignNode)   60, 0.0109536, 2.74279, 0.90573, sm80_xmma_fprop_implicit_gemm_f32f32_f32f32_f32_nhwckrsc_nhwc_tilesize64x64x8_stage3_warpsize1x4x1_g1_ffma_aligna4_alignc4, 0x531c3b8549188, , 0
[07/22/2026-00:36:09] [TRT] [V]  (foreignNode)   94, 0.0115680, 2.89664, 1.08742, cutlass3x_sm100_tensorop_s128x128x8tf32implicit_gemm_fprop_f32_f32_f32_f32_f32_f32_128x128x32_dyn_cga_ndhwc_ndhwc_ndhwc_align4_1sm_relu_valpha_vbeta, 0x4c8f00b51b7ca, cga={0 0 0 1 0 0 1} , 1
[07/22/2026-00:36:09] [TRT] [V]  (foreignNode)   95, 0.0115712, 2.89744, 1.08712, cutlass3x_sm100_tensorop_s128x128x8tf32implicit_gemm_fprop_f32_f32_f32_f32_f32_f32_128x128x32_dyn_cga_ndhwc_ndhwc_ndhwc_align4_1sm_relu_valpha_vbeta, 0x5c331297e0160, cga={2 1 1 1 1 1 1} , 1
[07/22/2026-00:36:09] [TRT] [V]  (foreignNode)   22, 0.0121440, 3.04087, 0.60746, sm80_xmma_fprop_implicit_gemm_indexed_f32f32_f32f32_f32_nchwkcrs_nchw_tilesize128x64x8_stage2_warpsize1x4x1_g1_ffma_aligna4_alignc4_beta0_packed_stride, 0x491c74b83d98c, , 0
[07/22/2026-00:36:09] [TRT] [V]  (foreignNode)   32, 0.0124416, 3.11538, 0.64774, sm80_xmma_fprop_implicit_gemm_indexed_f32f32_f32f32_f32_nchwkcrs_nchw_tilesize128x64x8_stage2_warpsize2x2x1_g1_ffma_aligna4_alignc4_beta0_packed_stride, 0x6105a76debc1c, , 0
[07/22/2026-00:36:09] [TRT] [V]  (foreignNode)   15, 0.0126048, 3.15625, 0.48767, sm80_xmma_fprop_implicit_gemm_indexed_f32f32_f32f32_f32_nhwckrsc_nhwc_tilesize64x64x8_stage3_warpsize1x4x1_g1_ffma_aligna4_alignc4, 0x45757ccc39352, , 0
[07/22/2026-00:36:09] [TRT] [V]  (foreignNode)   10, 0.0128000, 3.20513, 0.38197, sm80_xmma_fprop_implicit_gemm_indexed_f32f32_f32f32_f32_nhwckrsc_nhwc_tilesize128x16x8_stage3_warpsize4x1x1_g1_ffma_aligna4_alignc4, 0x5c10a53c8e4ee, , 0
[07/22/2026-00:36:09] [TRT] [V]  (foreignNode)    8, 0.0132064, 3.30689, 0.31669, sm80_xmma_fprop_implicit_gemm_f32f32_tf32f32_f32_nhwckrsc_nhwc_tilesize128x128x16_stage4_warpsize2x2x1_g1_tensor16x8x8_t1r5s5, 0x4a22061aa1bca, , 0
[07/22/2026-00:36:09] [TRT] [V]  (foreignNode)    2, 0.0135296, 3.38782, 0.02601, sm80_xmma_fprop_implicit_gemm_f32f32_tf32f32_f32_nhwckrsc_nhwc_tilesize64x32x64_stage5_warpsize2x2x1_g1_tensor16x8x8_t1r5s5, 0x6671027229437, , 0
[07/22/2026-00:36:09] [TRT] [V]  (foreignNode)   21, 0.0136160, 3.40946, 0.51653, sm80_xmma_fprop_implicit_gemm_indexed_f32f32_f32f32_f32_nhwckrsc_nhwc_tilesize128x32x8_stage3_warpsize2x2x1_g1_ffma_aligna4_alignc4, 0x593cc3676fa2f, , 0
[07/22/2026-00:36:09] [TRT] [V]  (foreignNode)   40, 0.0136704, 3.42308, 0.60923, sm80_xmma_fprop_implicit_gemm_indexed_f32f32_f32f32_f32_nchwkcrs_nchw_tilesize128x64x8_stage2_warpsize4x1x1_g1_ffma_aligna4_alignc4_beta0_packed_stride, 0x2ed49b83a1ace, , 0
[07/22/2026-00:36:09] [TRT] [V]  (foreignNode)    1, 0.0140288, 3.51282, 0.01227, sm80_xmma_fprop_implicit_gemm_f32f32_tf32f32_f32_nhwckrsc_nhwc_tilesize64x128x32_stage5_warpsize2x2x1_g1_tensor16x8x8_t1r5s5, 0x50bf9238876a8, , 0
[07/22/2026-00:36:09] [TRT] [V]  (foreignNode)   20, 0.0146432, 3.66667, 0.47314, sm80_xmma_fprop_implicit_gemm_indexed_f32f32_tf32f32_f32_nhwckrsc_nhwc_tilesize64x128x32_stage5_warpsize2x2x1_g1_tensor16x8x8, 0x63349d53d88ef, , 0
[07/22/2026-00:36:09] [TRT] [V]  (foreignNode)   51, 0.0146432, 3.66667, 0.64677, sm80_xmma_fprop_implicit_gemm_indexed_f32f32_tf32f32_f32_nhwckrsc_nhwc_tilesize128x128x16_stage4_warpsize2x2x1_g1_tensor16x8x8, 0x569a5b44f4eab, , 0
[07/22/2026-00:36:09] [TRT] [V]  (foreignNode)    3, 0.0147584, 3.69551, 0.02541, sm80_xmma_fprop_implicit_gemm_f32f32_tf32f32_f32_nhwckrsc_nhwc_tilesize128x64x32_stage5_warpsize2x2x1_g1_tensor16x8x8_t1r5s5, 0x2d7ff302789c4, , 0
[07/22/2026-00:36:09] [TRT] [V]  (foreignNode)   18, 0.0154560, 3.87019, 0.42452, sm80_xmma_fprop_implicit_gemm_indexed_f32f32_tf32f32_f32_nhwckrsc_nhwc_tilesize64x32x64_stage5_warpsize2x2x1_g1_tensor16x8x8, 0x5af5049c6d4f9, , 0
[07/22/2026-00:36:09] [TRT] [V]  (foreignNode)   26, 0.0167008, 4.18189, 0.45877, sm80_xmma_fprop_implicit_gemm_indexed_f32f32_tf32f32_f32_nhwckrsc_nhwc_tilesize128x64x32_stage5_warpsize2x2x1_g1_tensor16x8x8, 0x63102d914fbd2, , 0
[07/22/2026-00:36:09] [TRT] [V]  (foreignNode)    4, 0.0174176, 4.36138, 0.02436, sm80_xmma_fprop_implicit_gemm_f32f32_tf32f32_f32_nhwckrsc_nhwc_tilesize64x64x64_stage4_warpsize2x2x1_g1_tensor16x8x8_t1r5s5, 0x4163a3df68b16, , 0
[07/22/2026-00:36:09] [TRT] [V]  (foreignNode)   17, 0.0182080, 4.55930, 0.34762, sm80_xmma_fprop_implicit_gemm_indexed_f32f32_tf32f32_f32_nhwckrsc_nhwc_tilesize64x64x64_stage4_warpsize2x2x1_g1_tensor16x8x8, 0x2ced820775fe7, , 0
[07/22/2026-00:36:09] [TRT] [V]  (foreignNode)    5, 0.0234528, 5.87260, 0.02016, sm80_xmma_fprop_implicit_gemm_f32f32_tf32f32_f32_nhwckrsc_nhwc_tilesize128x128x32_stage4_warpsize2x2x1_g1_tensor16x8x8_t1r5s5, 0x3c2813949d00d, , 0
[07/22/2026-00:36:09] [TRT] [V]  (foreignNode)    7, 0.0244736, 6.12821, 0.10264, sm80_xmma_fprop_implicit_gemm_f32f32_tf32f32_f32_nhwckrsc_nhwc_tilesize256x64x32_stage3_warpsize4x2x1_g1_tensor16x8x8_t1r5s5, 0x5fe33cf2915df, , 0
[07/22/2026-00:36:09] [TRT] [V]  (foreignNode)   57, 0.0257024, 6.43590, 0.37873, sm80_xmma_fprop_implicit_gemm_indexed_f32f32_tf32f32_f32_nhwckrsc_nhwc_tilesize128x128x32_stage4_warpsize2x2x1_g1_tensor16x8x8, 0x571ad7d8034d3, , 0
[07/22/2026-00:36:09] [TRT] [V]  (foreignNode)    6, 0.0265184, 6.64022, 0.02597, sm80_xmma_fprop_implicit_gemm_f32f32_tf32f32_f32_nhwckrsc_nhwc_tilesize128x64x64_stage3_warpsize2x2x1_g1_tensor16x8x8_t1r5s5, 0x4185075da43a9, , 0
[07/22/2026-00:36:09] [TRT] [V]  (foreignNode)   64, 0.0273408, 6.84615, 0.37955, sm80_xmma_fprop_implicit_gemm_indexed_f32f32_tf32f32_f32_nhwckrsc_nhwc_tilesize256x64x32_stage3_warpsize4x2x1_g1_tensor16x8x8, 0x58cfb7217d527, , 0
[07/22/2026-00:36:09] [TRT] [V]  (foreignNode)   35, 0.0277600, 6.95112, 0.29609, sm80_xmma_fprop_implicit_gemm_indexed_f32f32_tf32f32_f32_nhwckrsc_nhwc_tilesize128x64x64_stage3_warpsize2x2x1_g1_tensor16x8x8, 0x65a391c4bf119, , 0
[07/22/2026-00:36:09] [TRT] [V]  (foreignNode)   80, 0.0359424, 9.00000, 0.30150, sm80_xmma_fprop_implicit_gemm_f32f32_tf32f32_f32_nhwckrsc_nhwc_tilesize128x256x32_stage3_warpsize2x4x1_g1_tensor16x8x8_t1r5s5, 0x65e9d61c48eda, , 0
[07/22/2026-00:36:09] [TRT] [V]  (foreignNode)   61, 0.0363520, 9.10256, 0.27699, sm80_xmma_fprop_implicit_gemm_f32f32_tf32f32_f32_nhwckrsc_nhwc_tilesize256x128x32_stage3_warpsize4x2x1_g1_tensor16x8x8_t1r5s5, 0x610c895e8b973, , 0
[07/22/2026-00:36:09] [TRT] [V]  (foreignNode)   90, 0.0375808, 9.41026, 0.31407, sm80_xmma_fprop_implicit_gemm_indexed_f32f32_tf32f32_f32_nhwckrsc_nhwc_tilesize128x256x32_stage3_warpsize2x4x1_g1_tensor16x8x8, 0x531a58fc22ee1, , 0
[07/22/2026-00:36:09] [TRT] [V]  (foreignNode)   96, 0.0398368, 9.97516, 0.31877, sm80_xmma_fprop_implicit_gemm_indexed_f32f32_tf32f32_f32_nhwckrsc_nhwc_tilesize256x128x32_stage3_warpsize4x2x1_g1_tensor16x8x8, 0x5389bdefe16fd, , 0
[07/22/2026-00:36:09] [TRT] [V]  (foreignNode)    0, 0.1296384, 32.46154, 0.00010, sm80_xmma_fprop_implicit_gemm_f32f32_f32f32_f32_nhwckrsc_nhwc_tilesize64x32x32_stage3_warpsize1x1x1_g1_ffma_t1r5s5_aligna4_alignc4, 0x5efcc2f47736d, , 0
[07/22/2026-00:36:09] [TRT] [V]  (foreignNode) Autotuning op node_max_pool2d: [ONNX Layer: node_max_pool2d]
[07/22/2026-00:36:09] [TRT] [V]  (foreignNode) Sorted table of all evaluated tactics:
[07/22/2026-00:36:09] [TRT] [V]  (foreignNode) tactic_id, cost(in ms), cost/fastest_cost, prediction_correlation, kernel_name, tactic_hash, tunable_parameter
[07/22/2026-00:36:09] [TRT] [V]  (foreignNode)   20, 0.0032768, 1.00000, 0.00000, sm50_xmma_pooling_max_nhwc_FP32FP32_WINDOWSIZE_0_PROPAGATE_NAN_3D, 0x63d934f4d43ce, 
[07/22/2026-00:36:09] [TRT] [V]  (foreignNode)   21, 0.0032768, 1.00000, 0.00000, sm50_xmma_pooling_max_nhwc_FP32FP32_WINDOWSIZE_0_PROPAGATE_NAN_2D, 0x66f0f7054b2a5, 
[07/22/2026-00:36:09] [TRT] [V]  (foreignNode)   19, 0.0033792, 1.03125, 0.00000, sm50_xmma_pooling_max_nhwc_FP32FP32_WINDOWSIZE_0_NOT_PROPAGATE_NAN_2D, 0x4327a8fca68b1, 
[07/22/2026-00:36:09] [TRT] [V]  (foreignNode)   18, 0.0035840, 1.09375, 0.00000, sm50_xmma_pooling_max_nhwc_FP32FP32_WINDOWSIZE_0_NOT_PROPAGATE_NAN_3D, 0x67bdb004749ae, 
[07/22/2026-00:36:09] [TRT] [V]  (foreignNode)   22, 0.0035872, 1.09473, 0.00000, sm50_xmma_pooling_fw_4d_FP32FP32NHWC_Max_CAlign4, 0x6617c82cae8f0, 
[07/22/2026-00:36:09] [TRT] [V]  (foreignNode)   10, 0.0042864, 1.30811, 0.00000, sm50_xmma_pooling_tiled_FP32NCHW_kMAX_tP2_tQ32_tR2_tS2_tU2_tV2_tUnroll4_tThreads256, 0x6be0fd1dba7a4, 
[07/22/2026-00:36:09] [TRT] [V]  (foreignNode)    6, 0.0042960, 1.31104, 0.00000, sm50_xmma_pooling_tiled_FP32NCHW_kMAX_tP2_tQ16_tR2_tS2_tU2_tV2_tUnroll5_tThreads128, 0x38a93743d776a, 
[07/22/2026-00:36:09] [TRT] [V]  (foreignNode)   11, 0.0042960, 1.31104, 0.00000, sm50_xmma_pooling_tiled_FP32NCHW_kMAX_tP2_tQ32_tR2_tS2_tU2_tV2_tUnroll7_tThreads256, 0x2efb789daae6f, 
[07/22/2026-00:36:09] [TRT] [V]  (foreignNode)    3, 0.0043008, 1.31250, 0.00000, sm50_xmma_pooling_tiled_FP32NCHW_kMAX_tP2_tQ16_tR2_tS2_tU2_tV2_tUnroll7_tThreads128, 0x503c1745dac9b, 
[07/22/2026-00:36:09] [TRT] [V]  (foreignNode)    5, 0.0043008, 1.31250, 0.00000, sm50_xmma_pooling_tiled_FP32NCHW_kMAX_tP2_tQ16_tR2_tS2_tU2_tV2_tUnroll6_tThreads128, 0x4f17e05940187, 
[07/22/2026-00:36:09] [TRT] [V]  (foreignNode)    8, 0.0043008, 1.31250, 0.00000, sm50_xmma_pooling_tiled_FP32NCHW_kMAX_tP2_tQ32_tR2_tS2_tU2_tV2_tUnroll3_tThreads256, 0x64c8cc77ba50e, 
[07/22/2026-00:36:09] [TRT] [V]  (foreignNode)   12, 0.0043008, 1.31250, 0.00000, sm50_xmma_pooling_tiled_FP32NCHW_kMAX_tP2_tQ32_tR2_tS2_tU2_tV2_tUnroll2_tThreads256, 0x40206b28bf3c4, 
[07/22/2026-00:36:09] [TRT] [V]  (foreignNode)   14, 0.0043008, 1.31250, 0.00000, sm50_xmma_pooling_tiled_FP32NCHW_kMAX_tP2_tQ16_tR2_tS2_tU2_tV2_tUnroll2_tThreads128, 0x2f6b14a6cb8d4, 
[07/22/2026-00:36:09] [TRT] [V]  (foreignNode)   15, 0.0043008, 1.31250, 0.00000, sm50_xmma_pooling_tiled_FP32NCHW_kMAX_tP2_tQ16_tR2_tS2_tU2_tV2_tUnroll4_tThreads128, 0x42627c41262ef, 
[07/22/2026-00:36:09] [TRT] [V]  (foreignNode)   16, 0.0043008, 1.31250, 0.00000, sm50_xmma_pooling_tiled_FP32NCHW_kMAX_tP2_tQ16_tR2_tS2_tU2_tV2_tUnroll1_tThreads128, 0x2864d40f44906, 
[07/22/2026-00:36:09] [TRT] [V]  (foreignNode)   17, 0.0043008, 1.31250, 0.00000, sm50_xmma_pooling_tiled_FP32NCHW_kMAX_tP2_tQ32_tR2_tS2_tU2_tV2_tUnroll6_tThreads256, 0x5ba888b4b619c, 
[07/22/2026-00:36:09] [TRT] [V]  (foreignNode)   13, 0.0043056, 1.31396, 0.00000, sm50_xmma_pooling_tiled_FP32NCHW_kMAX_tP2_tQ16_tR2_tS2_tU2_tV2_tUnroll3_tThreads128, 0x637977ba0d6e2, 
[07/22/2026-00:36:09] [TRT] [V]  (foreignNode)    9, 0.0044544, 1.35938, 0.00000, sm50_xmma_pooling_tiled_FP32NCHW_kMAX_tP2_tQ32_tR2_tS2_tU2_tV2_tUnroll5_tThreads256, 0x29624b9510e6c, 
[07/22/2026-00:36:09] [TRT] [V]  (foreignNode)    4, 0.0045936, 1.40186, 0.00000, sm50_xmma_pooling_tiled_FP32NCHW_kMAX_tP2_tQ16_tR2_tS2_tU2_tV2_tUnroll8_tThreads128, 0x380c4a94fc854, 
[07/22/2026-00:36:09] [TRT] [V]  (foreignNode)    7, 0.0045984, 1.40332, 0.00000, sm50_xmma_pooling_tiled_FP32NCHW_kMAX_tP2_tQ32_tR2_tS2_tU2_tV2_tUnroll8_tThreads256, 0x3ba7abd9d0585, 
[07/22/2026-00:36:09] [TRT] [V]  (foreignNode)    2, 0.0046128, 1.40771, 0.00000, sm50_xmma_pooling_tiled_FP32NCHW_kMAX_tP2_tQ32_tR2_tS2_tU2_tV2_tUnroll1_tThreads256, 0x51cb4d25cbb1e, 
[07/22/2026-00:36:09] [TRT] [V]  (foreignNode)    0, 0.0049104, 1.49854, 0.00000, sm50_xmma_pooling_fw_4d_FP32FP32NCHW_Max, 0x2b65065dee694, 
[07/22/2026-00:36:09] [TRT] [V]  (foreignNode)    1, 0.0049152, 1.50000, 0.00000, sm50_xmma_pooling_nd_NCDHW_kMAX_kGENERIC_3D_POOLING_MODE_kFLOAT_0, 0x613f51227b01b, 
[07/22/2026-00:36:09] [TRT] [V]  (foreignNode) Autotuning op node_conv2d_1: [ONNX Layer: node_conv2d_1][ONNX Layer: node_relu_1]
[07/22/2026-00:36:09] [TRT] [V]  (foreignNode) Sorted table of all evaluated tactics:
[07/22/2026-00:36:09] [TRT] [V]  (foreignNode) tactic_id, cost(in ms), cost/fastest_cost, prediction_correlation, kernel_name, tactic_hash, tunable_parameter, conv_w2c_input_fold
[07/22/2026-00:36:09] [TRT] [V]  (foreignNode)   19, 0.0056288, 1.00000, 1.35027, cutlass3x_sm100_tensorop_s128x128x8tf32implicit_gemm_fprop_f32_f32_f32_f32_f32_f32_128x128x32_dyn_cga_ndhwc_ndhwc_ndhwc_align4_2sm_relu_valpha_vbeta, 0x285cce0d4d43f, cga={0 0 0 1 0 0 1} , 1
[07/22/2026-00:36:09] [TRT] [V]  (foreignNode)   20, 0.0057344, 1.01876, 1.32541, cutlass3x_sm100_tensorop_s128x128x8tf32implicit_gemm_fprop_f32_f32_f32_f32_f32_f32_128x128x32_dyn_cga_ndhwc_ndhwc_ndhwc_align4_2sm_relu_valpha_vbeta, 0x552274bdc9046, cga={2 2 1 1 2 1 1} , 1
[07/22/2026-00:36:09] [TRT] [V]  (foreignNode)   21, 0.0057344, 1.01876, 1.32649, cutlass3x_sm100_tensorop_s128x128x8tf32implicit_gemm_fprop_f32_f32_f32_f32_f32_f32_128x128x32_dyn_cga_ndhwc_ndhwc_ndhwc_align4_2sm_relu_valpha_vbeta, 0x338b9af98fb76, cga={2 4 1 1 2 1 1} , 1
[07/22/2026-00:36:09] [TRT] [V]  (foreignNode)   23, 0.0060416, 1.07334, 1.26000, cutlass3x_sm100_tensorop_s128x128x8tf32implicit_gemm_fprop_f32_f32_f32_f32_f32_f32_128x128x32_dyn_cga_ndhwc_ndhwc_ndhwc_align4_2sm_relu_valpha_vbeta, 0x580cce0798e67, cga={2 8 1 1 2 1 1} , 1
[07/22/2026-00:36:09] [TRT] [V]  (foreignNode)   22, 0.0064512, 1.14611, 1.17910, cutlass3x_sm100_tensorop_s128x128x8tf32implicit_gemm_fprop_f32_f32_f32_f32_f32_f32_128x128x32_dyn_cga_ndhwc_ndhwc_ndhwc_align4_2sm_relu_valpha_vbeta, 0x43fce5e7da296, cga={2 2 2 1 2 1 1} , 1
[07/22/2026-00:36:09] [TRT] [V]  (foreignNode)   24, 0.0065536, 1.16430, 1.16156, cutlass3x_sm100_tensorop_s128x128x8tf32implicit_gemm_fprop_f32_f32_f32_f32_f32_f32_128x128x32_dyn_cga_ndhwc_ndhwc_ndhwc_align4_2sm_relu_valpha_vbeta, 0x45f4ebc6c497d, cga={2 2 4 1 2 1 1} , 1
[07/22/2026-00:36:09] [TRT] [V]  (foreignNode)   27, 0.0066432, 1.18022, 1.14726, cutlass3x_sm100_tensorop_s128x128x8tf32implicit_gemm_fprop_f32_f32_f32_f32_f32_f32_128x128x32_dyn_cga_ndhwc_ndhwc_ndhwc_align4_2sm_relu_valpha_vbeta, 0x3d5e8ae1f53f7, cga={2 4 4 1 2 1 1} , 1
[07/22/2026-00:36:09] [TRT] [V]  (foreignNode)   25, 0.0066560, 1.18249, 1.14401, cutlass3x_sm100_tensorop_s128x128x8tf32implicit_gemm_fprop_f32_f32_f32_f32_f32_f32_128x128x32_dyn_cga_ndhwc_ndhwc_ndhwc_align4_2sm_relu_valpha_vbeta, 0x2af9437602943, cga={2 4 2 1 2 1 1} , 1
[07/22/2026-00:36:09] [TRT] [V]  (foreignNode)   55, 0.0067584, 1.20068, 1.55983, cutlass3x_sm100_tensorop_s256x128x8tf32implicit_gemm_fprop_f32_f32_f32_f32_f32_f32_256x128x32_dyn_cga_ndhwc_ndhwc_ndhwc_align4_2sm_relu_valpha_vbeta, 0x2c083b2f88f8a, cga={0 0 0 1 0 0 1} , 1
[07/22/2026-00:36:09] [TRT] [V]  (foreignNode)   57, 0.0068544, 1.21774, 1.53892, cutlass3x_sm100_tensorop_s256x128x8tf32implicit_gemm_fprop_f32_f32_f32_f32_f32_f32_256x128x32_dyn_cga_ndhwc_ndhwc_ndhwc_align4_2sm_relu_valpha_vbeta, 0x5b7ba1b2149ee, cga={2 4 1 1 2 1 1} , 1
[07/22/2026-00:36:09] [TRT] [V]  (foreignNode)   59, 0.0068544, 1.21774, 1.53980, cutlass3x_sm100_tensorop_s256x128x8tf32implicit_gemm_fprop_f32_f32_f32_f32_f32_f32_256x128x32_dyn_cga_ndhwc_ndhwc_ndhwc_align4_2sm_relu_valpha_vbeta, 0x30b7029716b7a, cga={2 8 1 1 2 1 1} , 1
[07/22/2026-00:36:09] [TRT] [V]  (foreignNode)   26, 0.0068576, 1.21831, 1.11139, cutlass3x_sm100_tensorop_s128x128x8tf32implicit_gemm_fprop_f32_f32_f32_f32_f32_f32_128x128x32_dyn_cga_ndhwc_ndhwc_ndhwc_align4_2sm_relu_valpha_vbeta, 0x5c77c521341fe, cga={2 8 2 1 2 1 1} , 1
[07/22/2026-00:36:09] [TRT] [V]  (foreignNode)   56, 0.0068608, 1.21887, 1.53654, cutlass3x_sm100_tensorop_s256x128x8tf32implicit_gemm_fprop_f32_f32_f32_f32_f32_f32_256x128x32_dyn_cga_ndhwc_ndhwc_ndhwc_align4_2sm_relu_valpha_vbeta, 0x5285dff98d9f3, cga={2 2 1 1 2 1 1} , 1
[07/22/2026-00:36:09] [TRT] [V]  (foreignNode)   58, 0.0068608, 1.21887, 1.53749, cutlass3x_sm100_tensorop_s256x128x8tf32implicit_gemm_fprop_f32_f32_f32_f32_f32_f32_256x128x32_dyn_cga_ndhwc_ndhwc_ndhwc_align4_2sm_relu_valpha_vbeta, 0x3e4586d4bcf51, cga={2 2 2 1 2 1 1} , 1
[07/22/2026-00:36:09] [TRT] [V]  (foreignNode)   61, 0.0068608, 1.21887, 1.53869, cutlass3x_sm100_tensorop_s256x128x8tf32implicit_gemm_fprop_f32_f32_f32_f32_f32_f32_256x128x32_dyn_cga_ndhwc_ndhwc_ndhwc_align4_2sm_relu_valpha_vbeta, 0x60e59af0f93cf, cga={2 4 2 1 2 1 1} , 1
[07/22/2026-00:36:09] [TRT] [V]  (foreignNode)   70, 0.0068608, 1.21887, 1.63105, cutlass3x_sm100_tensorop_s128x256x8tf32implicit_gemm_fprop_f32_f32_f32_f32_f32_f32_128x256x32_dyn_cga_ndhwc_ndhwc_ndhwc_align4_2sm_relu_valpha_vbeta, 0x2d8aa242be81f, cga={2 8 1 1 2 1 1} , 1
[07/22/2026-00:36:09] [TRT] [V]  (foreignNode)   28, 0.0069600, 1.23650, 1.09748, cutlass3x_sm100_tensorop_s128x128x8tf32implicit_gemm_fprop_f32_f32_f32_f32_f32_f32_128x128x32_dyn_cga_ndhwc_ndhwc_ndhwc_align4_2sm_relu_valpha_vbeta, 0x48cd5f15223c5, cga={2 2 8 1 2 1 1} , 1
[07/22/2026-00:36:09] [TRT] [V]  (foreignNode)   60, 0.0069600, 1.23650, 1.51644, cutlass3x_sm100_tensorop_s256x128x8tf32implicit_gemm_fprop_f32_f32_f32_f32_f32_f32_256x128x32_dyn_cga_ndhwc_ndhwc_ndhwc_align4_2sm_relu_valpha_vbeta, 0x5a723f520c9e6, cga={2 2 4 1 2 1 1} , 1
[07/22/2026-00:36:09] [TRT] [V]  (foreignNode)   66, 0.0069632, 1.23707, 1.60524, cutlass3x_sm100_tensorop_s128x256x8tf32implicit_gemm_fprop_f32_f32_f32_f32_f32_f32_128x256x32_dyn_cga_ndhwc_ndhwc_ndhwc_align4_2sm_relu_valpha_vbeta, 0x5731dc8589652, cga={0 0 0 1 0 0 1} , 1
[07/22/2026-00:36:09] [TRT] [V]  (foreignNode)   67, 0.0069632, 1.23707, 1.60524, cutlass3x_sm100_tensorop_s128x256x8tf32implicit_gemm_fprop_f32_f32_f32_f32_f32_f32_128x256x32_dyn_cga_ndhwc_ndhwc_ndhwc_align4_2sm_relu_valpha_vbeta, 0x30a3eecce76a0, cga={2 2 1 1 2 1 1} , 1
[07/22/2026-00:36:09] [TRT] [V]  (foreignNode)   45, 0.0069696, 1.23820, 1.39517, cutlass3x_sm100_tensorop_s64x128x8tf32implicit_gemm_fprop_f32_f32_f32_f32_f32_f32_64x128x32_dyn_cga_ndhwc_ndhwc_ndhwc_align4_1sm_relu_valpha_vbeta, 0x5b054723190f4, cga={2 4 2 1 2 1 1} , 1
[07/22/2026-00:36:09] [TRT] [V]  (foreignNode)   68, 0.0069696, 1.23820, 1.60471, cutlass3x_sm100_tensorop_s128x256x8tf32implicit_gemm_fprop_f32_f32_f32_f32_f32_f32_128x256x32_dyn_cga_ndhwc_ndhwc_ndhwc_align4_2sm_relu_valpha_vbeta, 0x442a1623f91d1, cga={2 4 1 1 2 1 1} , 1
[07/22/2026-00:36:09] [TRT] [V]  (foreignNode)   71, 0.0070624, 1.25469, 1.58449, cutlass3x_sm100_tensorop_s128x256x8tf32implicit_gemm_fprop_f32_f32_f32_f32_f32_f32_128x256x32_dyn_cga_ndhwc_ndhwc_ndhwc_align4_2sm_relu_valpha_vbeta, 0x35ca6792f5490, cga={2 2 4 1 2 1 1} , 1
[07/22/2026-00:36:09] [TRT] [V]  (foreignNode)   93, 0.0070624, 1.25469, 1.91328, cutlass3x_sm100_tensorop_s128x128x8tf32implicit_gemm_fprop_f32_f32_f32_f32_f32_f32_128x128x32_dyn_cga_ndhwc_ndhwc_ndhwc_align4_1sm_relu_valpha_vbeta, 0x6d889b7d61107, cga={2 4 2 1 2 1 1} , 1
[07/22/2026-00:36:09] [TRT] [V]  (foreignNode)   38, 0.0070656, 1.25526, 1.37507, cutlass3x_sm100_tensorop_s64x128x8tf32implicit_gemm_fprop_f32_f32_f32_f32_f32_f32_64x128x32_dyn_cga_ndhwc_ndhwc_ndhwc_align4_1sm_relu_valpha_vbeta, 0x33a3ef23d0e39, cga={2 4 1 1 2 1 1} , 1
[07/22/2026-00:36:09] [TRT] [V]  (foreignNode)   69, 0.0070656, 1.25526, 1.58291, cutlass3x_sm100_tensorop_s128x256x8tf32implicit_gemm_fprop_f32_f32_f32_f32_f32_f32_128x256x32_dyn_cga_ndhwc_ndhwc_ndhwc_align4_2sm_relu_valpha_vbeta, 0x45e6226562935, cga={2 2 2 1 2 1 1} , 1
[07/22/2026-00:36:09] [TRT] [V]  (foreignNode)   72, 0.0070656, 1.25526, 1.58409, cutlass3x_sm100_tensorop_s128x256x8tf32implicit_gemm_fprop_f32_f32_f32_f32_f32_f32_128x256x32_dyn_cga_ndhwc_ndhwc_ndhwc_align4_2sm_relu_valpha_vbeta, 0x4ba4cc8612d29, cga={2 4 2 1 2 1 1} , 1
[07/22/2026-00:36:09] [TRT] [V]  (foreignNode)   83, 0.0070656, 1.25526, 1.91022, cutlass3x_sm100_tensorop_s128x128x8tf32implicit_gemm_fprop_f32_f32_f32_f32_f32_f32_128x128x32_dyn_cga_ndhwc_ndhwc_ndhwc_align4_1sm_relu_valpha_vbeta, 0x3168ecf233768, cga={2 2 1 1 2 1 1} , 1
[07/22/2026-00:36:09] [TRT] [V]  (foreignNode)   90, 0.0070656, 1.25526, 1.91208, cutlass3x_sm100_tensorop_s128x128x8tf32implicit_gemm_fprop_f32_f32_f32_f32_f32_f32_128x128x32_dyn_cga_ndhwc_ndhwc_ndhwc_align4_1sm_relu_valpha_vbeta, 0x2a0df310453d9, cga={2 4 2 1 1 2 1} , 1
[07/22/2026-00:36:09] [TRT] [V]  (foreignNode)   64, 0.0070784, 1.25753, 1.49240, cutlass3x_sm100_tensorop_s256x128x8tf32implicit_gemm_fprop_f32_f32_f32_f32_f32_f32_256x128x32_dyn_cga_ndhwc_ndhwc_ndhwc_align4_2sm_relu_valpha_vbeta, 0x3f0763c0c4647, cga={2 4 4 1 2 1 1} , 1
[07/22/2026-00:36:09] [TRT] [V]  (foreignNode)   63, 0.0071648, 1.27288, 1.47440, cutlass3x_sm100_tensorop_s256x128x8tf32implicit_gemm_fprop_f32_f32_f32_f32_f32_f32_256x128x32_dyn_cga_ndhwc_ndhwc_ndhwc_align4_2sm_relu_valpha_vbeta, 0x2990a7a09d869, cga={2 8 2 1 2 1 1} , 1
[07/22/2026-00:36:09] [TRT] [V]  (foreignNode)   62, 0.0071680, 1.27345, 1.47289, cutlass3x_sm100_tensorop_s256x128x8tf32implicit_gemm_fprop_f32_f32_f32_f32_f32_f32_256x128x32_dyn_cga_ndhwc_ndhwc_ndhwc_align4_2sm_relu_valpha_vbeta, 0x2cd14519bae3e, cga={2 2 8 1 2 1 1} , 1
[07/22/2026-00:36:09] [TRT] [V]  (foreignNode)   73, 0.0071680, 1.27345, 1.56247, cutlass3x_sm100_tensorop_s128x256x8tf32implicit_gemm_fprop_f32_f32_f32_f32_f32_f32_128x256x32_dyn_cga_ndhwc_ndhwc_ndhwc_align4_2sm_relu_valpha_vbeta, 0x6305b01e9cdbc, cga={2 8 2 1 2 1 1} , 1
[07/22/2026-00:36:09] [TRT] [V]  (foreignNode)   79, 0.0071680, 1.27345, 1.68783, cutlass3x_sm100_tensorop_s128x128x8tf32implicit_gemm_fprop_f32_f32_f32_f32_f32_f32_128x128x32_dyn_cga_ndhwc_ndhwc_ndhwc_align4_1sm_relu_valpha_vbeta, 0x3bbc0347a23e8, cga={0 0 0 1 0 0 1} , 1
[07/22/2026-00:36:09] [TRT] [V]  (foreignNode)   80, 0.0071680, 1.27345, 1.68783, cutlass3x_sm100_tensorop_s128x128x8tf32implicit_gemm_fprop_f32_f32_f32_f32_f32_f32_128x128x32_dyn_cga_ndhwc_ndhwc_ndhwc_align4_1sm_relu_valpha_vbeta, 0x47078bc007a52, cga={2 1 1 1 1 1 1} , 1
[07/22/2026-00:36:09] [TRT] [V]  (foreignNode)   89, 0.0071680, 1.27345, 1.88477, cutlass3x_sm100_tensorop_s128x128x8tf32implicit_gemm_fprop_f32_f32_f32_f32_f32_f32_128x128x32_dyn_cga_ndhwc_ndhwc_ndhwc_align4_1sm_relu_valpha_vbeta, 0x416159919669a, cga={2 8 1 1 2 1 1} , 1
[07/22/2026-00:36:09] [TRT] [V]  (foreignNode)   91, 0.0071680, 1.27345, 1.88477, cutlass3x_sm100_tensorop_s128x128x8tf32implicit_gemm_fprop_f32_f32_f32_f32_f32_f32_128x128x32_dyn_cga_ndhwc_ndhwc_ndhwc_align4_1sm_relu_valpha_vbeta, 0x33953521c260e, cga={2 2 4 1 2 1 1} , 1
[07/22/2026-00:36:09] [TRT] [V]  (foreignNode)   99, 0.0071680, 1.27345, 1.88615, cutlass3x_sm100_tensorop_s128x128x8tf32implicit_gemm_fprop_f32_f32_f32_f32_f32_f32_128x128x32_dyn_cga_ndhwc_ndhwc_ndhwc_align4_1sm_relu_valpha_vbeta, 0x2ae2146694f29, cga={2 4 4 1 1 2 1} , 1
[07/22/2026-00:36:09] [TRT] [V]  (foreignNode)   75, 0.0071712, 1.27402, 1.56428, cutlass3x_sm100_tensorop_s128x256x8tf32implicit_gemm_fprop_f32_f32_f32_f32_f32_f32_128x256x32_dyn_cga_ndhwc_ndhwc_ndhwc_align4_2sm_relu_valpha_vbeta, 0x66a090dd24c6d, cga={2 2 8 1 2 1 1} , 1
[07/22/2026-00:36:09] [TRT] [V]  (foreignNode)   43, 0.0071872, 1.27686, 1.35263, cutlass3x_sm100_tensorop_s64x128x8tf32implicit_gemm_fprop_f32_f32_f32_f32_f32_f32_64x128x32_dyn_cga_ndhwc_ndhwc_ndhwc_align4_1sm_relu_valpha_vbeta, 0x62004b46a5148, cga={2 4 2 1 1 2 1} , 1
[07/22/2026-00:36:09] [TRT] [V]  (foreignNode)   36, 0.0072576, 1.28937, 1.33782, cutlass3x_sm100_tensorop_s64x128x8tf32implicit_gemm_fprop_f32_f32_f32_f32_f32_f32_64x128x32_dyn_cga_ndhwc_ndhwc_ndhwc_align4_1sm_relu_valpha_vbeta, 0x40ea2fcbc4258, cga={2 2 1 1 2 1 1} , 1
[07/22/2026-00:36:09] [TRT] [V]  (foreignNode)   85, 0.0072608, 1.28994, 1.85980, cutlass3x_sm100_tensorop_s128x128x8tf32implicit_gemm_fprop_f32_f32_f32_f32_f32_f32_128x128x32_dyn_cga_ndhwc_ndhwc_ndhwc_align4_1sm_relu_valpha_vbeta, 0x3ab86b967c477, cga={2 4 1 1 2 1 1} , 1
[07/22/2026-00:36:09] [TRT] [V]  (foreignNode)   42, 0.0072672, 1.29107, 1.33774, cutlass3x_sm100_tensorop_s64x128x8tf32implicit_gemm_fprop_f32_f32_f32_f32_f32_f32_64x128x32_dyn_cga_ndhwc_ndhwc_ndhwc_align4_1sm_relu_valpha_vbeta, 0x3dd921239daea, cga={2 8 1 1 2 1 1} , 1
[07/22/2026-00:36:09] [TRT] [V]  (foreignNode)   74, 0.0072704, 1.29164, 1.54047, cutlass3x_sm100_tensorop_s128x256x8tf32implicit_gemm_fprop_f32_f32_f32_f32_f32_f32_128x256x32_dyn_cga_ndhwc_ndhwc_ndhwc_align4_2sm_relu_valpha_vbeta, 0x44ec1d551c946, cga={2 4 4 1 2 1 1} , 1
[07/22/2026-00:36:09] [TRT] [V]  (foreignNode)   86, 0.0072704, 1.29164, 1.85735, cutlass3x_sm100_tensorop_s128x128x8tf32implicit_gemm_fprop_f32_f32_f32_f32_f32_f32_128x128x32_dyn_cga_ndhwc_ndhwc_ndhwc_align4_1sm_relu_valpha_vbeta, 0x59162f20061ab, cga={2 2 2 1 2 1 1} , 1
[07/22/2026-00:36:09] [TRT] [V]  (foreignNode)   94, 0.0072704, 1.29164, 1.85855, cutlass3x_sm100_tensorop_s128x128x8tf32implicit_gemm_fprop_f32_f32_f32_f32_f32_f32_128x128x32_dyn_cga_ndhwc_ndhwc_ndhwc_align4_1sm_relu_valpha_vbeta, 0x56ff9de33d739, cga={2 2 4 1 1 2 1} , 1
[07/22/2026-00:36:09] [TRT] [V]  (foreignNode)   97, 0.0072704, 1.29164, 1.85959, cutlass3x_sm100_tensorop_s128x128x8tf32implicit_gemm_fprop_f32_f32_f32_f32_f32_f32_128x128x32_dyn_cga_ndhwc_ndhwc_ndhwc_align4_1sm_relu_valpha_vbeta, 0x29313f72882de, cga={2 8 2 1 2 1 1} , 1
[07/22/2026-00:36:09] [TRT] [V]  (foreignNode)   98, 0.0072704, 1.29164, 1.85959, cutlass3x_sm100_tensorop_s128x128x8tf32implicit_gemm_fprop_f32_f32_f32_f32_f32_f32_128x128x32_dyn_cga_ndhwc_ndhwc_ndhwc_align4_1sm_relu_valpha_vbeta, 0x48bab4fbb4f10, cga={2 4 4 1 2 1 1} , 1
[07/22/2026-00:36:09] [TRT] [V]  (foreignNode)   52, 0.0072832, 1.29392, 1.33844, cutlass3x_sm100_tensorop_s64x128x8tf32implicit_gemm_fprop_f32_f32_f32_f32_f32_f32_64x128x32_dyn_cga_ndhwc_ndhwc_ndhwc_align4_1sm_relu_valpha_vbeta, 0x519d4b93e9908, cga={2 2 8 1 2 1 1} , 1
[07/22/2026-00:36:09] [TRT] [V]  (foreignNode)   87, 0.0072864, 1.29449, 1.85327, cutlass3x_sm100_tensorop_s128x128x8tf32implicit_gemm_fprop_f32_f32_f32_f32_f32_f32_128x128x32_dyn_cga_ndhwc_ndhwc_ndhwc_align4_1sm_relu_valpha_vbeta, 0x302e4b7ca4807, cga={2 2 2 1 1 2 1} , 1
[07/22/2026-00:36:09] [TRT] [V]  (foreignNode)   41, 0.0073728, 1.30984, 1.31778, cutlass3x_sm100_tensorop_s64x128x8tf32implicit_gemm_fprop_f32_f32_f32_f32_f32_f32_64x128x32_dyn_cga_ndhwc_ndhwc_ndhwc_align4_1sm_relu_valpha_vbeta, 0x2bf165fc73e3a, cga={2 1 4 1 1 2 1} , 1
[07/22/2026-00:36:09] [TRT] [V]  (foreignNode)   50, 0.0073728, 1.30984, 1.31982, cutlass3x_sm100_tensorop_s64x128x8tf32implicit_gemm_fprop_f32_f32_f32_f32_f32_f32_64x128x32_dyn_cga_ndhwc_ndhwc_ndhwc_align4_1sm_relu_valpha_vbeta, 0x4a59bde2a886a, cga={2 4 4 1 1 2 1} , 1
[07/22/2026-00:36:09] [TRT] [V]  (foreignNode)   84, 0.0073728, 1.30984, 1.83062, cutlass3x_sm100_tensorop_s128x128x8tf32implicit_gemm_fprop_f32_f32_f32_f32_f32_f32_128x128x32_dyn_cga_ndhwc_ndhwc_ndhwc_align4_1sm_relu_valpha_vbeta, 0x54d46c6a17bfb, cga={2 1 2 1 1 2 1} , 1
[07/22/2026-00:36:09] [TRT] [V]  (foreignNode)   96, 0.0074688, 1.32689, 1.80933, cutlass3x_sm100_tensorop_s128x128x8tf32implicit_gemm_fprop_f32_f32_f32_f32_f32_f32_128x128x32_dyn_cga_ndhwc_ndhwc_ndhwc_align4_1sm_relu_valpha_vbeta, 0x674596db78404, cga={2 2 8 1 2 1 1} , 1
[07/22/2026-00:36:09] [TRT] [V]  (foreignNode)   31, 0.0074752, 1.32803, 1.23685, cutlass3x_sm100_tensorop_s64x128x8tf32implicit_gemm_fprop_f32_f32_f32_f32_f32_f32_64x128x32_dyn_cga_ndhwc_ndhwc_ndhwc_align4_1sm_relu_valpha_vbeta, 0x33447fefd2be2, cga={0 0 0 1 0 0 1} , 1
[07/22/2026-00:36:09] [TRT] [V]  (foreignNode)   48, 0.0074752, 1.32803, 1.30174, cutlass3x_sm100_tensorop_s64x128x8tf32implicit_gemm_fprop_f32_f32_f32_f32_f32_f32_64x128x32_dyn_cga_ndhwc_ndhwc_ndhwc_align4_1sm_relu_valpha_vbeta, 0x5017e86f40276, cga={2 8 2 1 2 1 1} , 1
[07/22/2026-00:36:09] [TRT] [V]  (foreignNode)   49, 0.0074752, 1.32803, 1.30174, cutlass3x_sm100_tensorop_s64x128x8tf32implicit_gemm_fprop_f32_f32_f32_f32_f32_f32_64x128x32_dyn_cga_ndhwc_ndhwc_ndhwc_align4_1sm_relu_valpha_vbeta, 0x49d1dc8677b35, cga={2 4 4 1 2 1 1} , 1
[07/22/2026-00:36:09] [TRT] [V]  (foreignNode)   51, 0.0074752, 1.32803, 1.30320, cutlass3x_sm100_tensorop_s64x128x8tf32implicit_gemm_fprop_f32_f32_f32_f32_f32_f32_64x128x32_dyn_cga_ndhwc_ndhwc_ndhwc_align4_1sm_relu_valpha_vbeta, 0x3c1d877c093a1, cga={2 1 8 1 1 2 1} , 1
[07/22/2026-00:36:09] [TRT] [V]  (foreignNode)   47, 0.0074784, 1.32860, 1.30039, cutlass3x_sm100_tensorop_s64x128x8tf32implicit_gemm_fprop_f32_f32_f32_f32_f32_f32_64x128x32_dyn_cga_ndhwc_ndhwc_ndhwc_align4_1sm_relu_valpha_vbeta, 0x6648f2426a146, cga={2 8 2 1 1 2 1} , 1
[07/22/2026-00:36:09] [TRT] [V]  (foreignNode)   95, 0.0074944, 1.33144, 1.80314, cutlass3x_sm100_tensorop_s128x128x8tf32implicit_gemm_fprop_f32_f32_f32_f32_f32_f32_128x128x32_dyn_cga_ndhwc_ndhwc_ndhwc_align4_1sm_relu_valpha_vbeta, 0x48d6c72844443, cga={2 8 2 1 1 2 1} , 1
[07/22/2026-00:36:09] [TRT] [V]  (foreignNode)   88, 0.0075776, 1.34622, 1.78205, cutlass3x_sm100_tensorop_s128x128x8tf32implicit_gemm_fprop_f32_f32_f32_f32_f32_f32_128x128x32_dyn_cga_ndhwc_ndhwc_ndhwc_align4_1sm_relu_valpha_vbeta, 0x46806c43e89ea, cga={2 1 4 1 1 2 1} , 1
[07/22/2026-00:36:09] [TRT] [V]  (foreignNode)   92, 0.0075808, 1.34679, 1.78214, cutlass3x_sm100_tensorop_s128x128x8tf32implicit_gemm_fprop_f32_f32_f32_f32_f32_f32_128x128x32_dyn_cga_ndhwc_ndhwc_ndhwc_align4_1sm_relu_valpha_vbeta, 0x33b89fe319a2f, cga={2 1 8 1 1 2 1} , 1
[07/22/2026-00:36:09] [TRT] [V]  (foreignNode)   39, 0.0076640, 1.36157, 1.26771, cutlass3x_sm100_tensorop_s64x128x8tf32implicit_gemm_fprop_f32_f32_f32_f32_f32_f32_64x128x32_dyn_cga_ndhwc_ndhwc_ndhwc_align4_1sm_relu_valpha_vbeta, 0x432043c145eeb, cga={2 2 2 1 2 1 1} , 1
[07/22/2026-00:36:09] [TRT] [V]  (foreignNode)   32, 0.0076800, 1.36441, 1.20387, cutlass3x_sm100_tensorop_s64x128x8tf32implicit_gemm_fprop_f32_f32_f32_f32_f32_f32_64x128x32_dyn_cga_ndhwc_ndhwc_ndhwc_align4_1sm_relu_valpha_vbeta, 0x4f48fad0f2fe4, cga={2 1 1 1 1 1 1} , 1
[07/22/2026-00:36:09] [TRT] [V]  (foreignNode)   37, 0.0076800, 1.36441, 1.26424, cutlass3x_sm100_tensorop_s64x128x8tf32implicit_gemm_fprop_f32_f32_f32_f32_f32_f32_64x128x32_dyn_cga_ndhwc_ndhwc_ndhwc_align4_1sm_relu_valpha_vbeta, 0x5d7223c6c14c7, cga={2 1 2 1 1 2 1} , 1
[07/22/2026-00:36:09] [TRT] [V]  (foreignNode)   40, 0.0076800, 1.36441, 1.26507, cutlass3x_sm100_tensorop_s64x128x8tf32implicit_gemm_fprop_f32_f32_f32_f32_f32_f32_64x128x32_dyn_cga_ndhwc_ndhwc_ndhwc_align4_1sm_relu_valpha_vbeta, 0x49ddb3089dcf6, cga={2 2 2 1 1 2 1} , 1
[07/22/2026-00:36:09] [TRT] [V]  (foreignNode)   44, 0.0077824, 1.38260, 1.24918, cutlass3x_sm100_tensorop_s64x128x8tf32implicit_gemm_fprop_f32_f32_f32_f32_f32_f32_64x128x32_dyn_cga_ndhwc_ndhwc_ndhwc_align4_1sm_relu_valpha_vbeta, 0x3018fc1ff22a1, cga={2 2 4 1 2 1 1} , 1
[07/22/2026-00:36:09] [TRT] [V]  (foreignNode)   46, 0.0077824, 1.38260, 1.24946, cutlass3x_sm100_tensorop_s64x128x8tf32implicit_gemm_fprop_f32_f32_f32_f32_f32_f32_64x128x32_dyn_cga_ndhwc_ndhwc_ndhwc_align4_1sm_relu_valpha_vbeta, 0x3dc1159fd791f, cga={2 2 4 1 1 2 1} , 1
[07/22/2026-00:36:09] [TRT] [V]  (foreignNode)   53, 0.0078816, 1.40023, 1.23834, cutlass3x_sm100_tensorop_s64x128x8tf32implicit_gemm_fprop_f32_f32_f32_f32_f32_f32_64x128x32_dyn_cga_ndhwc_ndhwc_ndhwc_align4_1sm_relu_valpha_vbeta, 0x4bc31390a3a59, cga={2 2 8 1 1 2 1} , 1
[07/22/2026-00:36:09] [TRT] [V]  (foreignNode)    4, 0.0130048, 2.31040, 0.02570, sm80_xmma_fprop_implicit_gemm_f32f32_tf32f32_f32_nhwckrsc_nhwc_tilesize64x32x64_stage5_warpsize2x2x1_g1_tensor16x8x8_t1r5s5, 0x59bdfea7a7d69, , 0
[07/22/2026-00:36:09] [TRT] [V]  (foreignNode)    2, 0.0136160, 2.41899, 0.01241, sm80_xmma_fprop_implicit_gemm_f32f32_tf32f32_f32_nhwckrsc_nhwc_tilesize64x128x32_stage5_warpsize2x2x1_g1_tensor16x8x8_t1r5s5, 0x4aebcb5203240, , 0
[07/22/2026-00:36:09] [TRT] [V]  (foreignNode)    5, 0.0138240, 2.45594, 0.02695, sm80_xmma_fprop_implicit_gemm_f32f32_tf32f32_f32_nhwckrsc_nhwc_tilesize128x64x32_stage5_warpsize2x2x1_g1_tensor16x8x8_t1r5s5, 0x6a58df657dcaa, , 0
[07/22/2026-00:36:09] [TRT] [V]  (foreignNode)   35, 0.0148512, 2.63843, 0.64791, sm80_xmma_fprop_implicit_gemm_indexed_f32f32_tf32f32_f32_nhwckrsc_nhwc_tilesize64x32x64_stage5_warpsize2x2x1_g1_tensor16x8x8, 0x338165085891a, , 0
[07/22/2026-00:36:09] [TRT] [V]  (foreignNode)   77, 0.0149344, 2.65321, 0.76797, sm80_xmma_fprop_implicit_gemm_indexed_wo_smem_f32f32_tf32f32_f32_nhwckrsc_nhwc_tilesize128x16x64_stage1_warpsize4x1x1_g1_tensor16x8x8, 0x60025a7b802e9, , 0
[07/22/2026-00:36:09] [TRT] [V]  (foreignNode)   82, 0.0150528, 2.67425, 0.80967, sm80_xmma_fprop_implicit_gemm_indexed_wo_smem_f32f32_tf32f32_f32_nhwckrsc_nhwc_tilesize128x16x64_stage1_warpsize4x1x1_g1_tensor16x8x8_alignc4, 0x6234eae9821b8, , 0
[07/22/2026-00:36:09] [TRT] [V]  (foreignNode)    6, 0.0162944, 2.89483, 0.02462, sm80_xmma_fprop_implicit_gemm_f32f32_tf32f32_f32_nhwckrsc_nhwc_tilesize64x64x64_stage4_warpsize2x2x1_g1_tensor16x8x8_t1r5s5, 0x2b3f208d97ae7, , 0
[07/22/2026-00:36:09] [TRT] [V]  (foreignNode)   76, 0.0166912, 2.96532, 0.67232, sm80_xmma_fprop_implicit_gemm_indexed_f32f32_tf32f32_f32_nhwckrsc_nhwc_tilesize64x64x64_stage4_warpsize2x2x1_g1_tensor16x8x8, 0x40a10ceade816, , 0
[07/22/2026-00:36:09] [TRT] [V]  (foreignNode)    7, 0.0190608, 3.38630, 0.02418, sm80_xmma_fprop_implicit_gemm_f32f32_tf32f32_f32_nhwckrsc_nchw_tilesize64x32x64_stage5_warpsize2x2x1_g1_tensor16x8x8_t1r5s5_alignc4, 0x54d3783756be3, , 0
[07/22/2026-00:36:09] [TRT] [V]  (foreignNode)   29, 0.0197664, 3.51165, 0.43429, sm80_xmma_fprop_implicit_gemm_f32f32_f32f32_f32_nhwckrsc_nhwc_tilesize32x32x8_stage3_warpsize1x2x1_g1_ffma_aligna4_alignc4, 0x5a0eb69e547e0, , 0
[07/22/2026-00:36:09] [TRT] [V]  (foreignNode)   18, 0.0201728, 3.58385, 0.32003, sm80_xmma_fprop_implicit_gemm_f32f32_tf32f32_f32_nhwckrsc_nhwc_tilesize128x128x16_stage4_warpsize2x2x1_g1_tensor16x8x8_t1r5s5, 0x5cb502aeee094, , 0
[07/22/2026-00:36:09] [TRT] [V]  (foreignNode)   33, 0.0212000, 3.76634, 0.44013, sm80_xmma_fprop_implicit_gemm_indexed_f32f32_f32f32_f32_nhwckrsc_nhwc_tilesize32x32x8_stage3_warpsize1x2x1_g1_ffma_aligna4_alignc4, 0x3d4cb2024beeb, , 0
[07/22/2026-00:36:09] [TRT] [V]  (foreignNode)    3, 0.0216576, 3.84764, 0.00905, sm80_xmma_fprop_implicit_gemm_f32f32_tf32f32_f32_nhwckrsc_nchw_tilesize128x64x32_stage5_warpsize2x2x1_g1_tensor16x8x8_t1r5s5_alignc4, 0x615e157303686, , 0
[07/22/2026-00:36:09] [TRT] [V]  (foreignNode)    8, 0.0231392, 4.11086, 0.02053, sm80_xmma_fprop_implicit_gemm_f32f32_tf32f32_f32_nhwckrsc_nhwc_tilesize128x128x32_stage4_warpsize2x2x1_g1_tensor16x8x8_t1r5s5, 0x67d95ea2715af, , 0
[07/22/2026-00:36:09] [TRT] [V]  (foreignNode)    1, 0.0231936, 4.12052, 0.00534, sm80_xmma_fprop_implicit_gemm_f32f32_tf32f32_f32_nhwckrsc_nchw_tilesize64x128x32_stage5_warpsize2x2x1_g1_tensor16x8x8_t1r5s5_alignc4, 0x586e755fb164c, , 0
[07/22/2026-00:36:09] [TRT] [V]  (foreignNode)   14, 0.0233472, 4.14781, 0.10950, sm80_xmma_fprop_implicit_gemm_f32f32_tf32f32_f32_nhwckrsc_nhwc_tilesize256x64x32_stage3_warpsize4x2x1_g1_tensor16x8x8_t1r5s5, 0x2d318137dabe5, , 0
[07/22/2026-00:36:09] [TRT] [V]  (foreignNode)   34, 0.0237792, 4.22456, 0.40355, sm80_xmma_fprop_implicit_gemm_indexed_f32f32_tf32f32_f32_nhwckrsc_nchw_tilesize64x32x64_stage5_warpsize2x2x1_g1_tensor16x8x8_alignc4, 0x5f268b74d7eee, , 0
[07/22/2026-00:36:09] [TRT] [V]  (foreignNode)   11, 0.0254976, 4.52985, 0.02674, sm80_xmma_fprop_implicit_gemm_f32f32_tf32f32_f32_nhwckrsc_nhwc_tilesize128x64x64_stage3_warpsize2x2x1_g1_tensor16x8x8_t1r5s5, 0x2dd48042b6066, , 0
[07/22/2026-00:36:09] [TRT] [V]  (foreignNode)    9, 0.0259632, 4.61256, 0.01929, sm80_xmma_fprop_implicit_gemm_f32f32_tf32f32_f32_nhwckrsc_nchw_tilesize64x64x64_stage4_warpsize2x2x1_g1_tensor16x8x8_t1r5s5_alignc4, 0x688696e874812, , 0
[07/22/2026-00:36:09] [TRT] [V]  (foreignNode)   81, 0.0265824, 4.72257, 0.45803, sm80_xmma_fprop_implicit_gemm_indexed_f32f32_tf32f32_f32_nhwckrsc_nchw_tilesize64x64x64_stage4_warpsize2x2x1_g1_tensor16x8x8_alignc4, 0x5582301196a32, , 0
[07/22/2026-00:36:09] [TRT] [V]  (foreignNode)   15, 0.0324144, 5.75867, 0.12558, sm80_xmma_fprop_implicit_gemm_f32f32_tf32f32_f32_nhwckrsc_nchw_tilesize128x128x16_stage4_warpsize2x2x1_g1_tensor16x8x8_t1r5s5_alignc4, 0x64a5bc9cfe0be, , 0
[07/22/2026-00:36:09] [TRT] [V]  (foreignNode)   30, 0.0336384, 5.97612, 0.27224, sm80_xmma_fprop_implicit_gemm_f32f32_f32f32_f32_nchwkcrs_nchw_tilesize32x32x8_stage3_warpsize1x2x1_g1_ffma_aligna4_alignc4, 0x47d7e95cee988, , 0
[07/22/2026-00:36:09] [TRT] [V]  (foreignNode)   13, 0.0340992, 6.05799, 0.05254, sm80_xmma_fprop_implicit_gemm_f32f32_tf32f32_f32_nhwckrsc_nchw_tilesize256x64x32_stage3_warpsize4x2x1_g1_tensor16x8x8_t1r5s5_alignc4, 0x30a5d44552db2, , 0
[07/22/2026-00:36:09] [TRT] [V]  (foreignNode)   65, 0.0357376, 6.34906, 0.30408, sm80_xmma_fprop_implicit_gemm_f32f32_tf32f32_f32_nhwckrsc_nhwc_tilesize128x256x32_stage3_warpsize2x4x1_g1_tensor16x8x8_t1r5s5, 0x3b10a86956171, , 0
[07/22/2026-00:36:09] [TRT] [V]  (foreignNode)   54, 0.0359424, 6.38545, 0.28157, sm80_xmma_fprop_implicit_gemm_f32f32_tf32f32_f32_nhwckrsc_nhwc_tilesize256x128x32_stage3_warpsize4x2x1_g1_tensor16x8x8_t1r5s5, 0x3b1f9bd070fa0, , 0
[07/22/2026-00:36:09] [TRT] [V]  (foreignNode)   10, 0.0373248, 6.63104, 0.01610, sm80_xmma_fprop_implicit_gemm_f32f32_tf32f32_f32_nhwckrsc_nchw_tilesize128x64x64_stage3_warpsize2x2x1_g1_tensor16x8x8_t1r5s5_alignc4, 0x48512b62cf88f, , 0
[07/22/2026-00:36:09] [TRT] [V]  (foreignNode)   12, 0.0407040, 7.23138, 0.01767, sm80_xmma_fprop_implicit_gemm_f32f32_tf32f32_f32_nhwckrsc_nchw_tilesize128x128x32_stage4_warpsize2x2x1_g1_tensor16x8x8_t1r5s5_alignc4, 0x3e2a39739eeed, , 0
[07/22/2026-00:36:09] [TRT] [V]  (foreignNode)   78, 0.0508416, 9.03240, 0.22691, sm80_xmma_fprop_implicit_gemm_indexed_f32f32_f32f32_f32_nchwkcrs_nchw_tilesize32x32x8_stage3_warpsize1x2x1_g1_ffma_aligna4_alignc4, 0x30203ca254bcf, , 0
[07/22/2026-00:36:09] [TRT] [V]  (foreignNode)   17, 0.0565248, 10.04207, 0.08898, sm80_xmma_fprop_implicit_gemm_f32f32_tf32f32_f32_nhwckrsc_nchw_tilesize128x256x32_stage3_warpsize2x4x1_g1_tensor16x8x8_t1r5s5_alignc4, 0x37803b8af7e5a, , 0
[07/22/2026-00:36:09] [TRT] [V]  (foreignNode)   16, 0.0572928, 10.17851, 0.07419, sm80_xmma_fprop_implicit_gemm_f32f32_tf32f32_f32_nhwckrsc_nchw_tilesize256x128x32_stage3_warpsize4x2x1_g1_tensor16x8x8_t1r5s5_alignc4, 0x5779c54eff1c5, , 0
[07/22/2026-00:36:09] [TRT] [V]  (foreignNode)    0, 0.1570784, 27.90620, 0.00008, sm80_xmma_fprop_implicit_gemm_f32f32_f32f32_f32_nhwckrsc_nhwc_tilesize64x32x32_stage3_warpsize1x1x1_g1_ffma_t1r5s5_aligna4_alignc4, 0x56237ba1a6097, , 0
[07/22/2026-00:36:09] [TRT] [V]  (foreignNode) Autotuning op node_max_pool2d_1: [ONNX Layer: node_max_pool2d_1]
[07/22/2026-00:36:09] [TRT] [V]  (foreignNode) Sorted table of all evaluated tactics:
[07/22/2026-00:36:09] [TRT] [V]  (foreignNode) tactic_id, cost(in ms), cost/fastest_cost, prediction_correlation, kernel_name, tactic_hash, tunable_parameter
[07/22/2026-00:36:09] [TRT] [V]  (foreignNode)   20, 0.0032768, 1.00000, 0.00000, sm50_xmma_pooling_max_nhwc_FP32FP32_WINDOWSIZE_0_PROPAGATE_NAN_3D, 0x6177346d98061, 
[07/22/2026-00:36:09] [TRT] [V]  (foreignNode)   21, 0.0032768, 1.00000, 0.00000, sm50_xmma_pooling_max_nhwc_FP32FP32_WINDOWSIZE_0_PROPAGATE_NAN_2D, 0x3dd9bff0e8c14, 
[07/22/2026-00:36:09] [TRT] [V]  (foreignNode)   19, 0.0033792, 1.03125, 0.00000, sm50_xmma_pooling_max_nhwc_FP32FP32_WINDOWSIZE_0_NOT_PROPAGATE_NAN_2D, 0x601752c5587a9, 
[07/22/2026-00:36:09] [TRT] [V]  (foreignNode)   18, 0.0034688, 1.05859, 0.00000, sm50_xmma_pooling_max_nhwc_FP32FP32_WINDOWSIZE_0_NOT_PROPAGATE_NAN_3D, 0x4dade819934e3, 
[07/22/2026-00:36:09] [TRT] [V]  (foreignNode)   22, 0.0035648, 1.08789, 0.00000, sm50_xmma_pooling_fw_4d_FP32FP32NHWC_Max_CAlign4, 0x3da7f3d2dcdcd, 
[07/22/2026-00:36:09] [TRT] [V]  (foreignNode)    3, 0.0041472, 1.26562, 0.00000, sm50_xmma_pooling_tiled_FP32NCHW_kMAX_tP2_tQ16_tR2_tS2_tU2_tV2_tUnroll7_tThreads128, 0x5ea03d00b15e0, 
[07/22/2026-00:36:09] [TRT] [V]  (foreignNode)   15, 0.0041520, 1.26709, 0.00000, sm50_xmma_pooling_tiled_FP32NCHW_kMAX_tP2_tQ16_tR2_tS2_tU2_tV2_tUnroll4_tThreads128, 0x304f0f2939286, 
[07/22/2026-00:36:09] [TRT] [V]  (foreignNode)   11, 0.0042768, 1.30518, 0.00000, sm50_xmma_pooling_tiled_FP32NCHW_kMAX_tP2_tQ32_tR2_tS2_tU2_tV2_tUnroll7_tThreads256, 0x4580c17baa2c1, 
[07/22/2026-00:36:09] [TRT] [V]  (foreignNode)   10, 0.0042960, 1.31104, 0.00000, sm50_xmma_pooling_tiled_FP32NCHW_kMAX_tP2_tQ32_tR2_tS2_tU2_tV2_tUnroll4_tThreads256, 0x4ca6630b8b8ab, 
[07/22/2026-00:36:09] [TRT] [V]  (foreignNode)   13, 0.0042960, 1.31104, 0.00000, sm50_xmma_pooling_tiled_FP32NCHW_kMAX_tP2_tQ16_tR2_tS2_tU2_tV2_tUnroll3_tThreads128, 0x395ae2b091f44, 
[07/22/2026-00:36:09] [TRT] [V]  (foreignNode)    5, 0.0043008, 1.31250, 0.00000, sm50_xmma_pooling_tiled_FP32NCHW_kMAX_tP2_tQ16_tR2_tS2_tU2_tV2_tUnroll6_tThreads128, 0x4b6404544edf2, 
[07/22/2026-00:36:09] [TRT] [V]  (foreignNode)    6, 0.0043008, 1.31250, 0.00000, sm50_xmma_pooling_tiled_FP32NCHW_kMAX_tP2_tQ16_tR2_tS2_tU2_tV2_tUnroll5_tThreads128, 0x617e7b7086c5e, 
[07/22/2026-00:36:09] [TRT] [V]  (foreignNode)    9, 0.0043008, 1.31250, 0.00000, sm50_xmma_pooling_tiled_FP32NCHW_kMAX_tP2_tQ32_tR2_tS2_tU2_tV2_tUnroll5_tThreads256, 0x65ece6dbe7db4, 
[07/22/2026-00:36:09] [TRT] [V]  (foreignNode)   12, 0.0043008, 1.31250, 0.00000, sm50_xmma_pooling_tiled_FP32NCHW_kMAX_tP2_tQ32_tR2_tS2_tU2_tV2_tUnroll2_tThreads256, 0x438ad4d9d8485, 
[07/22/2026-00:36:09] [TRT] [V]  (foreignNode)   14, 0.0043008, 1.31250, 0.00000, sm50_xmma_pooling_tiled_FP32NCHW_kMAX_tP2_tQ16_tR2_tS2_tU2_tV2_tUnroll2_tThreads128, 0x5994346401f70, 
[07/22/2026-00:36:09] [TRT] [V]  (foreignNode)   17, 0.0043008, 1.31250, 0.00000, sm50_xmma_pooling_tiled_FP32NCHW_kMAX_tP2_tQ32_tR2_tS2_tU2_tV2_tUnroll6_tThreads256, 0x4c0508fb8011a, 
[07/22/2026-00:36:09] [TRT] [V]  (foreignNode)    8, 0.0043200, 1.31836, 0.00000, sm50_xmma_pooling_tiled_FP32NCHW_kMAX_tP2_tQ32_tR2_tS2_tU2_tV2_tUnroll3_tThreads256, 0x4a75b59f583e1, 
[07/22/2026-00:36:09] [TRT] [V]  (foreignNode)   16, 0.0045888, 1.40039, 0.00000, sm50_xmma_pooling_tiled_FP32NCHW_kMAX_tP2_tQ16_tR2_tS2_tU2_tV2_tUnroll1_tThreads128, 0x42f5ff24d5421, 
[07/22/2026-00:36:09] [TRT] [V]  (foreignNode)    2, 0.0046032, 1.40479, 0.00000, sm50_xmma_pooling_tiled_FP32NCHW_kMAX_tP2_tQ32_tR2_tS2_tU2_tV2_tUnroll1_tThreads256, 0x38ba3506f51b9, 
[07/22/2026-00:36:09] [TRT] [V]  (foreignNode)    7, 0.0046080, 1.40625, 0.00000, sm50_xmma_pooling_tiled_FP32NCHW_kMAX_tP2_tQ32_tR2_tS2_tU2_tV2_tUnroll8_tThreads256, 0x34c1d253bb2da, 
[07/22/2026-00:36:09] [TRT] [V]  (foreignNode)    4, 0.0046128, 1.40771, 0.00000, sm50_xmma_pooling_tiled_FP32NCHW_kMAX_tP2_tQ16_tR2_tS2_tU2_tV2_tUnroll8_tThreads128, 0x5811697597400, 
[07/22/2026-00:36:09] [TRT] [V]  (foreignNode)    0, 0.0049008, 1.49561, 0.00000, sm50_xmma_pooling_fw_4d_FP32FP32NCHW_Max, 0x4ba9759a52761, 
[07/22/2026-00:36:09] [TRT] [V]  (foreignNode)    1, 0.0049152, 1.50000, 0.00000, sm50_xmma_pooling_nd_NCDHW_kMAX_kGENERIC_3D_POOLING_MODE_kFLOAT_0, 0x5c2957edc3f23, 
[07/22/2026-00:36:09] [TRT] [V]  (foreignNode) Autotuning op node_linear: [ONNX Layer: node_linear][ONNX Layer: node_relu_2]
[07/22/2026-00:36:09] [TRT] [V]  (foreignNode) Sorted table of all evaluated tactics:
[07/22/2026-00:36:09] [TRT] [V]  (foreignNode) tactic_id, cost(in ms), cost/fastest_cost, prediction_correlation, kernel_name, tactic_hash, tunable_parameter
[07/22/2026-00:36:09] [TRT] [V]  (foreignNode)    1, 0.0101376, 1.00000, 0.58314, sm80_xmma_gemm_f32f32_tf32f32_f32_tn_n_tilesize32x32x64_stage3_warpsize2x1x2_tensor16x8x8, 0x4754af3ee6112, 
[07/22/2026-00:36:09] [TRT] [V]  (foreignNode)    3, 0.0109536, 1.08049, 0.55436, sm80_xmma_gemm_f32f32_tf32f32_f32_nn_n_tilesize32x32x64_stage3_warpsize2x1x2_tensor16x8x8, 0x601ffa534e573, 
[07/22/2026-00:36:09] [TRT] [V]  (foreignNode)   45, 0.0109568, 1.08081, 0.74865, sm86_xmma_gemm_f32f32_tf32f32_f32_nn_n_tilesize32x32x64_stage6_warpsize2x2x1_tensor16x8x8, 0x5f006fb224208, 
[07/22/2026-00:36:09] [TRT] [V]  (foreignNode)    4, 0.0111648, 1.10133, 0.55503, sm80_xmma_gemm_f32f32_tf32f32_f32_tn_n_tilesize32x32x64_stage3_warpsize2x1x2_tensor16x8x8, 0x2c80ce2f5c4a6, 
[07/22/2026-00:36:09] [TRT] [V]  (foreignNode)   37, 0.0111680, 1.10164, 0.71592, sm86_xmma_gemm_f32f32_tf32f32_f32_tn_n_tilesize32x32x64_stage6_warpsize2x2x1_tensor16x8x8, 0x49440904257ce, 
[07/22/2026-00:36:09] [TRT] [V]  (foreignNode)   43, 0.0113632, 1.12090, 0.72170, sm80_xmma_gemm_f32f32_tf32f32_f32_tn_n_tilesize64x32x64_stage4_warpsize2x1x2_tensor16x8x8, 0x53bebff85b741, 
[07/22/2026-00:36:09] [TRT] [V]  (foreignNode)    6, 0.0113664, 1.12121, 0.54870, sm80_xmma_gemm_f32f32_tf32f32_f32_tn_n_tilesize32x32x64_stage3_warpsize2x1x2_tensor16x8x8, 0x52fcf3eb82c1f, 
[07/22/2026-00:36:09] [TRT] [V]  (foreignNode)    7, 0.0113664, 1.12121, 0.56098, sm80_xmma_gemm_f32f32_tf32f32_f32_nn_n_tilesize32x32x64_stage3_warpsize2x1x2_tensor16x8x8, 0x31806e557c683, 
[07/22/2026-00:36:09] [TRT] [V]  (foreignNode)   47, 0.0117792, 1.16193, 0.70468, sm80_xmma_gemm_f32f32_tf32f32_f32_nn_n_tilesize64x32x64_stage4_warpsize2x1x2_tensor16x8x8, 0x4a785364cf633, 
[07/22/2026-00:36:09] [TRT] [V]  (foreignNode)   13, 0.0117824, 1.16225, 0.59437, sm80_xmma_gemm_f32f32_tf32f32_f32_tn_n_tilesize32x32x64_stage3_warpsize2x1x2_tensor16x8x8, 0x2b826e27b0430, 
[07/22/2026-00:36:09] [TRT] [V]  (foreignNode)    9, 0.0117920, 1.16319, 0.54435, sm80_xmma_gemm_f32f32_tf32f32_f32_nn_n_tilesize32x32x64_stage3_warpsize2x1x2_tensor16x8x8, 0x56e5cd4b1e999, 
[07/22/2026-00:36:09] [TRT] [V]  (foreignNode)   72, 0.0119808, 1.18182, 0.72767, sm86_xmma_gemm_f32f32_tf32f32_f32_tn_n_tilesize32x32x64_stage6_warpsize2x2x1_tensor16x8x8, 0x304308d622510, 
[07/22/2026-00:36:09] [TRT] [V]  (foreignNode)   26, 0.0121824, 1.20170, 0.63144, sm86_xmma_gemm_f32f32_tf32f32_f32_tn_n_tilesize64x64x64_stage3_warpsize2x2x1_tensor16x8x8, 0x650de5b566787, 
[07/22/2026-00:36:09] [TRT] [V]  (foreignNode)   63, 0.0123872, 1.22191, 0.69944, sm80_xmma_gemm_f32f32_tf32f32_f32_tn_n_tilesize64x64x64_stage4_warpsize2x2x1_tensor16x8x8, 0x3715c1a179d48, 
[07/22/2026-00:36:09] [TRT] [V]  (foreignNode)   31, 0.0123904, 1.22222, 0.62466, sm86_xmma_gemm_f32f32_tf32f32_f32_tn_n_tilesize64x64x64_stage3_warpsize2x2x1_tensor16x8x8, 0x6a578c1e81f84, 
[07/22/2026-00:36:09] [TRT] [V]  (foreignNode)   80, 0.0123904, 1.22222, 0.70806, sm86_xmma_gemm_f32f32_tf32f32_f32_tn_n_tilesize32x32x64_stage6_warpsize2x2x1_tensor16x8x8, 0x652a3d4f71b10, 
[07/22/2026-00:36:09] [TRT] [V]  (foreignNode)   35, 0.0125920, 1.24211, 0.63028, sm86_xmma_gemm_f32f32_tf32f32_f32_nn_n_tilesize64x64x64_stage3_warpsize2x2x1_tensor16x8x8, 0x3a29ad5e6f92a, 
[07/22/2026-00:36:09] [TRT] [V]  (foreignNode)   33, 0.0125952, 1.24242, 0.62621, sm86_xmma_gemm_f32f32_tf32f32_f32_nn_n_tilesize64x64x64_stage3_warpsize2x2x1_tensor16x8x8, 0x546622a97ce6a, 
[07/22/2026-00:36:09] [TRT] [V]  (foreignNode)   71, 0.0125952, 1.24242, 0.69213, sm80_xmma_gemm_f32f32_tf32f32_f32_tn_n_tilesize64x64x64_stage4_warpsize2x2x1_tensor16x8x8, 0x3f590fa97a49c, 
[07/22/2026-00:36:09] [TRT] [V]  (foreignNode)   23, 0.0132064, 1.30271, 0.54816, sm80_xmma_gemm_f32f32_tf32f32_f32_nn_n_tilesize32x32x64_stage3_warpsize2x1x2_tensor16x8x8, 0x50069414d8929, 
[07/22/2026-00:36:09] [TRT] [V]  (foreignNode)   88, 0.0132064, 1.30271, 0.66989, sm80_xmma_gemm_f32f32_tf32f32_f32_tn_n_tilesize64x32x64_stage4_warpsize2x1x2_tensor16x8x8, 0x51245ad63a290, 
[07/22/2026-00:36:09] [TRT] [V]  (foreignNode)   89, 0.0132224, 1.30429, 0.66951, sm80_xmma_gemm_f32f32_tf32f32_f32_nn_n_tilesize64x64x64_stage4_warpsize2x1x2_tensor16x8x8, 0x3b4109015638a, 
[07/22/2026-00:36:09] [TRT] [V]  (foreignNode)   48, 0.0134144, 1.32323, 0.63002, sm80_xmma_gemm_f32f32_tf32f32_f32_tn_n_tilesize32x32x64_stage3_warpsize2x1x2_tensor16x8x8, 0x3954c87e6ea47, 
[07/22/2026-00:36:09] [TRT] [V]  (foreignNode)   87, 0.0134144, 1.32323, 0.65832, sm80_xmma_gemm_f32f32_tf32f32_f32_nn_n_tilesize64x64x64_stage4_warpsize2x1x2_tensor16x8x8, 0x6320ec617cc0c, 
[07/22/2026-00:36:09] [TRT] [V]  (foreignNode)   93, 0.0134144, 1.32323, 0.66230, sm80_xmma_gemm_f32f32_tf32f32_f32_tn_n_tilesize64x32x64_stage4_warpsize2x1x2_tensor16x8x8, 0x5947a886fb6ef, 
[07/22/2026-00:36:09] [TRT] [V]  (foreignNode)   11, 0.0144320, 1.42361, 0.47226, sm80_xmma_gemm_f32f32_tf32f32_f32_tn_n_tilesize32x32x64_stage3_warpsize2x1x2_tensor16x8x8, 0x4273f3a49ff02, 
[07/22/2026-00:36:09] [TRT] [V]  (foreignNode)   78, 0.0144352, 1.42393, 0.60623, sm80_xmma_gemm_f32f32_tf32f32_f32_nn_n_tilesize64x128x16_stage4_warpsize2x2x1_tensor16x8x8, 0x518da6ff6590d, 
[07/22/2026-00:36:09] [TRT] [V]  (foreignNode)   74, 0.0146400, 1.44413, 0.59625, sm80_xmma_gemm_f32f32_tf32f32_f32_tn_n_tilesize64x128x16_stage4_warpsize2x2x1_tensor16x8x8, 0x5399ef8e51232, 
[07/22/2026-00:36:09] [TRT] [V]  (foreignNode)   18, 0.0146432, 1.44444, 0.48986, sm80_xmma_gemm_f32f32_tf32f32_f32_tn_n_tilesize64x128x16_stage4_warpsize2x2x1_tensor16x8x8, 0x340cd48ea340c, 
[07/22/2026-00:36:09] [TRT] [V]  (foreignNode)   19, 0.0146432, 1.44444, 0.48994, sm80_xmma_gemm_f32f32_tf32f32_f32_nn_n_tilesize64x128x16_stage4_warpsize2x2x1_tensor16x8x8, 0x511ce423a9d8c, 
[07/22/2026-00:36:09] [TRT] [V]  (foreignNode)   12, 0.0147456, 1.45455, 0.47485, sm80_xmma_gemm_f32f32_tf32f32_f32_tn_n_tilesize32x32x64_stage3_warpsize2x1x2_tensor16x8x8, 0x49387e4fabbcb, 
[07/22/2026-00:36:09] [TRT] [V]  (foreignNode)    0, 0.0148480, 1.46465, 0.39804, sm80_xmma_gemm_f32f32_tf32f32_f32_tn_n_tilesize32x32x64_stage3_warpsize2x1x2_tensor16x8x8, 0x55ca59c01c8e6, 
[07/22/2026-00:36:09] [TRT] [V]  (foreignNode)   15, 0.0148480, 1.46465, 0.47402, sm80_xmma_gemm_f32f32_tf32f32_f32_nn_n_tilesize32x32x64_stage3_warpsize2x1x2_tensor16x8x8, 0x5c35e3523ca5d, 
[07/22/2026-00:36:09] [TRT] [V]  (foreignNode)   60, 0.0156608, 1.54482, 0.55110, sm80_xmma_gemm_f32f32_tf32f32_f32_tn_n_tilesize64x128x32_stage5_warpsize2x2x1_tensor16x8x8, 0x34cbf7978a0ab, 
[07/22/2026-00:36:09] [TRT] [V]  (foreignNode)   22, 0.0156672, 1.54545, 0.46198, sm80_xmma_gemm_f32f32_tf32f32_f32_nn_n_tilesize32x32x64_stage3_warpsize2x1x2_tensor16x8x8, 0x5c2792944e3c4, 
[07/22/2026-00:36:09] [TRT] [V]  (foreignNode)   39, 0.0156672, 1.54545, 0.52101, sm86_xmma_gemm_f32f32_tf32f32_f32_tn_n_tilesize64x128x32_stage4_warpsize2x2x1_tensor16x8x8, 0x5d24690f4b295, 
[07/22/2026-00:36:09] [TRT] [V]  (foreignNode)   41, 0.0156672, 1.54545, 0.52340, sm86_xmma_gemm_f32f32_tf32f32_f32_nn_n_tilesize32x32x64_stage6_warpsize2x2x1_tensor16x8x8, 0x66dc88611833d, 
[07/22/2026-00:36:09] [TRT] [V]  (foreignNode)   36, 0.0158688, 1.56534, 0.50369, sm86_xmma_gemm_f32f32_tf32f32_f32_tn_n_tilesize32x32x64_stage6_warpsize2x2x1_tensor16x8x8, 0x334d6aeb9ee39, 
[07/22/2026-00:36:09] [TRT] [V]  (foreignNode)   67, 0.0158720, 1.56566, 0.54745, sm86_xmma_gemm_f32f32_tf32f32_f32_tn_n_tilesize64x64x64_stage3_warpsize2x2x1_tensor16x8x8, 0x3958d694e1568, 
[07/22/2026-00:36:09] [TRT] [V]  (foreignNode)    2, 0.0159744, 1.57576, 0.38002, sm80_xmma_gemm_f32f32_tf32f32_f32_nn_n_tilesize32x32x64_stage3_warpsize2x1x2_tensor16x8x8, 0x60be6a68c09be, 
[07/22/2026-00:36:09] [TRT] [V]  (foreignNode)   97, 0.0162816, 1.60606, 0.54822, sm86_xmma_gemm_f32f32_tf32f32_f32_nn_n_tilesize64x64x64_stage3_warpsize2x2x1_tensor16x8x8, 0x57ad3a5939f42, 
[07/22/2026-00:36:09] [TRT] [V]  (foreignNode)   83, 0.0164864, 1.62626, 0.53366, sm80_xmma_gemm_f32f32_tf32f32_f32_nn_n_tilesize32x32x64_stage3_warpsize2x1x2_tensor16x8x8, 0x3c15be2f96c18, 
[07/22/2026-00:36:09] [TRT] [V]  (foreignNode)   62, 0.0164896, 1.62658, 0.52452, sm80_xmma_gemm_f32f32_f32f32_f32_nn_n_tilesize32x32x8_stage3_warpsize1x2x1_ffma_aligna4_alignc4, 0x50b133907f7ab, 
[07/22/2026-00:36:09] [TRT] [V]  (foreignNode)   44, 0.0168896, 1.66604, 0.48564, sm86_xmma_gemm_f32f32_tf32f32_f32_tn_n_tilesize128x128x16_stage3_warpsize2x2x1_tensor16x8x8, 0x621141e7f7421, 
[07/22/2026-00:36:09] [TRT] [V]  (foreignNode)   40, 0.0171040, 1.68718, 0.47934, sm80_xmma_gemm_f32f32_tf32f32_f32_tn_n_tilesize64x32x64_stage4_warpsize2x1x2_tensor16x8x8, 0x6115cd11889d1, 
[07/22/2026-00:36:09] [TRT] [V]  (foreignNode)   58, 0.0171136, 1.68813, 0.50387, sm86_xmma_gemm_f32f32_tf32f32_f32_nn_n_tilesize128x128x16_stage3_warpsize2x2x1_tensor16x8x8, 0x4a4cca60866fe, 
[07/22/2026-00:36:09] [TRT] [V]  (foreignNode)   46, 0.0177184, 1.74779, 0.46835, sm80_xmma_gemm_f32f32_tf32f32_f32_nn_n_tilesize64x32x64_stage4_warpsize2x1x2_tensor16x8x8, 0x505b265d2fd84, 
[07/22/2026-00:36:09] [TRT] [V]  (foreignNode)   82, 0.0177344, 1.74937, 0.49562, sm80_xmma_gemm_f32f32_f32f32_f32_tn_n_tilesize32x32x8_stage3_warpsize1x2x1_ffma_aligna4_alignc4, 0x3895e4e299c32, 
[07/22/2026-00:36:09] [TRT] [V]  (foreignNode)   85, 0.0183296, 1.80808, 0.48104, sm80_xmma_gemm_f32f32_f32f32_f32_nn_n_tilesize32x32x8_stage3_warpsize1x2x1_ffma_aligna4_alignc4, 0x55bfd27191e47, 
[07/22/2026-00:36:09] [TRT] [V]  (foreignNode)   52, 0.0197728, 1.95044, 0.43242, sm80_xmma_gemm_f32f32_tf32f32_f32_nn_n_tilesize32x256x32_stage4_warpsize1x4x1_tensor16x8x8, 0x2d6b36f4a930b, 
[07/22/2026-00:36:09] [TRT] [V]  (foreignNode)   28, 0.0207904, 2.05082, 0.37193, sm80_xmma_gemm_f32f32_tf32f32_f32_tn_n_tilesize64x128x16_stage4_warpsize2x2x1_tensor16x8x8, 0x50c6277f14a9d, 
[07/22/2026-00:36:09] [TRT] [V]  (foreignNode)   32, 0.0207904, 2.05082, 0.37232, sm80_xmma_gemm_f32f32_tf32f32_f32_nn_n_tilesize64x128x16_stage4_warpsize2x2x1_tensor16x8x8, 0x5320244124d72, 
[07/22/2026-00:36:09] [TRT] [V]  (foreignNode)   21, 0.0209888, 2.07039, 0.34335, sm80_xmma_gemm_f32f32_tf32f32_f32_tn_n_tilesize32x32x64_stage3_warpsize2x1x2_tensor16x8x8, 0x68ab9c9b89e00, 
[07/22/2026-00:36:09] [TRT] [V]  (foreignNode)   79, 0.0209888, 2.07039, 0.41788, sm86_xmma_gemm_f32f32_tf32f32_f32_tn_n_tilesize32x32x64_stage6_warpsize2x2x1_tensor16x8x8, 0x55435e21c8bd9, 
[07/22/2026-00:36:09] [TRT] [V]  (foreignNode)    8, 0.0209920, 2.07071, 0.30571, sm80_xmma_gemm_f32f32_tf32f32_f32_nn_n_tilesize32x32x64_stage3_warpsize2x1x2_tensor16x8x8, 0x36c3d0dadc4fc, 
[07/22/2026-00:36:09] [TRT] [V]  (foreignNode)    5, 0.0210048, 2.07197, 0.29685, sm80_xmma_gemm_f32f32_tf32f32_f32_tn_n_tilesize32x32x64_stage3_warpsize2x1x2_tensor16x8x8, 0x58131294e7771, 
[07/22/2026-00:36:09] [TRT] [V]  (foreignNode)   25, 0.0214016, 2.11111, 0.34845, sm80_xmma_gemm_f32f32_tf32f32_f32_nn_n_tilesize32x32x64_stage3_warpsize2x1x2_tensor16x8x8, 0x440468bd59eeb, 
[07/22/2026-00:36:09] [TRT] [V]  (foreignNode)   56, 0.0216064, 2.13131, 0.39817, sm80_xmma_gemm_f32f32_f32f32_f32_nn_n_tilesize32x32x8_stage3_warpsize1x2x1_ffma_aligna4_alignc4, 0x34e06721671ab, 
[07/22/2026-00:36:09] [TRT] [V]  (foreignNode)   66, 0.0217952, 2.14994, 0.39861, sm80_xmma_gemm_f32f32_f32f32_f32_nn_n_tilesize32x64x8_stage3_warpsize1x2x1_ffma_aligna4_alignc4, 0x457566fa3d624, 
[07/22/2026-00:36:09] [TRT] [V]  (foreignNode)   91, 0.0224256, 2.21212, 0.39593, sm80_xmma_gemm_f32f32_f32f32_f32_nn_n_tilesize32x64x8_stage3_warpsize1x2x1_ffma_aligna4_alignc4, 0x477441cc379e7, 
[07/22/2026-00:36:09] [TRT] [V]  (foreignNode)   76, 0.0230400, 2.27273, 0.37931, sm80_xmma_gemm_f32f32_f32f32_f32_tn_n_tilesize32x32x8_stage3_warpsize1x2x1_ffma_aligna4_alignc4, 0x662a0d08103e0, 
[07/22/2026-00:36:09] [TRT] [V]  (foreignNode)   95, 0.0234496, 2.31313, 0.37979, sm80_xmma_gemm_f32f32_f32f32_f32_tn_n_tilesize32x64x8_stage3_warpsize1x2x1_ffma_aligna4_alignc4, 0x293eeea0d38fb, 
[07/22/2026-00:36:09] [TRT] [V]  (foreignNode)   50, 0.0236576, 2.33365, 0.35940, sm86_xmma_gemm_f32f32_tf32f32_f32_tn_n_tilesize128x128x16_stage3_warpsize2x2x1_tensor16x8x8, 0x5a1906720f124, 
[07/22/2026-00:36:09] [TRT] [V]  (foreignNode)   54, 0.0236576, 2.33365, 0.36197, sm80_xmma_gemm_f32f32_f32f32_f32_nn_n_tilesize32x32x8_stage3_warpsize1x2x1_ffma_aligna4_alignc4, 0x61334e6c5a975, 
[07/22/2026-00:36:09] [TRT] [V]  (foreignNode)   99, 0.0238592, 2.35354, 0.37450, sm86_xmma_gemm_f32f32_tf32f32_f32_nn_n_tilesize128x128x16_stage3_warpsize2x2x1_tensor16x8x8, 0x3373d4895d909, 
[07/22/2026-00:36:09] [TRT] [V]  (foreignNode)   69, 0.0246784, 2.43434, 0.35243, sm80_xmma_gemm_f32f32_f32f32_f32_tn_n_tilesize32x32x8_stage3_warpsize1x2x1_ffma_aligna4_alignc4, 0x4b8b0eb9949c9, 
[07/22/2026-00:36:09] [TRT] [V]  (foreignNode)   29, 0.0248832, 2.45455, 0.31096, sm86_xmma_gemm_f32f32_tf32f32_f32_tn_n_tilesize64x64x64_stage3_warpsize2x2x1_tensor16x8x8, 0x3f23f8a152a5d, 
[07/22/2026-00:36:09] [TRT] [V]  (foreignNode)   61, 0.0250784, 2.47380, 0.34486, sm80_xmma_gemm_f32f32_f32f32_f32_nn_n_tilesize32x32x8_stage3_warpsize1x2x1_ffma_aligna4_alignc4, 0x600aa0de177f0, 
[07/22/2026-00:36:09] [TRT] [V]  (foreignNode)   70, 0.0250880, 2.47475, 0.34737, sm80_xmma_gemm_f32f32_tf32f32_f32_tn_n_tilesize64x64x64_stage4_warpsize2x2x1_tensor16x8x8, 0x43848b6439669, 
[07/22/2026-00:36:09] [TRT] [V]  (foreignNode)   92, 0.0250880, 2.47475, 0.35404, sm80_xmma_gemm_f32f32_tf32f32_f32_tn_n_tilesize64x32x64_stage4_warpsize2x1x2_tensor16x8x8, 0x2cc2d52f5fcc6, 
[07/22/2026-00:36:09] [TRT] [V]  (foreignNode)   34, 0.0250912, 2.47506, 0.31622, sm86_xmma_gemm_f32f32_tf32f32_f32_nn_n_tilesize64x64x64_stage3_warpsize2x2x1_tensor16x8x8, 0x6322e945a5976, 
[07/22/2026-00:36:09] [TRT] [V]  (foreignNode)   55, 0.0267264, 2.63636, 0.32187, sm80_xmma_gemm_f32f32_f32f32_f32_nn_n_tilesize32x32x8_stage3_warpsize1x2x1_ffma_aligna4_alignc4, 0x2ab0757f34e1f, 
[07/22/2026-00:36:09] [TRT] [V]  (foreignNode)   86, 0.0270336, 2.66667, 0.32656, sm80_xmma_gemm_f32f32_tf32f32_f32_nn_n_tilesize64x64x64_stage4_warpsize2x1x2_tensor16x8x8, 0x4d6ab547a5dfd, 
[07/22/2026-00:36:09] [TRT] [V]  (foreignNode)   81, 0.0271360, 2.67677, 0.32388, sm80_xmma_gemm_f32f32_f32f32_f32_tn_n_tilesize32x32x8_stage3_warpsize1x2x1_ffma_aligna4_alignc4, 0x59b01aab2bd71, 
[07/22/2026-00:36:09] [TRT] [V]  (foreignNode)   75, 0.0279552, 2.75758, 0.31259, sm80_xmma_gemm_f32f32_f32f32_f32_tn_n_tilesize32x32x8_stage3_warpsize1x2x1_ffma_aligna4_alignc4, 0x541b4d5762a3a, 
[07/22/2026-00:36:09] [TRT] [V]  (foreignNode)   73, 0.0290784, 2.86837, 0.30013, sm80_xmma_gemm_f32f32_tf32f32_f32_tn_n_tilesize64x128x16_stage4_warpsize2x2x1_tensor16x8x8, 0x33d975691278a, 
[07/22/2026-00:36:09] [TRT] [V]  (foreignNode)   64, 0.0290816, 2.86869, 0.29871, sm80_xmma_gemm_f32f32_f32f32_f32_nn_n_tilesize32x64x8_stage3_warpsize1x2x1_ffma_aligna4_alignc4, 0x60f1628294e6b, 
[07/22/2026-00:36:09] [TRT] [V]  (foreignNode)   77, 0.0291840, 2.87879, 0.29979, sm80_xmma_gemm_f32f32_tf32f32_f32_nn_n_tilesize64x128x16_stage4_warpsize2x2x1_tensor16x8x8, 0x50633218a182f, 
[07/22/2026-00:36:09] [TRT] [V]  (foreignNode)   94, 0.0312288, 3.08049, 0.28516, sm80_xmma_gemm_f32f32_f32f32_f32_tn_n_tilesize32x64x8_stage3_warpsize1x2x1_ffma_aligna4_alignc4, 0x4036f2db4de02, 
[07/22/2026-00:36:09] [TRT] [V]  (foreignNode)   10, 0.0330752, 3.26263, 0.20602, sm80_xmma_gemm_f32f32_tf32f32_f32_tn_n_tilesize32x32x64_stage3_warpsize2x1x2_tensor16x8x8, 0x313eaa919b99e, 
[07/22/2026-00:36:09] [TRT] [V]  (foreignNode)   14, 0.0332832, 3.28314, 0.21142, sm80_xmma_gemm_f32f32_tf32f32_f32_nn_n_tilesize32x32x64_stage3_warpsize2x1x2_tensor16x8x8, 0x40cf674f9f233, 
[07/22/2026-00:36:09] [TRT] [V]  (foreignNode)   84, 0.0371712, 3.66667, 0.23719, sm80_xmma_gemm_f32f32_f32f32_f32_nn_n_tilesize32x32x8_stage3_warpsize1x2x1_ffma_aligna4_alignc4, 0x5ac33ddf1e839, 
[07/22/2026-00:36:09] [TRT] [V]  (foreignNode)   90, 0.0371744, 3.66698, 0.23883, sm80_xmma_gemm_f32f32_f32f32_f32_nn_n_tilesize32x64x8_stage3_warpsize1x2x1_ffma_aligna4_alignc4, 0x6477c7b6122cf, 
[07/22/2026-00:36:09] [TRT] [V]  (foreignNode)   65, 0.0408480, 4.02936, 0.21267, sm86_xmma_gemm_f32f32_tf32f32_f32_tn_n_tilesize64x64x64_stage3_warpsize2x2x1_tensor16x8x8, 0x2fb43c6166a71, 
[07/22/2026-00:36:09] [TRT] [V]  (foreignNode)   96, 0.0412640, 4.07039, 0.21626, sm86_xmma_gemm_f32f32_tf32f32_f32_nn_n_tilesize64x64x64_stage3_warpsize2x2x1_tensor16x8x8, 0x2dbfb7f462b29, 
[07/22/2026-00:36:09] [TRT] [V]  (foreignNode)   16, 0.0432992, 4.27115, 0.16562, sm80_xmma_gemm_f32f32_tf32f32_f32_tn_n_tilesize64x128x16_stage4_warpsize2x2x1_tensor16x8x8, 0x5e2d18c0d8a5b, 
[07/22/2026-00:36:09] [TRT] [V]  (foreignNode)   17, 0.0434176, 4.28283, 0.16519, sm80_xmma_gemm_f32f32_tf32f32_f32_nn_n_tilesize64x128x16_stage4_warpsize2x2x1_tensor16x8x8, 0x6129d9f7edf6b, 
[07/22/2026-00:36:09] [TRT] [V]  (foreignNode)   38, 0.0444384, 4.38352, 0.18363, sm86_xmma_gemm_f32f32_tf32f32_f32_tn_n_tilesize64x128x32_stage4_warpsize2x2x1_tensor16x8x8, 0x31b0cab2d3db7, 
[07/22/2026-00:36:09] [TRT] [V]  (foreignNode)   59, 0.0449536, 4.43434, 0.19193, sm80_xmma_gemm_f32f32_tf32f32_f32_tn_n_tilesize64x128x32_stage5_warpsize2x2x1_tensor16x8x8, 0x36aedbdd985a9, 
[07/22/2026-00:36:09] [TRT] [V]  (foreignNode)   24, 0.0623616, 6.15152, 0.11955, sm80_xmma_gemm_f32f32_tf32f32_f32_nn_n_tilesize32x32x64_stage3_warpsize2x1x2_tensor16x8x8, 0x505bbf1ba6336, 
[07/22/2026-00:36:09] [TRT] [V]  (foreignNode)   42, 0.0626720, 6.18213, 0.13085, sm86_xmma_gemm_f32f32_tf32f32_f32_tn_n_tilesize128x128x16_stage3_warpsize2x2x1_tensor16x8x8, 0x3bfc7a67f80af, 
[07/22/2026-00:36:09] [TRT] [V]  (foreignNode)   57, 0.0627680, 6.19160, 0.13735, sm86_xmma_gemm_f32f32_tf32f32_f32_nn_n_tilesize128x128x16_stage3_warpsize2x2x1_tensor16x8x8, 0x4cc75a31ded0e, 
[07/22/2026-00:36:09] [TRT] [V]  (foreignNode)   20, 0.0628736, 6.20202, 0.11459, sm80_xmma_gemm_f32f32_tf32f32_f32_tn_n_tilesize32x32x64_stage3_warpsize2x1x2_tensor16x8x8, 0x2a355c1d19e67, 
[07/22/2026-00:36:09] [TRT] [V]  (foreignNode)   53, 0.0700416, 6.90909, 0.12225, sm80_xmma_gemm_f32f32_f32f32_f32_nn_n_tilesize32x32x8_stage3_warpsize1x2x1_ffma_aligna4_alignc4, 0x5def255456882, 
[07/22/2026-00:36:09] [TRT] [V]  (foreignNode)   68, 0.0705792, 6.96212, 0.12322, sm80_xmma_gemm_f32f32_f32f32_f32_tn_n_tilesize32x32x8_stage3_warpsize1x2x1_ffma_aligna4_alignc4, 0x35a037dfe6431, 
[07/22/2026-00:36:09] [TRT] [V]  (foreignNode)   51, 0.0760832, 7.50505, 0.11234, sm80_xmma_gemm_f32f32_tf32f32_f32_nn_n_tilesize32x256x32_stage4_warpsize1x4x1_tensor16x8x8, 0x590b17c5811d7, 
[07/22/2026-00:36:09] [TRT] [V]  (foreignNode)   30, 0.0785376, 7.74716, 0.09853, sm80_xmma_gemm_f32f32_tf32f32_f32_nn_n_tilesize64x128x16_stage4_warpsize2x2x1_tensor16x8x8, 0x3babff34466f9, 
[07/22/2026-00:36:09] [TRT] [V]  (foreignNode)   27, 0.0785408, 7.74748, 0.09842, sm80_xmma_gemm_f32f32_tf32f32_f32_tn_n_tilesize64x128x16_stage4_warpsize2x2x1_tensor16x8x8, 0x43a65c84f33df, 
[07/22/2026-00:36:09] [TRT] [V]  (foreignNode)   98, 0.1197760, 11.81503, 0.07458, sm86_xmma_gemm_f32f32_tf32f32_f32_nn_n_tilesize128x128x16_stage3_warpsize2x2x1_tensor16x8x8, 0x67c204fd959ea, 
[07/22/2026-00:36:09] [TRT] [V]  (foreignNode)   49, 0.1199680, 11.83396, 0.07085, sm86_xmma_gemm_f32f32_tf32f32_f32_tn_n_tilesize128x128x16_stage3_warpsize2x2x1_tensor16x8x8, 0x60c08ef4fbd35, 
[07/22/2026-00:36:09] [TRT] [V]  (foreignNode) Autotuning op node_linear_1_2: [ONNX Layer: node_linear_1]
[07/22/2026-00:36:09] [TRT] [V]  (foreignNode) Sorted table of all evaluated tactics:
[07/22/2026-00:36:09] [TRT] [V]  (foreignNode) tactic_id, cost(in ms), cost/fastest_cost, prediction_correlation, kernel_name, tactic_hash, tunable_parameter
[07/22/2026-00:36:09] [TRT] [V]  (foreignNode)   14, 0.0078816, 1.00000, 0.83669, sm80_xmma_gemm_f32f32_tf32f32_f32_tn_n_tilesize32x32x64_stage3_warpsize2x2x1_tensor16x8x8_aligna4_alignc4, 0x52a68fac6f316, 
[07/22/2026-00:36:09] [TRT] [V]  (foreignNode)   17, 0.0080896, 1.02639, 0.84300, sm80_xmma_gemm_f32f32_tf32f32_f32_nn_n_tilesize32x32x64_stage3_warpsize2x2x1_tensor16x8x8_aligna4_alignc4, 0x45780d7633278, 
[07/22/2026-00:36:09] [TRT] [V]  (foreignNode)   18, 0.0080896, 1.02639, 0.84923, sm80_xmma_gemm_f32f32_tf32f32_f32_tn_n_tilesize32x32x64_stage3_warpsize2x2x1_tensor16x8x8_aligna4_alignc4, 0x5caf2e16e9e6d, 
[07/22/2026-00:36:09] [TRT] [V]  (foreignNode)   22, 0.0080896, 1.02639, 0.88211, sm80_xmma_gemm_f32f32_tf32f32_f32_tn_n_tilesize32x32x64_stage3_warpsize2x2x1_tensor16x8x8_aligna4_alignc4, 0x4a01bcf5a5e6a, 
[07/22/2026-00:36:09] [TRT] [V]  (foreignNode)   20, 0.0082912, 1.05197, 0.85665, sm80_xmma_gemm_f32f32_tf32f32_f32_nn_n_tilesize32x32x64_stage3_warpsize2x2x1_tensor16x8x8_aligna4_alignc4, 0x4536f3c1fe89e, 
[07/22/2026-00:36:09] [TRT] [V]  (foreignNode)   25, 0.0082944, 1.05238, 0.88928, sm80_xmma_gemm_f32f32_tf32f32_f32_nn_n_tilesize32x32x64_stage3_warpsize2x2x1_tensor16x8x8_aligna4_alignc4, 0x4ac96971a09ed, 
[07/22/2026-00:36:09] [TRT] [V]  (foreignNode)   39, 0.0087040, 1.10434, 1.04811, sm80_xmma_gemm_f32f32_tf32f32_f32_tn_n_tilesize64x32x64_stage5_warpsize2x2x1_tensor16x8x8_aligna4_alignc4, 0x5ebd1bd25ec0d, 
[07/22/2026-00:36:09] [TRT] [V]  (foreignNode)    1, 0.0087072, 1.10475, 0.56523, sm80_xmma_gemm_f32f32_f32f32_f32_nn_n_tilesize32x32x8_stage3_warpsize1x2x1_ffma_aligna4_alignc4, 0x6d8650440f9fc, 
[07/22/2026-00:36:09] [TRT] [V]  (foreignNode)    3, 0.0089088, 1.13033, 0.56957, sm80_xmma_gemm_f32f32_f32f32_f32_nn_n_tilesize32x32x8_stage3_warpsize1x2x1_ffma_aligna4_alignc4, 0x32735936b4af1, 
[07/22/2026-00:36:09] [TRT] [V]  (foreignNode)   43, 0.0089120, 1.13073, 1.04505, sm80_xmma_gemm_f32f32_tf32f32_f32_nn_n_tilesize64x32x64_stage5_warpsize2x2x1_tensor16x8x8_aligna4_alignc4, 0x65feca0fb2307, 
[07/22/2026-00:36:09] [TRT] [V]  (foreignNode)   36, 0.0091008, 1.15469, 0.95295, sm80_xmma_gemm_f32f32_tf32f32_f32_tn_n_tilesize32x64x64_stage4_warpsize2x2x1_tensor16x8x8_aligna4_alignc4, 0x3dcaab6c61350, 
[07/22/2026-00:36:09] [TRT] [V]  (foreignNode)    0, 0.0091136, 1.15631, 0.53703, sm80_xmma_gemm_f32f32_f32f32_f32_tn_n_tilesize32x32x8_stage3_warpsize1x2x1_ffma_aligna4_alignc4, 0x53e0b736e7fdb, 
[07/22/2026-00:36:09] [TRT] [V]  (foreignNode)   40, 0.0091136, 1.15631, 1.00615, sm80_xmma_gemm_f32f32_tf32f32_f32_nn_n_tilesize32x64x64_stage4_warpsize2x2x1_tensor16x8x8_aligna4_alignc4, 0x3b03774c7824d, 
[07/22/2026-00:36:09] [TRT] [V]  (foreignNode)    2, 0.0093184, 1.18230, 0.54214, sm80_xmma_gemm_f32f32_f32f32_f32_tn_n_tilesize32x32x8_stage3_warpsize1x2x1_ffma_aligna4_alignc4, 0x67f6cd3af2931, 
[07/22/2026-00:36:09] [TRT] [V]  (foreignNode)   32, 0.0095232, 1.20828, 0.86427, sm80_xmma_gemm_f32f32_tf32f32_f32_tn_n_tilesize32x32x64_stage3_warpsize2x2x1_tensor16x8x8_aligna4_alignc4, 0x2f3acf82f1b05, 
[07/22/2026-00:36:09] [TRT] [V]  (foreignNode)   44, 0.0097312, 1.23467, 0.96042, sm80_xmma_gemm_f32f32_tf32f32_f32_tn_n_tilesize64x32x64_stage5_warpsize2x2x1_tensor16x8x8_aligna4_alignc4, 0x6654d97a8e262, 
[07/22/2026-00:36:09] [TRT] [V]  (foreignNode)   34, 0.0099264, 1.25944, 0.85635, sm80_xmma_gemm_f32f32_tf32f32_f32_nn_n_tilesize32x32x64_stage3_warpsize2x2x1_tensor16x8x8_aligna4_alignc4, 0x5f4815e9ed28e, 
[07/22/2026-00:36:09] [TRT] [V]  (foreignNode)   47, 0.0099328, 1.26025, 0.96035, sm80_xmma_gemm_f32f32_tf32f32_f32_nn_n_tilesize64x32x64_stage5_warpsize2x2x1_tensor16x8x8_aligna4_alignc4, 0x494eb4c142719, 
[07/22/2026-00:36:09] [TRT] [V]  (foreignNode)   53, 0.0099328, 1.26025, 1.02075, sm80_xmma_gemm_f32f32_tf32f32_f32_tn_n_tilesize64x64x64_stage4_warpsize2x2x1_tensor16x8x8_aligna4_alignc4, 0x56c30e5468447, 
[07/22/2026-00:36:09] [TRT] [V]  (foreignNode)   46, 0.0099424, 1.26147, 0.95395, sm80_xmma_gemm_f32f32_tf32f32_f32_tn_n_tilesize32x64x64_stage4_warpsize2x2x1_tensor16x8x8_aligna4_alignc4, 0x342bcbcf43544, 
[07/22/2026-00:36:09] [TRT] [V]  (foreignNode)    4, 0.0101376, 1.28624, 0.56398, sm80_xmma_gemm_f32f32_f32f32_f32_nn_n_tilesize32x32x8_stage3_warpsize1x2x1_ffma_aligna4_alignc4, 0x659891649d8d8, 
[07/22/2026-00:36:09] [TRT] [V]  (foreignNode)   15, 0.0101376, 1.28624, 0.65376, sm80_xmma_gemm_f32f32_f32f32_f32_tn_n_tilesize64x64x8_stage3_warpsize1x4x1_ffma_aligna4_alignc4, 0x432566f52b870, 
[07/22/2026-00:36:09] [TRT] [V]  (foreignNode)   49, 0.0101376, 1.28624, 0.98671, sm80_xmma_gemm_f32f32_tf32f32_f32_nn_n_tilesize32x64x64_stage4_warpsize2x2x1_tensor16x8x8_aligna4_alignc4, 0x60aeb3c689fac, 
[07/22/2026-00:36:09] [TRT] [V]  (foreignNode)   50, 0.0101376, 1.28624, 0.99514, sm80_xmma_gemm_f32f32_tf32f32_f32_tn_n_tilesize32x64x64_stage4_warpsize2x2x1_tensor16x8x8_aligna4_alignc4, 0x4a1d7a85bbd47, 
[07/22/2026-00:36:09] [TRT] [V]  (foreignNode)   68, 0.0101504, 1.28786, 1.10545, sm80_xmma_gemm_f32f32_tf32f32_f32_nn_n_tilesize64x64x64_stage4_warpsize2x2x1_tensor16x8x8_aligna4_alignc4, 0x3481ff247648b, 
[07/22/2026-00:36:09] [TRT] [V]  (foreignNode)   13, 0.0103424, 1.31222, 0.63233, sm80_xmma_gemm_f32f32_f32f32_f32_nn_n_tilesize64x64x8_stage3_warpsize1x4x1_ffma_aligna4_alignc4, 0x5c5f59a7452c1, 
[07/22/2026-00:36:09] [TRT] [V]  (foreignNode)   54, 0.0103424, 1.31222, 0.98205, sm80_xmma_gemm_f32f32_tf32f32_f32_tn_n_tilesize64x32x64_stage5_warpsize2x2x1_tensor16x8x8_aligna4_alignc4, 0x52602fda34293, 
[07/22/2026-00:36:09] [TRT] [V]  (foreignNode)   62, 0.0103424, 1.31222, 1.02696, sm80_xmma_gemm_f32f32_tf32f32_f32_nn_n_tilesize32x64x64_stage4_warpsize2x2x1_tensor16x8x8_aligna4_alignc4, 0x5b3593f2790f8, 
[07/22/2026-00:36:09] [TRT] [V]  (foreignNode)   57, 0.0105472, 1.33821, 0.98197, sm80_xmma_gemm_f32f32_tf32f32_f32_nn_n_tilesize64x32x64_stage5_warpsize2x2x1_tensor16x8x8_aligna4_alignc4, 0x62a1dc1117c3b, 
[07/22/2026-00:36:09] [TRT] [V]  (foreignNode)    5, 0.0107520, 1.36419, 0.53184, sm80_xmma_gemm_f32f32_f32f32_f32_tn_n_tilesize32x32x8_stage3_warpsize1x2x1_ffma_aligna4_alignc4, 0x3299804590860, 
[07/22/2026-00:36:09] [TRT] [V]  (foreignNode)   19, 0.0107520, 1.36419, 0.65376, sm80_xmma_gemm_f32f32_f32f32_f32_nn_n_tilesize64x64x8_stage3_warpsize1x4x1_ffma_aligna4_alignc4, 0x3c6cbb87a3c11, 
[07/22/2026-00:36:09] [TRT] [V]  (foreignNode)   37, 0.0107520, 1.36419, 0.82808, sm80_xmma_gemm_f32f32_tf32f32_f32_tn_n_tilesize32x32x64_stage3_warpsize2x2x1_tensor16x8x8_aligna4_alignc4, 0x42cd613e5ca06, 
[07/22/2026-00:36:09] [TRT] [V]  (foreignNode)   21, 0.0107584, 1.36500, 0.66269, sm80_xmma_gemm_f32f32_f32f32_f32_tn_n_tilesize64x64x8_stage3_warpsize1x4x1_ffma_aligna4_alignc4, 0x6b866be409fe3, 
[07/22/2026-00:36:09] [TRT] [V]  (foreignNode)    8, 0.0111616, 1.41616, 0.55976, sm80_xmma_gemm_f32f32_f32f32_f32_tn_n_tilesize64x32x8_stage3_warpsize1x2x1_ffma_aligna4_alignc4, 0x38d559c11c530, 
[07/22/2026-00:36:09] [TRT] [V]  (foreignNode)   10, 0.0111616, 1.41616, 0.57329, sm80_xmma_gemm_f32f32_f32f32_f32_nn_n_tilesize64x32x8_stage3_warpsize1x2x1_ffma_aligna4_alignc4, 0x52cfa56c66fe3, 
[07/22/2026-00:36:09] [TRT] [V]  (foreignNode)   72, 0.0111616, 1.41616, 1.03930, sm80_xmma_gemm_f32f32_tf32f32_f32_tn_n_tilesize128x64x16_stage6_warpsize2x2x1_tensor16x8x8_aligna4_alignc4, 0x64f2e5c5d940f, 
[07/22/2026-00:36:09] [TRT] [V]  (foreignNode)   28, 0.0111648, 1.41657, 0.68647, sm80_xmma_gemm_f32f32_f32f32_f32_nn_n_tilesize128x32x8_stage3_warpsize2x2x1_ffma_aligna4_alignc4, 0x30fe0c9195ffc, 
[07/22/2026-00:36:09] [TRT] [V]  (foreignNode)   41, 0.0113664, 1.44214, 0.80863, sm80_xmma_gemm_f32f32_tf32f32_f32_nn_n_tilesize32x32x64_stage3_warpsize2x2x1_tensor16x8x8_aligna4_alignc4, 0x54bb229ee8962, 
[07/22/2026-00:36:09] [TRT] [V]  (foreignNode)   61, 0.0113664, 1.44214, 0.93172, sm80_xmma_gemm_f32f32_tf32f32_f32_tn_n_tilesize64x64x64_stage4_warpsize2x2x1_tensor16x8x8_aligna4_alignc4, 0x33684ba0784d0, 
[07/22/2026-00:36:09] [TRT] [V]  (foreignNode)   71, 0.0113664, 1.44214, 1.01847, sm80_xmma_gemm_f32f32_tf32f32_f32_nn_n_tilesize128x64x16_stage6_warpsize2x2x1_tensor16x8x8_aligna4_alignc4, 0x2de7e2f56cf38, 
[07/22/2026-00:36:09] [TRT] [V]  (foreignNode)    6, 0.0113696, 1.44255, 0.53443, sm80_xmma_gemm_f32f32_f32f32_f32_nn_n_tilesize32x64x8_stage3_warpsize1x2x1_ffma_aligna4_alignc4, 0x4b5da5f9735be, 
[07/22/2026-00:36:09] [TRT] [V]  (foreignNode)   31, 0.0115712, 1.46813, 0.68775, sm80_xmma_gemm_f32f32_f32f32_f32_tn_n_tilesize128x32x8_stage3_warpsize2x2x1_ffma_aligna4_alignc4, 0x48daa8d92ef38, 
[07/22/2026-00:36:09] [TRT] [V]  (foreignNode)   73, 0.0115712, 1.46813, 1.01208, sm80_xmma_gemm_f32f32_tf32f32_f32_nn_n_tilesize64x64x64_stage4_warpsize2x2x1_tensor16x8x8_aligna4_alignc4, 0x4c826aa077841, 
[07/22/2026-00:36:09] [TRT] [V]  (foreignNode)   75, 0.0117536, 1.49127, 1.00760, sm80_xmma_gemm_f32f32_tf32f32_f32_tn_n_tilesize128x64x32_stage5_warpsize2x2x1_tensor16x8x8_aligna4_alignc4, 0x3c73ed54e156d, 
[07/22/2026-00:36:09] [TRT] [V]  (foreignNode)   33, 0.0117728, 1.49371, 0.70061, sm80_xmma_gemm_f32f32_f32f32_f32_nn_n_tilesize128x32x8_stage3_warpsize2x2x1_ffma_aligna4_alignc4, 0x4e5d102f61daf, 
[07/22/2026-00:36:09] [TRT] [V]  (foreignNode)    9, 0.0117760, 1.49411, 0.53873, sm80_xmma_gemm_f32f32_f32f32_f32_nn_n_tilesize32x64x8_stage3_warpsize1x2x1_ffma_aligna4_alignc4, 0x44c45935bc7b5, 
[07/22/2026-00:36:09] [TRT] [V]  (foreignNode)   70, 0.0117760, 1.49411, 0.97124, sm80_xmma_gemm_f32f32_tf32f32_f32_tn_n_tilesize64x64x64_stage4_warpsize2x2x1_tensor16x8x8_aligna4_alignc4, 0x2c216db6d3e71, 
[07/22/2026-00:36:09] [TRT] [V]  (foreignNode)   77, 0.0117760, 1.49411, 1.01927, sm80_xmma_gemm_f32f32_tf32f32_f32_tn_n_tilesize128x64x64_stage3_warpsize2x2x1_tensor16x8x8_aligna4_alignc4, 0x432d0b8d4d8fa, 
[07/22/2026-00:36:09] [TRT] [V]  (foreignNode)   81, 0.0117760, 1.49411, 1.04675, sm80_xmma_gemm_f32f32_tf32f32_f32_tn_n_tilesize128x64x16_stage6_warpsize2x2x1_tensor16x8x8_aligna4_alignc4, 0x64959ada68128, 
[07/22/2026-00:36:09] [TRT] [V]  (foreignNode)   16, 0.0117792, 1.49452, 0.56665, sm80_xmma_gemm_f32f32_f32f32_f32_nn_n_tilesize64x32x8_stage3_warpsize1x2x1_ffma_aligna4_alignc4, 0x56f33295cb360, 
[07/22/2026-00:36:09] [TRT] [V]  (foreignNode)   12, 0.0119776, 1.51969, 0.54466, sm80_xmma_gemm_f32f32_f32f32_f32_tn_n_tilesize64x32x8_stage3_warpsize1x2x1_ffma_aligna4_alignc4, 0x4e3d702a5a159, 
[07/22/2026-00:36:09] [TRT] [V]  (foreignNode)   51, 0.0119776, 1.51969, 0.84524, sm80_xmma_gemm_f32f32_tf32f32_f32_tn_n_tilesize64x128x16_stage4_warpsize2x2x1_tensor16x8x8_aligna4_alignc4, 0x621a0b86e45c5, 
[07/22/2026-00:36:09] [TRT] [V]  (foreignNode)   79, 0.0119776, 1.51969, 1.02516, sm80_xmma_gemm_f32f32_tf32f32_f32_nn_n_tilesize128x64x16_stage6_warpsize2x2x1_tensor16x8x8_aligna4_alignc4, 0x57bd74ad0587c, 
[07/22/2026-00:36:09] [TRT] [V]  (foreignNode)   35, 0.0121856, 1.54608, 0.70288, sm80_xmma_gemm_f32f32_f32f32_f32_tn_n_tilesize128x32x8_stage3_warpsize2x2x1_ffma_aligna4_alignc4, 0x5a8a86e184bbf, 
[07/22/2026-00:36:09] [TRT] [V]  (foreignNode)   80, 0.0121856, 1.54608, 1.00908, sm80_xmma_gemm_f32f32_tf32f32_f32_nn_n_tilesize128x64x32_stage5_warpsize2x2x1_tensor16x8x8_aligna4_alignc4, 0x63fbde31b8230, 
[07/22/2026-00:36:09] [TRT] [V]  (foreignNode)   86, 0.0121856, 1.54608, 1.02539, sm80_xmma_gemm_f32f32_tf32f32_f32_tn_n_tilesize128x64x32_stage5_warpsize2x2x1_tensor16x8x8_aligna4_alignc4, 0x341f85ae7444b, 
[07/22/2026-00:36:09] [TRT] [V]  (foreignNode)    7, 0.0121920, 1.54689, 0.50350, sm80_xmma_gemm_f32f32_f32f32_f32_tn_n_tilesize32x64x8_stage3_warpsize1x2x1_ffma_aligna4_alignc4, 0x67684ecabefdf, 
[07/22/2026-00:36:09] [TRT] [V]  (foreignNode)   90, 0.0123904, 1.57207, 1.01933, sm80_xmma_gemm_f32f32_tf32f32_f32_nn_n_tilesize64x64x64_stage4_warpsize2x2x1_tensor16x8x8_aligna4_alignc4, 0x3a7eb30a74588, 
[07/22/2026-00:36:09] [TRT] [V]  (foreignNode)   96, 0.0123904, 1.57207, 1.05797, sm80_xmma_gemm_f32f32_tf32f32_f32_nn_n_tilesize128x64x64_stage3_warpsize2x2x1_tensor16x8x8_aligna4_alignc4, 0x454fd8e312b1c, 
[07/22/2026-00:36:09] [TRT] [V]  (foreignNode)   55, 0.0123936, 1.57247, 0.82340, sm80_xmma_gemm_f32f32_tf32f32_f32_nn_n_tilesize64x128x16_stage4_warpsize2x2x1_tensor16x8x8_aligna4_alignc4, 0x5807b5b3447a2, 
[07/22/2026-00:36:09] [TRT] [V]  (foreignNode)   63, 0.0123936, 1.57247, 0.86378, sm80_xmma_gemm_f32f32_tf32f32_f32_tn_n_tilesize64x128x16_stage4_warpsize2x2x1_tensor16x8x8_aligna4_alignc4, 0x307e649047afe, 
[07/22/2026-00:36:09] [TRT] [V]  (foreignNode)   11, 0.0125952, 1.59805, 0.50976, sm80_xmma_gemm_f32f32_f32f32_f32_tn_n_tilesize32x64x8_stage3_warpsize1x2x1_ffma_aligna4_alignc4, 0x3579cd3e36d3e, 
[07/22/2026-00:36:09] [TRT] [V]  (foreignNode)   42, 0.0128000, 1.62404, 0.72469, sm80_xmma_gemm_f32f32_f32f32_f32_tn_n_tilesize64x64x8_stage3_warpsize1x4x1_ffma_aligna4_alignc4, 0x3fc0c9e83dd6c, 
[07/22/2026-00:36:09] [TRT] [V]  (foreignNode)   83, 0.0128000, 1.62404, 0.97036, sm80_xmma_gemm_f32f32_tf32f32_f32_tn_n_tilesize128x64x64_stage3_warpsize2x2x1_tensor16x8x8_aligna4_alignc4, 0x5957f8fa5a5be, 
[07/22/2026-00:36:09] [TRT] [V]  (foreignNode)   89, 0.0128000, 1.62404, 0.98449, sm80_xmma_gemm_f32f32_tf32f32_f32_tn_n_tilesize32x64x64_stage4_warpsize2x2x1_tensor16x8x8_aligna4_alignc4, 0x4aa0fda122c34, 
[07/22/2026-00:36:09] [TRT] [V]  (foreignNode)   91, 0.0128000, 1.62404, 0.98847, sm80_xmma_gemm_f32f32_tf32f32_f32_tn_n_tilesize64x32x64_stage5_warpsize2x2x1_tensor16x8x8_aligna4_alignc4, 0x36f27c794c467, 
[07/22/2026-00:36:09] [TRT] [V]  (foreignNode)   95, 0.0128000, 1.62404, 1.01295, sm80_xmma_gemm_f32f32_tf32f32_f32_nn_n_tilesize128x64x32_stage5_warpsize2x2x1_tensor16x8x8_aligna4_alignc4, 0x517cb9b90327b, 
[07/22/2026-00:36:09] [TRT] [V]  (foreignNode)   38, 0.0130048, 1.65002, 0.70116, sm80_xmma_gemm_f32f32_f32f32_f32_nn_n_tilesize64x64x8_stage3_warpsize1x4x1_ffma_aligna4_alignc4, 0x386ec2c5075ad, 
[07/22/2026-00:36:09] [TRT] [V]  (foreignNode)   65, 0.0130080, 1.65043, 0.82733, sm80_xmma_gemm_f32f32_tf32f32_f32_nn_n_tilesize64x128x16_stage4_warpsize2x2x1_tensor16x8x8_aligna4_alignc4, 0x30270a4dccec8, 
[07/22/2026-00:36:09] [TRT] [V]  (foreignNode)   74, 0.0131232, 1.66504, 0.89241, sm80_xmma_gemm_f32f32_tf32f32_f32_tn_n_tilesize64x128x32_stage5_warpsize2x2x1_tensor16x8x8_aligna4_alignc4, 0x617d1125e4ab3, 
[07/22/2026-00:36:09] [TRT] [V]  (foreignNode)   97, 0.0132064, 1.67560, 0.99833, sm80_xmma_gemm_f32f32_tf32f32_f32_nn_n_tilesize32x64x64_stage4_warpsize2x2x1_tensor16x8x8_aligna4_alignc4, 0x2ab25b4e85c03, 
[07/22/2026-00:36:09] [TRT] [V]  (foreignNode)   94, 0.0132096, 1.67600, 0.97437, sm80_xmma_gemm_f32f32_tf32f32_f32_nn_n_tilesize64x32x64_stage5_warpsize2x2x1_tensor16x8x8_aligna4_alignc4, 0x5ecfd53d83a64, 
[07/22/2026-00:36:09] [TRT] [V]  (foreignNode)   85, 0.0134144, 1.70199, 0.92884, sm80_xmma_gemm_f32f32_tf32f32_f32_tn_n_tilesize64x128x16_stage4_warpsize2x2x1_tensor16x8x8_aligna4_alignc4, 0x48e103b1cf144, 
[07/22/2026-00:36:09] [TRT] [V]  (foreignNode)   82, 0.0135552, 1.71985, 0.91096, sm80_xmma_gemm_f32f32_tf32f32_f32_tn_n_tilesize64x128x32_stage5_warpsize2x2x1_tensor16x8x8_aligna4_alignc4, 0x301cbec0d3a52, 
[07/22/2026-00:36:09] [TRT] [V]  (foreignNode)   26, 0.0136128, 1.72716, 0.54912, sm80_xmma_gemm_f32f32_f32f32_f32_nn_n_tilesize32x64x8_stage3_warpsize1x2x1_ffma_aligna4_alignc4, 0x543494ca28fa3, 
[07/22/2026-00:36:09] [TRT] [V]  (foreignNode)   92, 0.0136192, 1.72797, 0.93227, sm80_xmma_gemm_f32f32_tf32f32_f32_nn_n_tilesize64x128x32_stage5_warpsize2x2x1_tensor16x8x8_aligna4_alignc4, 0x3901812a20a04, 
[07/22/2026-00:36:09] [TRT] [V]  (foreignNode)   98, 0.0138240, 1.75396, 0.96885, sm80_xmma_gemm_f32f32_tf32f32_f32_nn_n_tilesize64x128x32_stage5_warpsize2x2x1_tensor16x8x8_aligna4_alignc4, 0x5a9e62e6f5445, 
[07/22/2026-00:36:09] [TRT] [V]  (foreignNode)   23, 0.0142336, 1.80593, 0.50812, sm80_xmma_gemm_f32f32_f32f32_f32_nn_n_tilesize32x32x8_stage3_warpsize1x2x1_ffma_aligna4_alignc4, 0x3d517a2c35f70, 
[07/22/2026-00:36:09] [TRT] [V]  (foreignNode)   84, 0.0142336, 1.80593, 0.87360, sm80_xmma_gemm_f32f32_tf32f32_f32_nn_n_tilesize64x128x16_stage4_warpsize2x2x1_tensor16x8x8_aligna4_alignc4, 0x553bc4e8ffbff, 
[07/22/2026-00:36:09] [TRT] [V]  (foreignNode)   64, 0.0146400, 1.85749, 0.73419, sm80_xmma_gemm_f32f32_f32f32_f32_nn_n_tilesize128x32x8_stage3_warpsize2x2x1_ffma_aligna4_alignc4, 0x579b259467105, 
[07/22/2026-00:36:09] [TRT] [V]  (foreignNode)   27, 0.0146432, 1.85790, 0.52011, sm80_xmma_gemm_f32f32_f32f32_f32_tn_n_tilesize32x64x8_stage3_warpsize1x2x1_ffma_aligna4_alignc4, 0x4aad23749013b, 
[07/22/2026-00:36:09] [TRT] [V]  (foreignNode)   87, 0.0146432, 1.85790, 0.85723, sm80_xmma_gemm_f32f32_f32f32_f32_tn_n_tilesize128x64x8_stage3_warpsize2x2x1_ffma_aligna4_alignc4, 0x50b40ca668238, 
[07/22/2026-00:36:09] [TRT] [V]  (foreignNode)   88, 0.0146432, 1.85790, 0.85933, sm80_xmma_gemm_f32f32_f32f32_f32_nn_n_tilesize128x64x8_stage3_warpsize2x2x1_ffma_aligna4_alignc4, 0x4ad2cadd45255, 
[07/22/2026-00:36:09] [TRT] [V]  (foreignNode)   30, 0.0148512, 1.88429, 0.52784, sm80_xmma_gemm_f32f32_f32f32_f32_nn_n_tilesize64x32x8_stage3_warpsize1x2x1_ffma_aligna4_alignc4, 0x654a65061bd7f, 
[07/22/2026-00:36:09] [TRT] [V]  (foreignNode)   29, 0.0150496, 1.90946, 0.51110, sm80_xmma_gemm_f32f32_f32f32_f32_tn_n_tilesize64x32x8_stage3_warpsize1x2x1_ffma_aligna4_alignc4, 0x2bcbc43a12613, 
[07/22/2026-00:36:09] [TRT] [V]  (foreignNode)   78, 0.0152576, 1.93585, 0.80014, sm80_xmma_gemm_f32f32_f32f32_f32_nn_n_tilesize64x128x8_stage3_warpsize1x4x1_ffma_aligna4_alignc4, 0x3a21df75373db, 
[07/22/2026-00:36:09] [TRT] [V]  (foreignNode)   24, 0.0154592, 1.96143, 0.47211, sm80_xmma_gemm_f32f32_f32f32_f32_tn_n_tilesize32x32x8_stage3_warpsize1x2x1_ffma_aligna4_alignc4, 0x5820e1ef3d672, 
[07/22/2026-00:36:09] [TRT] [V]  (foreignNode)   67, 0.0154656, 1.96224, 0.72188, sm80_xmma_gemm_f32f32_f32f32_f32_tn_n_tilesize128x32x8_stage3_warpsize2x2x1_ffma_aligna4_alignc4, 0x5dd1e8dc3f9d8, 
[07/22/2026-00:36:09] [TRT] [V]  (foreignNode)   93, 0.0154752, 1.96346, 0.82783, sm80_xmma_gemm_f32f32_f32f32_f32_tn_n_tilesize64x128x8_stage3_warpsize1x4x1_ffma_aligna4_alignc4, 0x49a49a69bf1e3, 
[07/22/2026-00:36:09] [TRT] [V]  (foreignNode)   69, 0.0156672, 1.98782, 0.71690, sm80_xmma_gemm_f32f32_f32f32_f32_nn_n_tilesize32x128x8_stage3_warpsize1x2x1_ffma_aligna4_alignc4, 0x339c784f0defa, 
[07/22/2026-00:36:09] [TRT] [V]  (foreignNode)   56, 0.0156768, 1.98904, 0.65233, sm80_xmma_gemm_f32f32_f32f32_f32_tn_n_tilesize32x128x8_stage3_warpsize1x2x1_ffma_aligna4_alignc4, 0x37753802a0d0d, 
[07/22/2026-00:36:09] [TRT] [V]  (foreignNode)   99, 0.0160704, 2.03898, 0.83771, sm80_xmma_gemm_f32f32_f32f32_f32_nn_n_tilesize64x128x8_stage3_warpsize1x4x1_ffma_aligna4_alignc4, 0x461ccfa549611, 
[07/22/2026-00:36:09] [TRT] [V]  (foreignNode)   76, 0.0162816, 2.06577, 0.73398, sm80_xmma_gemm_f32f32_f32f32_f32_nn_n_tilesize32x128x8_stage3_warpsize1x2x1_ffma_aligna4_alignc4, 0x5ceec0dccb95e, 
[07/22/2026-00:36:09] [TRT] [V]  (foreignNode)   66, 0.0164864, 2.09176, 0.66378, sm80_xmma_gemm_f32f32_f32f32_f32_tn_n_tilesize32x128x8_stage3_warpsize1x2x1_ffma_aligna4_alignc4, 0x42c197d08c321, 
[07/22/2026-00:36:09] [TRT] [V]  (foreignNode)   52, 0.0197632, 2.50751, 0.51275, sm80_xmma_gemm_f32f32_f32f32_f32_nn_n_tilesize32x64x8_stage3_warpsize1x2x1_ffma_aligna4_alignc4, 0x65e98159bcbae, 
[07/22/2026-00:36:09] [TRT] [V]  (foreignNode)   45, 0.0209888, 2.66301, 0.45001, sm80_xmma_gemm_f32f32_f32f32_f32_nn_n_tilesize32x32x8_stage3_warpsize1x2x1_ffma_aligna4_alignc4, 0x333c06a4827c2, 
[07/22/2026-00:36:09] [TRT] [V]  (foreignNode)   59, 0.0220160, 2.79334, 0.47482, sm80_xmma_gemm_f32f32_f32f32_f32_tn_n_tilesize32x64x8_stage3_warpsize1x2x1_ffma_aligna4_alignc4, 0x36bf3b8b0c682, 
[07/22/2026-00:36:09] [TRT] [V]  (foreignNode)   48, 0.0234496, 2.97523, 0.41063, sm80_xmma_gemm_f32f32_f32f32_f32_tn_n_tilesize32x32x8_stage3_warpsize1x2x1_ffma_aligna4_alignc4, 0x433c4ca9cf9d9, 
[07/22/2026-00:36:09] [TRT] [V]  (foreignNode)   60, 0.0234528, 2.97564, 0.45035, sm80_xmma_gemm_f32f32_f32f32_f32_nn_n_tilesize64x32x8_stage3_warpsize1x2x1_ffma_aligna4_alignc4, 0x2bca8d514bbf3, 
[07/22/2026-00:36:09] [TRT] [V]  (foreignNode)   58, 0.0238592, 3.02720, 0.43751, sm80_xmma_gemm_f32f32_f32f32_f32_tn_n_tilesize64x32x8_stage3_warpsize1x2x1_ffma_aligna4_alignc4, 0x2a249c642dc7e, 
[07/22/2026-00:36:09] [TRT] [V] Subgraph compilation completed in 4.87 seconds.
[07/22/2026-00:36:09] [TRT] [V] Tactic: 0x0000000000000000 Time: 0
[07/22/2026-00:36:09] [TRT] [V] {ForeignNode[node_conv2d...ONNXTRT_castHelper_9]} (Myelin[0x80000023]) profiling completed in 4.87778 seconds. Fastest Tactic: 0x0000000000000000 Time: 0
[07/22/2026-00:36:09] [TRT] [V] >>>>>>>>>>>>>>> Chose Runner Type: Myelin Tactic: 0x0000000000000000
[07/22/2026-00:36:09] [TRT] [V] =============== Computing reformatting costs for available format set
[07/22/2026-00:36:09] [TRT] [V] =============== Computing reformatting costs for available format set
[07/22/2026-00:36:09] [TRT] [V] =============== Computing reformatting costs for available format set
[07/22/2026-00:36:09] [TRT] [V] Formats and tactics selection completed in 4.88423 seconds.
[07/22/2026-00:36:09] [TRT] [V] After reformat layers: 1 layers
[07/22/2026-00:36:09] [TRT] [V] Total number of blocks in pre-optimized block assignment: 1
[07/22/2026-00:36:09] [TRT] [I] Detected 1 inputs and 2 output network tensors.
[07/22/2026-00:36:09] [TRT] [V] Layer: {ForeignNode[node_conv2d...ONNXTRT_castHelper_9]} Host Persistent: 80 bytes Device Persistent: 0 bytes Scratch Memory: 591872 bytes
[07/22/2026-00:36:09] [TRT] [V] Skipped printing memory information for 0 layers with 0 memory size i.e. Host Persistent + Device Persistent + Scratch Memory == 0.
[07/22/2026-00:36:09] [TRT] [I] Total Host Persistent Memory: 80 bytes
[07/22/2026-00:36:09] [TRT] [I] Total Device Persistent Memory: 0 bytes
[07/22/2026-00:36:09] [TRT] [I] Max Scratch Memory: 591872 bytes
[07/22/2026-00:36:09] [TRT] [I] [BlockAssignment] Started assigning block shifts. This will take 1 steps to complete.
[07/22/2026-00:36:09] [TRT] [I] [BlockAssignment] Algorithm ShiftNTopDown took 0.005072ms to assign 1 blocks to 1 nodes requiring 591872 bytes.
[07/22/2026-00:36:09] [TRT] [V] Total number of blocks in optimized block assignment: 1
[07/22/2026-00:36:09] [TRT] [I] Total Activation Memory: 591872 bytes
[07/22/2026-00:36:09] [TRT] [V] Constructing optimization profile number 1 [2/2].
[07/22/2026-00:36:09] [TRT] [V] Applying generic optimizations to the graph for inference.
[07/22/2026-00:36:09] [TRT] [V] Reserving memory for host IO tensors. Host: 0 bytes
[07/22/2026-00:36:09] [TRT] [V] =============== Computing costs for {ForeignNode[node_conv2d...ONNXTRT_castHelper_9]} [profile 1]
[07/22/2026-00:36:09] [TRT] [V] ForeignNode {ForeignNode[node_conv2d...ONNXTRT_castHelper_9]} [profile 1] metadata: [ONNX Layer: node_conv2d][ONNX Layer: node_relu][ONNX Layer: node_max_pool2d][ONNX Layer: node_conv2d_1][ONNX Layer: node_relu_1][ONNX Layer: node_max_pool2d_1][ONNX Layer: node_view][ONNX Layer: node_linear][ONNX Layer: node_relu_2][ONNX Layer: node_linear_1][ONNX Layer: node_softmax][ONNX Layer: node_argmax]
[07/22/2026-00:36:09] [TRT] [V] *************** Autotuning format combination: Float(784,784,28,1) -> Float(10,1), Int64(1) ***************
[07/22/2026-00:36:09] [TRT] [V] --------------- Timing Runner: {ForeignNode[node_conv2d...ONNXTRT_castHelper_9]} [profile 1] (Myelin[0x80000023])
[07/22/2026-00:36:09] [TRT] [V]  (foreignNode) Set user's cuda kernel library
[07/22/2026-00:36:09] [TRT] [V]  (foreignNode) Using legacy CPU-only mode.
[07/22/2026-00:36:09] [TRT] [V] Subgraph compilation completed in 0.467 seconds.
[07/22/2026-00:36:09] [TRT] [V] Tactic: 0x0000000000000000 Time: 0
[07/22/2026-00:36:09] [TRT] [V] {ForeignNode[node_conv2d...ONNXTRT_castHelper_9]} [profile 1] (Myelin[0x80000023]) profiling completed in 0.473993 seconds. Fastest Tactic: 0x0000000000000000 Time: 0
[07/22/2026-00:36:09] [TRT] [V] >>>>>>>>>>>>>>> Chose Runner Type: Myelin Tactic: 0x0000000000000000
[07/22/2026-00:36:09] [TRT] [V] =============== Computing reformatting costs for available format set
[07/22/2026-00:36:09] [TRT] [V] =============== Computing reformatting costs for available format set
[07/22/2026-00:36:09] [TRT] [V] =============== Computing reformatting costs for available format set
[07/22/2026-00:36:09] [TRT] [V] Formats and tactics selection completed in 0.478547 seconds.
[07/22/2026-00:36:09] [TRT] [V] After reformat layers: 1 layers
[07/22/2026-00:36:09] [TRT] [V] Total number of blocks in pre-optimized block assignment: 1
[07/22/2026-00:36:09] [TRT] [I] Detected 1 inputs and 2 output network tensors.
[07/22/2026-00:36:09] [TRT] [V] Layer: {ForeignNode[node_conv2d...ONNXTRT_castHelper_9]} [profile 1] Host Persistent: 80 bytes Device Persistent: 0 bytes Scratch Memory: 591872 bytes
[07/22/2026-00:36:09] [TRT] [V] Skipped printing memory information for 0 layers with 0 memory size i.e. Host Persistent + Device Persistent + Scratch Memory == 0.
[07/22/2026-00:36:09] [TRT] [I] Total Host Persistent Memory: 80 bytes
[07/22/2026-00:36:09] [TRT] [I] Total Device Persistent Memory: 0 bytes
[07/22/2026-00:36:09] [TRT] [I] Max Scratch Memory: 591872 bytes
[07/22/2026-00:36:09] [TRT] [I] [BlockAssignment] Started assigning block shifts. This will take 1 steps to complete.
[07/22/2026-00:36:09] [TRT] [I] [BlockAssignment] Algorithm ShiftNTopDown took 0.004301ms to assign 1 blocks to 1 nodes requiring 591872 bytes.
[07/22/2026-00:36:09] [TRT] [V] Total number of blocks in optimized block assignment: 1
[07/22/2026-00:36:09] [TRT] [I] Total Activation Memory: 591872 bytes
[07/22/2026-00:36:09] [TRT] [I] Total Weights Memory: 13098880 bytes
[07/22/2026-00:36:09] [TRT] [V] Total number of generated kernels selected for the engine: 0
[07/22/2026-00:36:09] [TRT] [I] Compiler backend is used during engine execution.
[07/22/2026-00:36:09] [TRT] [V] Disabling unused tactic source: EDGE_MASK_CONVOLUTIONS
[07/22/2026-00:36:09] [TRT] [V] Disabling unused tactic source: JIT_CONVOLUTIONS
[07/22/2026-00:36:09] [TRT] [I] Engine generation completed in 5.39884 seconds.
[07/22/2026-00:36:09] [TRT] [V] Layers:
Name: __mye362_0_myl0_0, LayerType: shape_call, Inputs: [], Constants: [], Outputs: [], TacticName: , StreamId: 0, Metadata: 
Name: __myl_Move_myl0_1, LayerType: kgen, Inputs: [ { Name: x, Dimensions: [-1,1,28,28], Strides: [784,784,28,1], StrideOrder: [3,2,1,0], Datatype: Float, Format: (Linear) Row major linear format }], Constants: [], Outputs: [ { Name: relu.1_10_myl0, Dimensions: [-1,1,28,28], Strides: [784,1,28,1], StrideOrder: [3,0,2,1], Datatype: Float, Format: (NHWC) Channel major format }], TacticName: __myl_Move_0x577797b3ba1207c8ffcccc0ec5f0ab96, StreamId: 0, Metadata: 
Name: node_conv2d_myl0_2, LayerType: correlation, Inputs: [ { Name: relu.1_10_myl0, Dimensions: [-1,1,28,28], Strides: [784,1,28,1], StrideOrder: [3,0,2,1], Datatype: Float, Format: (NHWC) Channel major format }], Constants: [ { Name: __mye1098dconst_myl0, Dimensions: [32,1,5,5], Strides: [25,1,5,1], StrideOrder: [3,0,2,1], Datatype: Float, Format: (NHWC) Channel major format }, { Name: __mye1710_const_myl0, Dimensions: [1], Strides: [1], StrideOrder: [0], Datatype: Float, Format: (Linear) Row major linear format }, { Name: __mye1714_const_myl0, Dimensions: [1], Strides: [1], StrideOrder: [0], Datatype: Float, Format: (Linear) Row major linear format }, { Name: __mye1103dconst_myl0, Dimensions: [1,32,1,1], Strides: [32,1,32,32], StrideOrder: [3,0,2,1], Datatype: Float, Format: (NHWC) Channel major format }], Outputs: [ { Name: max_pool2d.1_11_myl0, Dimensions: [-1,32,28,28], Strides: [25088,1,896,32], StrideOrder: [3,0,2,1], Datatype: Float, Format: (NHWC) Channel major format }], TacticName: sm80_xmma_fprop_implicit_gemm_indexed_wo_smem_f32f32_tf32f32_f32_nhwckrsc_nhwc_tilesize128x16x32_stage1_warpsize4x1x1_g1_tensor16x8x8_aligna4_alignc8, StreamId: 0, Metadata: [ONNX Layer: node_conv2d][ONNX Layer: node_relu]
Name: node_max_pool2d_myl0_3, LayerType: maxpool, Inputs: [ { Name: max_pool2d.1_11_myl0, Dimensions: [-1,32,28,28], Strides: [25088,1,896,32], StrideOrder: [3,0,2,1], Datatype: Float, Format: (NHWC) Channel major format }], Constants: [], Outputs: [ { Name: relu_1.1_12_myl0, Dimensions: [-1,32,14,14], Strides: [6272,1,448,32], StrideOrder: [3,0,2,1], Datatype: Float, Format: (NHWC) Channel major format }], TacticName: sm50_xmma_pooling_max_nhwc_FP32FP32_WINDOWSIZE_0_PROPAGATE_NAN_3D, StreamId: 0, Metadata: [ONNX Layer: node_max_pool2d]
Name: node_conv2d_1_myl0_4, LayerType: correlation, Inputs: [ { Name: relu_1.1_12_myl0, Dimensions: [-1,32,14,14], Strides: [6272,1,448,32], StrideOrder: [3,0,2,1], Datatype: Float, Format: (NHWC) Channel major format }], Constants: [ { Name: __mye1108dconst_myl0, Dimensions: [64,32,5,5], Strides: [800,1,160,32], StrideOrder: [3,0,2,1], Datatype: Float, Format: (NHWC) Channel major format }, { Name: __mye1710_const_myl0, Dimensions: [1], Strides: [1], StrideOrder: [0], Datatype: Float, Format: (Linear) Row major linear format }, { Name: __mye1714_const_myl0, Dimensions: [1], Strides: [1], StrideOrder: [0], Datatype: Float, Format: (Linear) Row major linear format }, { Name: __mye1113dconst_myl0, Dimensions: [1,64,1,1], Strides: [64,1,64,64], StrideOrder: [3,0,2,1], Datatype: Float, Format: (NHWC) Channel major format }], Outputs: [ { Name: max_pool2d_1.1_13_myl0, Dimensions: [-1,64,14,14], Strides: [12544,1,896,64], StrideOrder: [3,0,2,1], Datatype: Float, Format: (NHWC) Channel major format }], TacticName: cutlass3x_sm100_tensorop_s128x128x8tf32implicit_gemm_fprop_f32_f32_f32_f32_f32_f32_128x128x32_dyn_cga_ndhwc_ndhwc_ndhwc_align4_2sm_relu_valpha_vbeta, StreamId: 0, Metadata: [ONNX Layer: node_conv2d_1][ONNX Layer: node_relu_1]
Name: node_max_pool2d_1_myl0_5, LayerType: maxpool, Inputs: [ { Name: max_pool2d_1.1_13_myl0, Dimensions: [-1,64,14,14], Strides: [12544,1,896,64], StrideOrder: [3,0,2,1], Datatype: Float, Format: (NHWC) Channel major format }], Constants: [], Outputs: [ { Name: __myln_k_arg__bb1_14_myl0, Dimensions: [-1,64,7,7], Strides: [3136,1,448,64], StrideOrder: [3,0,2,1], Datatype: Float, Format: (NHWC) Channel major format }], TacticName: sm50_xmma_pooling_max_nhwc_FP32FP32_WINDOWSIZE_0_PROPAGATE_NAN_3D, StreamId: 0, Metadata: [ONNX Layer: node_max_pool2d_1]
Name: __myl_Resh_myl0_6, LayerType: kgen, Inputs: [ { Name: __myln_k_arg__bb1_14_myl0, Dimensions: [-1,64,7,7], Strides: [3136,1,448,64], StrideOrder: [3,0,2,1], Datatype: Float, Format: (NHWC) Channel major format }], Constants: [], Outputs: [ { Name: relu_2.1_15_myl0, Dimensions: [-1,3136], Strides: [3136,1], StrideOrder: [1,0], Datatype: Float, Format: (Linear) Row major linear format }], TacticName: __myl_Resh_0x1834707268909cab3dd6827d211c8dc5, StreamId: 0, Metadata: [ONNX Layer: node_view]
Name: node_linear_myl0_7, LayerType: gemm, Inputs: [ { Name: relu_2.1_15_myl0, Dimensions: [-1,3136], Strides: [3136,1], StrideOrder: [1,0], Datatype: Float, Format: (Linear) Row major linear format }], Constants: [ { Name: gemm1.weight_constantFloat_myl0, Dimensions: [3136,1024], Strides: [1,3136], StrideOrder: [0,1], Datatype: Float, Format: (Transposed) Transposed format }, { Name: __mye919node_linear_alpha_myl0, Dimensions: [1], Strides: [1], StrideOrder: [0], Datatype: Float, Format: (Linear) Row major linear format }, { Name: __mye920node_linear_beta_myl0, Dimensions: [1], Strides: [1], StrideOrder: [0], Datatype: Float, Format: (Linear) Row major linear format }, { Name: gemm1.bias + ONNXTRT_Broadcast_constantFloat_myl0, Dimensions: [1,1024], Strides: [1024,1], StrideOrder: [1,0], Datatype: Float, Format: (Linear) Row major linear format }], Outputs: [ { Name: y.1_16_myl0, Dimensions: [-1,1024], Strides: [1024,1], StrideOrder: [1,0], Datatype: Float, Format: (Linear) Row major linear format }], TacticName: sm80_xmma_gemm_f32f32_tf32f32_f32_tn_n_tilesize32x32x64_stage3_warpsize2x1x2_tensor16x8x8, StreamId: 0, Metadata: [ONNX Layer: node_linear][ONNX Layer: node_relu_2]
Name: node_linear_1_2_myl0_8, LayerType: gemm, Inputs: [ { Name: y.1_16_myl0, Dimensions: [-1,1024], Strides: [1024,1], StrideOrder: [1,0], Datatype: Float, Format: (Linear) Row major linear format }], Constants: [ { Name: gemm2.weight_constantFloat_myl0, Dimensions: [1024,10], Strides: [1,1024], StrideOrder: [0,1], Datatype: Float, Format: (Transposed) Transposed format }, { Name: __mye933node_linear_1_2_alpha_myl0, Dimensions: [1], Strides: [1], StrideOrder: [0], Datatype: Float, Format: (Linear) Row major linear format }, { Name: __mye934node_linear_1_2_beta_myl0, Dimensions: [1], Strides: [1], StrideOrder: [0], Datatype: Float, Format: (Linear) Row major linear format }, { Name: gemm2.bias + ONNXTRT_Broadcast_4_constantFloat_myl0, Dimensions: [1,10], Strides: [10,1], StrideOrder: [1,0], Datatype: Float, Format: (Linear) Row major linear format }], Outputs: [ { Name: y, Dimensions: [-1,10], Strides: [10,1], StrideOrder: [1,0], Datatype: Float, Format: (Linear) Row major linear format }], TacticName: sm80_xmma_gemm_f32f32_tf32f32_f32_tn_n_tilesize32x32x64_stage3_warpsize2x2x1_tensor16x8x8_aligna4_alignc4, StreamId: 0, Metadata: [ONNX Layer: node_linear_1]
Name: __myl_MaxrSubExpSum_myl0_9, LayerType: kgen, Inputs: [ { Name: y, Dimensions: [-1,10], Strides: [10,1], StrideOrder: [1,0], Datatype: Float, Format: (Linear) Row major linear format }, { Name: y, Dimensions: [-1,10], Strides: [10,1], StrideOrder: [1,0], Datatype: Float, Format: (Linear) Row major linear format }], Constants: [], Outputs: [ { Name: __myln_k_arg__bb1_19_myl0, Dimensions: [-1,1], Strides: [1,1], StrideOrder: [1,0], Datatype: Float, Format: (Linear) Row major linear format }, { Name: __myln_k_arg__bb1_18_myl0, Dimensions: [-1,10], Strides: [10,1], StrideOrder: [1,0], Datatype: Float, Format: (Linear) Row major linear format }], TacticName: __myl_MaxrSubExpSum_0x9b491439b1ec4f930b7aee6b500a5b14, StreamId: 0, Metadata: [ONNX Layer: node_softmax]
Name: __myl_DivMulTopk_myl0_10, LayerType: kgen, Inputs: [ { Name: __myln_k_arg__bb1_19_myl0, Dimensions: [-1,1], Strides: [1,1], StrideOrder: [1,0], Datatype: Float, Format: (Linear) Row major linear format }, { Name: __myln_k_arg__bb1_18_myl0, Dimensions: [-1,10], Strides: [10,1], StrideOrder: [1,0], Datatype: Float, Format: (Linear) Row major linear format }], Constants: [], Outputs: [ { Name: node_argmax_output.1_myl0, Dimensions: [-1,1], Strides: [1,1], StrideOrder: [1,0], Datatype: Float, Format: (Linear) Row major linear format }, { Name: __myln_k_arg__bb1_21_myl0, Dimensions: [-1,1], Strides: [1,1], StrideOrder: [1,0], Datatype: Int32, Format: (Linear) Row major linear format }], TacticName: __myl_DivMulTopk_0xee468d6d5d0eef640a7efbe5612661da, StreamId: 0, Metadata: [ONNX Layer: node_softmax][ONNX Layer: node_argmax]
Name: __myl_CastReshCast_myl0_11, LayerType: kgen, Inputs: [ { Name: __myln_k_arg__bb1_21_myl0, Dimensions: [-1,1], Strides: [1,1], StrideOrder: [1,0], Datatype: Int32, Format: (Linear) Row major linear format }], Constants: [], Outputs: [ { Name: z, Dimensions: [-1], Strides: [1], StrideOrder: [0], Datatype: Int64, Format: (Linear) Row major linear format }], TacticName: __myl_CastReshCast_0x7e556c1fcf49ff5863fbd50ee9d770ed, StreamId: 0, Metadata: 
Name: __mye362_0_myl1_0, LayerType: shape_call, Inputs: [], Constants: [], Outputs: [], TacticName: , StreamId: 0, Metadata: 
Name: __myl_Move_myl1_1, LayerType: kgen, Inputs: [ { Name: x [profile 1], Dimensions: [-1,1,28,28], Strides: [784,784,28,1], StrideOrder: [3,2,1,0], Datatype: Float, Format: (Linear) Row major linear format }], Constants: [], Outputs: [ { Name: relu [profile 1].1_10_myl1, Dimensions: [-1,1,28,28], Strides: [784,1,28,1], StrideOrder: [3,0,2,1], Datatype: Float, Format: (NHWC) Channel major format }], TacticName: __myl_Move_0x577797b3ba1207c8ffcccc0ec5f0ab96, StreamId: 0, Metadata: 
Name: node_conv2d [profile 1]_myl1_2, LayerType: correlation, Inputs: [ { Name: relu [profile 1].1_10_myl1, Dimensions: [-1,1,28,28], Strides: [784,1,28,1], StrideOrder: [3,0,2,1], Datatype: Float, Format: (NHWC) Channel major format }], Constants: [ { Name: __mye1077dconst_myl1, Dimensions: [32,1,5,5], Strides: [25,1,5,1], StrideOrder: [3,0,2,1], Datatype: Float, Format: (NHWC) Channel major format }, { Name: __mye1689_const_myl1, Dimensions: [1], Strides: [1], StrideOrder: [0], Datatype: Float, Format: (Linear) Row major linear format }, { Name: __mye1693_const_myl1, Dimensions: [1], Strides: [1], StrideOrder: [0], Datatype: Float, Format: (Linear) Row major linear format }, { Name: __mye1082dconst_myl1, Dimensions: [1,32,1,1], Strides: [32,1,32,32], StrideOrder: [3,0,2,1], Datatype: Float, Format: (NHWC) Channel major format }], Outputs: [ { Name: max_pool2d [profile 1].1_11_myl1, Dimensions: [-1,32,28,28], Strides: [25088,1,896,32], StrideOrder: [3,0,2,1], Datatype: Float, Format: (NHWC) Channel major format }], TacticName: sm80_xmma_fprop_implicit_gemm_indexed_wo_smem_f32f32_tf32f32_f32_nhwckrsc_nhwc_tilesize128x16x32_stage1_warpsize4x1x1_g1_tensor16x8x8_aligna4_alignc8, StreamId: 0, Metadata: [ONNX Layer: node_conv2d][ONNX Layer: node_relu]
Name: node_max_pool2d [profile 1]_myl1_3, LayerType: maxpool, Inputs: [ { Name: max_pool2d [profile 1].1_11_myl1, Dimensions: [-1,32,28,28], Strides: [25088,1,896,32], StrideOrder: [3,0,2,1], Datatype: Float, Format: (NHWC) Channel major format }], Constants: [], Outputs: [ { Name: relu_1 [profile 1].1_12_myl1, Dimensions: [-1,32,14,14], Strides: [6272,1,448,32], StrideOrder: [3,0,2,1], Datatype: Float, Format: (NHWC) Channel major format }], TacticName: sm50_xmma_pooling_max_nhwc_FP32FP32_WINDOWSIZE_0_PROPAGATE_NAN_3D, StreamId: 0, Metadata: [ONNX Layer: node_max_pool2d]
Name: node_conv2d_1 [profile 1]_myl1_4, LayerType: correlation, Inputs: [ { Name: relu_1 [profile 1].1_12_myl1, Dimensions: [-1,32,14,14], Strides: [6272,1,448,32], StrideOrder: [3,0,2,1], Datatype: Float, Format: (NHWC) Channel major format }], Constants: [ { Name: __mye1087dconst_myl1, Dimensions: [64,32,5,5], Strides: [800,1,160,32], StrideOrder: [3,0,2,1], Datatype: Float, Format: (NHWC) Channel major format }, { Name: __mye1689_const_myl1, Dimensions: [1], Strides: [1], StrideOrder: [0], Datatype: Float, Format: (Linear) Row major linear format }, { Name: __mye1693_const_myl1, Dimensions: [1], Strides: [1], StrideOrder: [0], Datatype: Float, Format: (Linear) Row major linear format }, { Name: __mye1092dconst_myl1, Dimensions: [1,64,1,1], Strides: [64,1,64,64], StrideOrder: [3,0,2,1], Datatype: Float, Format: (NHWC) Channel major format }], Outputs: [ { Name: max_pool2d_1 [profile 1].1_13_myl1, Dimensions: [-1,64,14,14], Strides: [12544,1,896,64], StrideOrder: [3,0,2,1], Datatype: Float, Format: (NHWC) Channel major format }], TacticName: cutlass3x_sm100_tensorop_s128x128x8tf32implicit_gemm_fprop_f32_f32_f32_f32_f32_f32_128x128x32_dyn_cga_ndhwc_ndhwc_ndhwc_align4_2sm_relu_valpha_vbeta, StreamId: 0, Metadata: [ONNX Layer: node_conv2d_1][ONNX Layer: node_relu_1]
Name: node_max_pool2d_1 [profile 1]_myl1_5, LayerType: maxpool, Inputs: [ { Name: max_pool2d_1 [profile 1].1_13_myl1, Dimensions: [-1,64,14,14], Strides: [12544,1,896,64], StrideOrder: [3,0,2,1], Datatype: Float, Format: (NHWC) Channel major format }], Constants: [], Outputs: [ { Name: __myln_k_arg__bb1_14_myl1, Dimensions: [-1,64,7,7], Strides: [3136,1,448,64], StrideOrder: [3,0,2,1], Datatype: Float, Format: (NHWC) Channel major format }], TacticName: sm50_xmma_pooling_max_nhwc_FP32FP32_WINDOWSIZE_0_PROPAGATE_NAN_3D, StreamId: 0, Metadata: [ONNX Layer: node_max_pool2d_1]
Name: __myl_Resh_myl1_6, LayerType: kgen, Inputs: [ { Name: __myln_k_arg__bb1_14_myl1, Dimensions: [-1,64,7,7], Strides: [3136,1,448,64], StrideOrder: [3,0,2,1], Datatype: Float, Format: (NHWC) Channel major format }], Constants: [], Outputs: [ { Name: relu_2 [profile 1].1_15_myl1, Dimensions: [-1,3136], Strides: [3136,1], StrideOrder: [1,0], Datatype: Float, Format: (Linear) Row major linear format }], TacticName: __myl_Resh_0x1834707268909cab3dd6827d211c8dc5, StreamId: 0, Metadata: [ONNX Layer: node_view]
Name: node_linear [profile 1]_myl1_7, LayerType: gemm, Inputs: [ { Name: relu_2 [profile 1].1_15_myl1, Dimensions: [-1,3136], Strides: [3136,1], StrideOrder: [1,0], Datatype: Float, Format: (Linear) Row major linear format }], Constants: [ { Name: gemm1.weight_constantFloat_myl1, Dimensions: [3136,1024], Strides: [1,3136], StrideOrder: [0,1], Datatype: Float, Format: (Transposed) Transposed format }, { Name: __mye919node_linear [profile 1]_alpha_myl1, Dimensions: [1], Strides: [1], StrideOrder: [0], Datatype: Float, Format: (Linear) Row major linear format }, { Name: __mye920node_linear [profile 1]_beta_myl1, Dimensions: [1], Strides: [1], StrideOrder: [0], Datatype: Float, Format: (Linear) Row major linear format }, { Name: gemm1.bias + ONNXTRT_Broadcast_constantFloat_myl1, Dimensions: [1,1024], Strides: [1024,1], StrideOrder: [1,0], Datatype: Float, Format: (Linear) Row major linear format }], Outputs: [ { Name: y [profile 1].1_16_myl1, Dimensions: [-1,1024], Strides: [1024,1], StrideOrder: [1,0], Datatype: Float, Format: (Linear) Row major linear format }], TacticName: sm80_xmma_gemm_f32f32_tf32f32_f32_tn_n_tilesize32x32x64_stage3_warpsize2x1x2_tensor16x8x8, StreamId: 0, Metadata: [ONNX Layer: node_linear][ONNX Layer: node_relu_2]
Name: node_linear_1_2 [profile 1]_myl1_8, LayerType: gemm, Inputs: [ { Name: y [profile 1].1_16_myl1, Dimensions: [-1,1024], Strides: [1024,1], StrideOrder: [1,0], Datatype: Float, Format: (Linear) Row major linear format }], Constants: [ { Name: gemm2.weight_constantFloat_myl1, Dimensions: [1024,10], Strides: [1,1024], StrideOrder: [0,1], Datatype: Float, Format: (Transposed) Transposed format }, { Name: __mye933node_linear_1_2 [profile 1]_alpha_myl1, Dimensions: [1], Strides: [1], StrideOrder: [0], Datatype: Float, Format: (Linear) Row major linear format }, { Name: __mye934node_linear_1_2 [profile 1]_beta_myl1, Dimensions: [1], Strides: [1], StrideOrder: [0], Datatype: Float, Format: (Linear) Row major linear format }, { Name: gemm2.bias + ONNXTRT_Broadcast_4_constantFloat_myl1, Dimensions: [1,10], Strides: [10,1], StrideOrder: [1,0], Datatype: Float, Format: (Linear) Row major linear format }], Outputs: [ { Name: y [profile 1], Dimensions: [-1,10], Strides: [10,1], StrideOrder: [1,0], Datatype: Float, Format: (Linear) Row major linear format }], TacticName: sm80_xmma_gemm_f32f32_tf32f32_f32_tn_n_tilesize32x32x64_stage3_warpsize2x2x1_tensor16x8x8_aligna4_alignc4, StreamId: 0, Metadata: [ONNX Layer: node_linear_1]
Name: __myl_MaxrSubExpSum_myl1_9, LayerType: kgen, Inputs: [ { Name: y [profile 1], Dimensions: [-1,10], Strides: [10,1], StrideOrder: [1,0], Datatype: Float, Format: (Linear) Row major linear format }, { Name: y [profile 1], Dimensions: [-1,10], Strides: [10,1], StrideOrder: [1,0], Datatype: Float, Format: (Linear) Row major linear format }], Constants: [], Outputs: [ { Name: __myln_k_arg__bb1_19_myl1, Dimensions: [-1,1], Strides: [1,1], StrideOrder: [1,0], Datatype: Float, Format: (Linear) Row major linear format }, { Name: __myln_k_arg__bb1_18_myl1, Dimensions: [-1,10], Strides: [10,1], StrideOrder: [1,0], Datatype: Float, Format: (Linear) Row major linear format }], TacticName: __myl_MaxrSubExpSum_0x9b491439b1ec4f930b7aee6b500a5b14, StreamId: 0, Metadata: [ONNX Layer: node_softmax]
Name: __myl_DivMulTopk_myl1_10, LayerType: kgen, Inputs: [ { Name: __myln_k_arg__bb1_19_myl1, Dimensions: [-1,1], Strides: [1,1], StrideOrder: [1,0], Datatype: Float, Format: (Linear) Row major linear format }, { Name: __myln_k_arg__bb1_18_myl1, Dimensions: [-1,10], Strides: [10,1], StrideOrder: [1,0], Datatype: Float, Format: (Linear) Row major linear format }], Constants: [], Outputs: [ { Name: node_argmax_output [profile 1].1_myl1, Dimensions: [-1,1], Strides: [1,1], StrideOrder: [1,0], Datatype: Float, Format: (Linear) Row major linear format }, { Name: __myln_k_arg__bb1_21_myl1, Dimensions: [-1,1], Strides: [1,1], StrideOrder: [1,0], Datatype: Int32, Format: (Linear) Row major linear format }], TacticName: __myl_DivMulTopk_0xee468d6d5d0eef640a7efbe5612661da, StreamId: 0, Metadata: [ONNX Layer: node_softmax][ONNX Layer: node_argmax]
Name: __myl_CastReshCast_myl1_11, LayerType: kgen, Inputs: [ { Name: __myln_k_arg__bb1_21_myl1, Dimensions: [-1,1], Strides: [1,1], StrideOrder: [1,0], Datatype: Int32, Format: (Linear) Row major linear format }], Constants: [], Outputs: [ { Name: z [profile 1], Dimensions: [-1], Strides: [1], StrideOrder: [0], Datatype: Int64, Format: (Linear) Row major linear format }], TacticName: __myl_CastReshCast_0x7e556c1fcf49ff5863fbd50ee9d770ed, StreamId: 0, Metadata: 

I/O Tensors:
 Name: x, IOMode: Input, DataType: Float, Dimensions: [-1,1,28,28], Location: Device, IsShapeInferenceIO: false, ProfileInfo: [ { MinShape: [1,1,28,28], OptShape: [2,1,28,28], MaxShape: [4,1,28,28], Format: Row major linear FP32 format (kLINEAR) }, { MinShape: [1,1,28,28], OptShape: [2,1,28,28], MaxShape: [4,1,28,28], Format: Row major linear FP32 format (kLINEAR) }]
 Name: y, IOMode: Output, DataType: Float, Dimensions: [-1,10], Location: Device, IsShapeInferenceIO: false, ProfileInfo: [ { Format: Row major linear FP32 format (kLINEAR) }, { Format: Row major linear FP32 format (kLINEAR) }]
 Name: z, IOMode: Output, DataType: Int64, Dimensions: [-1], Location: Device, IsShapeInferenceIO: false, ProfileInfo: [ { Format: Row major linear INT64 format (kLINEAR) }, { Format: Row major linear INT64 format (kLINEAR) }]
[07/22/2026-00:36:09] [TRT] [I] [MemUsageStats] Peak memory usage of TRT CPU/GPU memory allocators: CPU 0 MiB, GPU 13 MiB
[07/22/2026-00:36:09] [TRT] [V] Adding 1 engine(s) to plan file.
[07/22/2026-00:36:09] [TRT] [V] Adding 1 engine weights(s) to plan file.
[07/22/2026-00:36:09] [TRT] [I] Loaded engine size: 12 MiB
[07/22/2026-00:36:09] [TRT] [V] Deserialization required 983 microseconds.
[07/22/2026-00:36:09] [TRT] [V] Total per-runner device persistent memory is 0
[07/22/2026-00:36:09] [TRT] [V] Total per-runner host persistent memory is 160
[07/22/2026-00:36:09] [TRT] [V] Allocated device scratch memory of size 591872
[07/22/2026-00:36:09] [TRT] [V] - Runner scratch: 591872 bytes
[07/22/2026-00:36:09] [TRT] [I] [MemUsageChange] TensorRT-managed allocation in IExecutionContext creation: CPU +0, GPU +1, now: CPU 0, GPU 13 (MiB)
[07/22/2026-00:36:09] [TRT] [V] CUDA lazy loading is enabled.
[07/22/2026-00:36:09] [TRT] [W] Using default stream in enqueueV3() may lead to performance issues due to additional calls to cudaStreamSynchronize() by TensorRT to ensure correct synchronization. Please use non-default stream instead.
Members of tensorrt.tensorrt.ProfilingVerbosity:
 0 -> LAYER_NAMES_ONLY
 2 -> DETAILED
 1 -> NONE
============================== Start [case_normal,(<ProfilingVerbosity.LAYER_NAMES_ONLY: 0>,),{}]
Input ->DataType.FLOAT, (-1, 1, 28, 28), (1, 1, 28, 28), x
Output->DataType.FLOAT, (-1, 10), (1, 10), y
Output->DataType.INT64, (-1,), (1,), z
x
[[[[  0.   1.   2.   3.   4.   5.   6.   7.   8.   9.  10.  11.  12.
     13.  14.  15.  16.  17.  18.  19.  20.  21.  22.  23.  24.  25.
     26.  27.]
   [ 28.  29.  30.  31.  32.  33.  34.  35.  36.  37.  38.  39.  40.
     41.  42.  43.  44.  45.  46.  47.  48.  49.  50.  51.  52.  53.
     54.  55.]
   [ 56.  57.  58.  59.  60.  61.  62.  63.  64.  65.  66.  67.  68.
     69.  70.  71.  72.  73.  74.  75.  76.  77.  78.  79.  80.  81.
     82.  83.]
   [ 84.  85.  86.  87.  88.  89.  90.  91.  92.  93.  94.  95.  96.
     97.  98.  99. 100. 101. 102. 103. 104. 105. 106. 107. 108. 109.
    110. 111.]
   [112. 113. 114. 115. 116. 117. 118. 119. 120. 121. 122. 123. 124.
    125. 126. 127. 128. 129. 130. 131. 132. 133. 134. 135. 136. 137.
    138. 139.]
   [140. 141. 142. 143. 144. 145. 146. 147. 148. 149. 150. 151. 152.
    153. 154. 155. 156. 157. 158. 159. 160. 161. 162. 163. 164. 165.
    166. 167.]
   [168. 169. 170. 171. 172. 173. 174. 175. 176. 177. 178. 179. 180.
    181. 182. 183. 184. 185. 186. 187. 188. 189. 190. 191. 192. 193.
    194. 195.]
   [196. 197. 198. 199. 200. 201. 202. 203. 204. 205. 206. 207. 208.
    209. 210. 211. 212. 213. 214. 215. 216. 217. 218. 219. 220. 221.
    222. 223.]
   [224. 225. 226. 227. 228. 229. 230. 231. 232. 233. 234. 235. 236.
    237. 238. 239. 240. 241. 242. 243. 244. 245. 246. 247. 248. 249.
    250. 251.]
   [252. 253. 254. 255. 256. 257. 258. 259. 260. 261. 262. 263. 264.
    265. 266. 267. 268. 269. 270. 271. 272. 273. 274. 275. 276. 277.
    278. 279.]
   [280. 281. 282. 283. 284. 285. 286. 287. 288. 289. 290. 291. 292.
    293. 294. 295. 296. 297. 298. 299. 300. 301. 302. 303. 304. 305.
    306. 307.]
   [308. 309. 310. 311. 312. 313. 314. 315. 316. 317. 318. 319. 320.
    321. 322. 323. 324. 325. 326. 327. 328. 329. 330. 331. 332. 333.
    334. 335.]
   [336. 337. 338. 339. 340. 341. 342. 343. 344. 345. 346. 347. 348.
    349. 350. 351. 352. 353. 354. 355. 356. 357. 358. 359. 360. 361.
    362. 363.]
   [364. 365. 366. 367. 368. 369. 370. 371. 372. 373. 374. 375. 376.
    377. 378. 379. 380. 381. 382. 383. 384. 385. 386. 387. 388. 389.
    390. 391.]
   [392. 393. 394. 395. 396. 397. 398. 399. 400. 401. 402. 403. 404.
    405. 406. 407. 408. 409. 410. 411. 412. 413. 414. 415. 416. 417.
    418. 419.]
   [420. 421. 422. 423. 424. 425. 426. 427. 428. 429. 430. 431. 432.
    433. 434. 435. 436. 437. 438. 439. 440. 441. 442. 443. 444. 445.
    446. 447.]
   [448. 449. 450. 451. 452. 453. 454. 455. 456. 457. 458. 459. 460.
    461. 462. 463. 464. 465. 466. 467. 468. 469. 470. 471. 472. 473.
    474. 475.]
   [476. 477. 478. 479. 480. 481. 482. 483. 484. 485. 486. 487. 488.
    489. 490. 491. 492. 493. 494. 495. 496. 497. 498. 499. 500. 501.
    502. 503.]
   [504. 505. 506. 507. 508. 509. 510. 511. 512. 513. 514. 515. 516.
    517. 518. 519. 520. 521. 522. 523. 524. 525. 526. 527. 528. 529.
    530. 531.]
   [532. 533. 534. 535. 536. 537. 538. 539. 540. 541. 542. 543. 544.
    545. 546. 547. 548. 549. 550. 551. 552. 553. 554. 555. 556. 557.
    558. 559.]
   [560. 561. 562. 563. 564. 565. 566. 567. 568. 569. 570. 571. 572.
    573. 574. 575. 576. 577. 578. 579. 580. 581. 582. 583. 584. 585.
    586. 587.]
   [588. 589. 590. 591. 592. 593. 594. 595. 596. 597. 598. 599. 600.
    601. 602. 603. 604. 605. 606. 607. 608. 609. 610. 611. 612. 613.
    614. 615.]
   [616. 617. 618. 619. 620. 621. 622. 623. 624. 625. 626. 627. 628.
    629. 630. 631. 632. 633. 634. 635. 636. 637. 638. 639. 640. 641.
    642. 643.]
   [644. 645. 646. 647. 648. 649. 650. 651. 652. 653. 654. 655. 656.
    657. 658. 659. 660. 661. 662. 663. 664. 665. 666. 667. 668. 669.
    670. 671.]
   [672. 673. 674. 675. 676. 677. 678. 679. 680. 681. 682. 683. 684.
    685. 686. 687. 688. 689. 690. 691. 692. 693. 694. 695. 696. 697.
    698. 699.]
   [700. 701. 702. 703. 704. 705. 706. 707. 708. 709. 710. 711. 712.
    713. 714. 715. 716. 717. 718. 719. 720. 721. 722. 723. 724. 725.
    726. 727.]
   [728. 729. 730. 731. 732. 733. 734. 735. 736. 737. 738. 739. 740.
    741. 742. 743. 744. 745. 746. 747. 748. 749. 750. 751. 752. 753.
    754. 755.]
   [756. 757. 758. 759. 760. 761. 762. 763. 764. 765. 766. 767. 768.
    769. 770. 771. 772. 773. 774. 775. 776. 777. 778. 779. 780. 781.
    782. 783.]]]]
y
[[-6.3556724  4.7427907 -1.9508718 14.140237  -4.72968    2.090025
  -8.2020035  4.801577   1.0997524 -4.409055 ]]
z
[3]
============================== End   [case_normal]
============================== Start [case_normal,(<ProfilingVerbosity.NONE: 1>,),{}]
Input ->DataType.FLOAT, (-1, 1, 28, 28), (1, 1, 28, 28), x
Output->DataType.FLOAT, (-1, 10), (1, 10), y
Output->DataType.INT64, (-1,), (1,), z
x
[[[[  0.   1.   2.   3.   4.   5.   6.   7.   8.   9.  10.  11.  12.
     13.  14.  15.  16.  17.  18.  19.  20.  21.  22.  23.  24.  25.
     26.  27.]
   [ 28.  29.  30.  31.  32.  33.  34.  35.  36.  37.  38.  39.  40.
     41.  42.  43.  44.  45.  46.  47.  48.  49.  50.  51.  52.  53.
     54.  55.]
   [ 56.  57.  58.  59.  60.  61.  62.  63.  64.  65.  66.  67.  68.
     69.  70.  71.  72.  73.  74.  75.  76.  77.  78.  79.  80.  81.
     82.  83.]
   [ 84.  85.  86.  87.  88.  89.  90.  91.  92.  93.  94.  95.  96.
     97.  98.  99. 100. 101. 102. 103. 104. 105. 106. 107. 108. 109.
    110. 111.]
   [112. 113. 114. 115. 116. 117. 118. 119. 120. 121. 122. 123. 124.
    125. 126. 127. 128. 129. 130. 131. 132. 133. 134. 135. 136. 137.
    138. 139.]
   [140. 141. 142. 143. 144. 145. 146. 147. 148. 149. 150. 151. 152.
    153. 154. 155. 156. 157. 158. 159. 160. 161. 162. 163. 164. 165.
    166. 167.]
   [168. 169. 170. 171. 172. 173. 174. 175. 176. 177. 178. 179. 180.
    181. 182. 183. 184. 185. 186. 187. 188. 189. 190. 191. 192. 193.
    194. 195.]
   [196. 197. 198. 199. 200. 201. 202. 203. 204. 205. 206. 207. 208.
    209. 210. 211. 212. 213. 214. 215. 216. 217. 218. 219. 220. 221.
    222. 223.]
   [224. 225. 226. 227. 228. 229. 230. 231. 232. 233. 234. 235. 236.
    237. 238. 239. 240. 241. 242. 243. 244. 245. 246. 247. 248. 249.
    250. 251.]
   [252. 253. 254. 255. 256. 257. 258. 259. 260. 261. 262. 263. 264.
    265. 266. 267. 268. 269. 270. 271. 272. 273. 274. 275. 276. 277.
    278. 279.]
   [280. 281. 282. 283. 284. 285. 286. 287. 288. 289. 290. 291. 292.
    293. 294. 295. 296. 297. 298. 299. 300. 301. 302. 303. 304. 305.
    306. 307.]
   [308. 309. 310. 311. 312. 313. 314. 315. 316. 317. 318. 319. 320.
    321. 322. 323. 324. 325. 326. 327. 328. 329. 330. 331. 332. 333.
    334. 335.]
   [336. 337. 338. 339. 340. 341. 342. 343. 344. 345. 346. 347. 348.
    349. 350. 351. 352. 353. 354. 355. 356. 357. 358. 359. 360. 361.
    362. 363.]
   [364. 365. 366. 367. 368. 369. 370. 371. 372. 373. 374. 375. 376.
    377. 378. 379. 380. 381. 382. 383. 384. 385. 386. 387. 388. 389.
    390. 391.]
   [392. 393. 394. 395. 396. 397. 398. 399. 400. 401. 402. 403. 404.
    405. 406. 407. 408. 409. 410. 411. 412. 413. 414. 415. 416. 417.
    418. 419.]
   [420. 421. 422. 423. 424. 425. 426. 427. 428. 429. 430. 431. 432.
    433. 434. 435. 436. 437. 438. 439. 440. 441. 442. 443. 444. 445.
    446. 447.]
   [448. 449. 450. 451. 452. 453. 454. 455. 456. 457. 458. 459. 460.
    461. 462. 463. 464. 465. 466. 467. 468. 469. 470. 471. 472. 473.
    474. 475.]
   [476. 477. 478. 479. 480. 481. 482. 483. 484. 485. 486. 487. 488.
    489. 490. 491. 492. 493. 494. 495. 496. 497. 498. 499. 500. 501.
    502. 503.]
   [504. 505. 506. 507. 508. 509. 510. 511. 512. 513. 514. 515. 516.
    517. 518. 519. 520. 521. 522. 523. 524. 525. 526. 527. 528. 529.
    530. 531.]
   [532. 533. 534. 535. 536. 537. 538. 539. 540. 541. 542. 543. 544.
    545. 546. 547. 548. 549. 550. 551. 552. 553. 554. 555. 556. 557.
    558. 559.]
   [560. 561. 562. 563. 564. 565. 566. 567. 568. 569. 570. 571. 572.
    573. 574. 575. 576. 577. 578. 579. 580. 581. 582. 583. 584. 585.
    586. 587.]
   [588. 589. 590. 591. 592. 593. 594. 595. 596. 597. 598. 599. 600.
    601. 602. 603. 604. 605. 606. 607. 608. 609. 610. 611. 612. 613.
    614. 615.]
   [616. 617. 618. 619. 620. 621. 622. 623. 624. 625. 626. 627. 628.
    629. 630. 631. 632. 633. 634. 635. 636. 637. 638. 639. 640. 641.
    642. 643.]
   [644. 645. 646. 647. 648. 649. 650. 651. 652. 653. 654. 655. 656.
    657. 658. 659. 660. 661. 662. 663. 664. 665. 666. 667. 668. 669.
    670. 671.]
   [672. 673. 674. 675. 676. 677. 678. 679. 680. 681. 682. 683. 684.
    685. 686. 687. 688. 689. 690. 691. 692. 693. 694. 695. 696. 697.
    698. 699.]
   [700. 701. 702. 703. 704. 705. 706. 707. 708. 709. 710. 711. 712.
    713. 714. 715. 716. 717. 718. 719. 720. 721. 722. 723. 724. 725.
    726. 727.]
   [728. 729. 730. 731. 732. 733. 734. 735. 736. 737. 738. 739. 740.
    741. 742. 743. 744. 745. 746. 747. 748. 749. 750. 751. 752. 753.
    754. 755.]
   [756. 757. 758. 759. 760. 761. 762. 763. 764. 765. 766. 767. 768.
    769. 770. 771. 772. 773. 774. 775. 776. 777. 778. 779. 780. 781.
    782. 783.]]]]
y
[[-6.3556724  4.7427907 -1.9508718 14.140237  -4.72968    2.090025
  -8.2020035  4.801577   1.0997524 -4.409055 ]]
z
[3]
============================== End   [case_normal]
============================== Start [case_normal,(<ProfilingVerbosity.DETAILED: 2>,),{}]
Input ->DataType.FLOAT, (-1, 1, 28, 28), (1, 1, 28, 28), x
Output->DataType.FLOAT, (-1, 10), (1, 10), y
Output->DataType.INT64, (-1,), (1,), z
x
[[[[  0.   1.   2.   3.   4.   5.   6.   7.   8.   9.  10.  11.  12.
     13.  14.  15.  16.  17.  18.  19.  20.  21.  22.  23.  24.  25.
     26.  27.]
   [ 28.  29.  30.  31.  32.  33.  34.  35.  36.  37.  38.  39.  40.
     41.  42.  43.  44.  45.  46.  47.  48.  49.  50.  51.  52.  53.
     54.  55.]
   [ 56.  57.  58.  59.  60.  61.  62.  63.  64.  65.  66.  67.  68.
     69.  70.  71.  72.  73.  74.  75.  76.  77.  78.  79.  80.  81.
     82.  83.]
   [ 84.  85.  86.  87.  88.  89.  90.  91.  92.  93.  94.  95.  96.
     97.  98.  99. 100. 101. 102. 103. 104. 105. 106. 107. 108. 109.
    110. 111.]
   [112. 113. 114. 115. 116. 117. 118. 119. 120. 121. 122. 123. 124.
    125. 126. 127. 128. 129. 130. 131. 132. 133. 134. 135. 136. 137.
    138. 139.]
   [140. 141. 142. 143. 144. 145. 146. 147. 148. 149. 150. 151. 152.
    153. 154. 155. 156. 157. 158. 159. 160. 161. 162. 163. 164. 165.
    166. 167.]
   [168. 169. 170. 171. 172. 173. 174. 175. 176. 177. 178. 179. 180.
    181. 182. 183. 184. 185. 186. 187. 188. 189. 190. 191. 192. 193.
    194. 195.]
   [196. 197. 198. 199. 200. 201. 202. 203. 204. 205. 206. 207. 208.
    209. 210. 211. 212. 213. 214. 215. 216. 217. 218. 219. 220. 221.
    222. 223.]
   [224. 225. 226. 227. 228. 229. 230. 231. 232. 233. 234. 235. 236.
    237. 238. 239. 240. 241. 242. 243. 244. 245. 246. 247. 248. 249.
    250. 251.]
   [252. 253. 254. 255. 256. 257. 258. 259. 260. 261. 262. 263. 264.
    265. 266. 267. 268. 269. 270. 271. 272. 273. 274. 275. 276. 277.
    278. 279.]
   [280. 281. 282. 283. 284. 285. 286. 287. 288. 289. 290. 291. 292.
    293. 294. 295. 296. 297. 298. 299. 300. 301. 302. 303. 304. 305.
    306. 307.]
   [308. 309. 310. 311. 312. 313. 314. 315. 316. 317. 318. 319. 320.
    321. 322. 323. 324. 325. 326. 327. 328. 329. 330. 331. 332. 333.
    334. 335.]
   [336. 337. 338. 339. 340. 341. 342. 343. 344. 345. 346. 347. 348.
    349. 350. 351. 352. 353. 354. 355. 356. 357. 358. 359. 360. 361.
    362. 363.]
   [364. 365. 366. 367. 368. 369. 370. 371. 372. 373. 374. 375. 376.
    377. 378. 379. 380. 381. 382. 383. 384. 385. 386. 387. 388. 389.
    390. 391.]
   [392. 393. 394. 395. 396. 397. 398. 399. 400. 401. 402. 403. 404.
    405. 406. 407. 408. 409. 410. 411. 412. 413. 414. 415. 416. 417.
    418. 419.]
   [420. 421. 422. 423. 424. 425. 426. 427. 428. 429. 430. 431. 432.
    433. 434. 435. 436. 437. 438. 439. 440. 441. 442. 443. 444. 445.
    446. 447.]
   [448. 449. 450. 451. 452. 453. 454. 455. 456. 457. 458. 459. 460.
    461. 462. 463. 464. 465. 466. 467. 468. 469. 470. 471. 472. 473.
    474. 475.]
   [476. 477. 478. 479. 480. 481. 482. 483. 484. 485. 486. 487. 488.
    489. 490. 491. 492. 493. 494. 495. 496. 497. 498. 499. 500. 501.
    502. 503.]
   [504. 505. 506. 507. 508. 509. 510. 511. 512. 513. 514. 515. 516.
    517. 518. 519. 520. 521. 522. 523. 524. 525. 526. 527. 528. 529.
    530. 531.]
   [532. 533. 534. 535. 536. 537. 538. 539. 540. 541. 542. 543. 544.
    545. 546. 547. 548. 549. 550. 551. 552. 553. 554. 555. 556. 557.
    558. 559.]
   [560. 561. 562. 563. 564. 565. 566. 567. 568. 569. 570. 571. 572.
    573. 574. 575. 576. 577. 578. 579. 580. 581. 582. 583. 584. 585.
    586. 587.]
   [588. 589. 590. 591. 592. 593. 594. 595. 596. 597. 598. 599. 600.
    601. 602. 603. 604. 605. 606. 607. 608. 609. 610. 611. 612. 613.
    614. 615.]
   [616. 617. 618. 619. 620. 621. 622. 623. 624. 625. 626. 627. 628.
    629. 630. 631. 632. 633. 634. 635. 636. 637. 638. 639. 640. 641.
    642. 643.]
   [644. 645. 646. 647. 648. 649. 650. 651. 652. 653. 654. 655. 656.
    657. 658. 659. 660. 661. 662. 663. 664. 665. 666. 667. 668. 669.
    670. 671.]
   [672. 673. 674. 675. 676. 677. 678. 679. 680. 681. 682. 683. 684.
    685. 686. 687. 688. 689. 690. 691. 692. 693. 694. 695. 696. 697.
    698. 699.]
   [700. 701. 702. 703. 704. 705. 706. 707. 708. 709. 710. 711. 712.
    713. 714. 715. 716. 717. 718. 719. 720. 721. 722. 723. 724. 725.
    726. 727.]
   [728. 729. 730. 731. 732. 733. 734. 735. 736. 737. 738. 739. 740.
    741. 742. 743. 744. 745. 746. 747. 748. 749. 750. 751. 752. 753.
    754. 755.]
   [756. 757. 758. 759. 760. 761. 762. 763. 764. 765. 766. 767. 768.
    769. 770. 771. 772. 773. 774. 775. 776. 777. 778. 779. 780. 781.
    782. 783.]]]]
y
[[-6.3556724  4.7427907 -1.9508718 14.140237  -4.72968    2.090025
  -8.2020035  4.801577   1.0997524 -4.409055 ]]
z
[3]
============================== End   [case_normal]
Finish
